/*
 Navicat Premium Data Transfer

 Source Server         : Lusifer
 Source Server Type    : MySQL
 Source Server Version : 50734
 Source Host           : 183.136.177.230:8081
 Source Schema         : crm

 Target Server Type    : MySQL
 Target Server Version : 50734
 File Encoding         : 65001

 Date: 04/08/2021 14:06:27
*/

SET NAMES utf8mb4;
SET FOREIGN_KEY_CHECKS = 0;

-- ----------------------------
-- Table structure for QRTZ_BLOB_TRIGGERS
-- ----------------------------
DROP TABLE IF EXISTS `QRTZ_BLOB_TRIGGERS`;
CREATE TABLE `QRTZ_BLOB_TRIGGERS`  (
  `sched_name` varchar(120) CHARACTER SET utf8mb4 COLLATE utf8mb4_general_ci NOT NULL,
  `trigger_name` varchar(200) CHARACTER SET utf8mb4 COLLATE utf8mb4_general_ci NOT NULL,
  `trigger_group` varchar(200) CHARACTER SET utf8mb4 COLLATE utf8mb4_general_ci NOT NULL,
  `blob_data` blob NULL,
  PRIMARY KEY (`sched_name`, `trigger_name`, `trigger_group`) USING BTREE,
  CONSTRAINT `QRTZ_BLOB_TRIGGERS_ibfk_1` FOREIGN KEY (`sched_name`, `trigger_name`, `trigger_group`) REFERENCES `QRTZ_TRIGGERS` (`sched_name`, `trigger_name`, `trigger_group`) ON DELETE RESTRICT ON UPDATE RESTRICT
) ENGINE = InnoDB CHARACTER SET = utf8mb4 COLLATE = utf8mb4_general_ci ROW_FORMAT = Dynamic;

-- ----------------------------
-- Records of QRTZ_BLOB_TRIGGERS
-- ----------------------------

-- ----------------------------
-- Table structure for QRTZ_CALENDARS
-- ----------------------------
DROP TABLE IF EXISTS `QRTZ_CALENDARS`;
CREATE TABLE `QRTZ_CALENDARS`  (
  `sched_name` varchar(120) CHARACTER SET utf8mb4 COLLATE utf8mb4_general_ci NOT NULL,
  `calendar_name` varchar(200) CHARACTER SET utf8mb4 COLLATE utf8mb4_general_ci NOT NULL,
  `calendar` blob NOT NULL,
  PRIMARY KEY (`sched_name`, `calendar_name`) USING BTREE
) ENGINE = InnoDB CHARACTER SET = utf8mb4 COLLATE = utf8mb4_general_ci ROW_FORMAT = Dynamic;

-- ----------------------------
-- Records of QRTZ_CALENDARS
-- ----------------------------

-- ----------------------------
-- Table structure for QRTZ_CRON_TRIGGERS
-- ----------------------------
DROP TABLE IF EXISTS `QRTZ_CRON_TRIGGERS`;
CREATE TABLE `QRTZ_CRON_TRIGGERS`  (
  `sched_name` varchar(120) CHARACTER SET utf8mb4 COLLATE utf8mb4_general_ci NOT NULL,
  `trigger_name` varchar(200) CHARACTER SET utf8mb4 COLLATE utf8mb4_general_ci NOT NULL,
  `trigger_group` varchar(200) CHARACTER SET utf8mb4 COLLATE utf8mb4_general_ci NOT NULL,
  `cron_expression` varchar(200) CHARACTER SET utf8mb4 COLLATE utf8mb4_general_ci NOT NULL,
  `time_zone_id` varchar(80) CHARACTER SET utf8mb4 COLLATE utf8mb4_general_ci NULL DEFAULT NULL,
  PRIMARY KEY (`sched_name`, `trigger_name`, `trigger_group`) USING BTREE,
  CONSTRAINT `QRTZ_CRON_TRIGGERS_ibfk_1` FOREIGN KEY (`sched_name`, `trigger_name`, `trigger_group`) REFERENCES `QRTZ_TRIGGERS` (`sched_name`, `trigger_name`, `trigger_group`) ON DELETE RESTRICT ON UPDATE RESTRICT
) ENGINE = InnoDB CHARACTER SET = utf8mb4 COLLATE = utf8mb4_general_ci ROW_FORMAT = Dynamic;

-- ----------------------------
-- Records of QRTZ_CRON_TRIGGERS
-- ----------------------------
INSERT INTO `QRTZ_CRON_TRIGGERS` VALUES ('LusiferScheduler', 'TASK_CLASS_NAME1', 'DEFAULT', '0/10 * * * * ?', 'Asia/Shanghai');
INSERT INTO `QRTZ_CRON_TRIGGERS` VALUES ('LusiferScheduler', 'TASK_CLASS_NAME2', 'DEFAULT', '0/15 * * * * ?', 'Asia/Shanghai');
INSERT INTO `QRTZ_CRON_TRIGGERS` VALUES ('LusiferScheduler', 'TASK_CLASS_NAME3', 'DEFAULT', '0/20 * * * * ?', 'Asia/Shanghai');

-- ----------------------------
-- Table structure for QRTZ_FIRED_TRIGGERS
-- ----------------------------
DROP TABLE IF EXISTS `QRTZ_FIRED_TRIGGERS`;
CREATE TABLE `QRTZ_FIRED_TRIGGERS`  (
  `sched_name` varchar(120) CHARACTER SET utf8mb4 COLLATE utf8mb4_general_ci NOT NULL,
  `entry_id` varchar(95) CHARACTER SET utf8mb4 COLLATE utf8mb4_general_ci NOT NULL,
  `trigger_name` varchar(200) CHARACTER SET utf8mb4 COLLATE utf8mb4_general_ci NOT NULL,
  `trigger_group` varchar(200) CHARACTER SET utf8mb4 COLLATE utf8mb4_general_ci NOT NULL,
  `instance_name` varchar(200) CHARACTER SET utf8mb4 COLLATE utf8mb4_general_ci NOT NULL,
  `fired_time` bigint(13) NOT NULL,
  `sched_time` bigint(13) NOT NULL,
  `priority` int(11) NOT NULL,
  `state` varchar(16) CHARACTER SET utf8mb4 COLLATE utf8mb4_general_ci NOT NULL,
  `job_name` varchar(200) CHARACTER SET utf8mb4 COLLATE utf8mb4_general_ci NULL DEFAULT NULL,
  `job_group` varchar(200) CHARACTER SET utf8mb4 COLLATE utf8mb4_general_ci NULL DEFAULT NULL,
  `is_nonconcurrent` varchar(1) CHARACTER SET utf8mb4 COLLATE utf8mb4_general_ci NULL DEFAULT NULL,
  `requests_recovery` varchar(1) CHARACTER SET utf8mb4 COLLATE utf8mb4_general_ci NULL DEFAULT NULL,
  PRIMARY KEY (`sched_name`, `entry_id`) USING BTREE
) ENGINE = InnoDB CHARACTER SET = utf8mb4 COLLATE = utf8mb4_general_ci ROW_FORMAT = Dynamic;

-- ----------------------------
-- Records of QRTZ_FIRED_TRIGGERS
-- ----------------------------

-- ----------------------------
-- Table structure for QRTZ_JOB_DETAILS
-- ----------------------------
DROP TABLE IF EXISTS `QRTZ_JOB_DETAILS`;
CREATE TABLE `QRTZ_JOB_DETAILS`  (
  `sched_name` varchar(120) CHARACTER SET utf8mb4 COLLATE utf8mb4_general_ci NOT NULL,
  `job_name` varchar(200) CHARACTER SET utf8mb4 COLLATE utf8mb4_general_ci NOT NULL,
  `job_group` varchar(200) CHARACTER SET utf8mb4 COLLATE utf8mb4_general_ci NOT NULL,
  `description` varchar(250) CHARACTER SET utf8mb4 COLLATE utf8mb4_general_ci NULL DEFAULT NULL,
  `job_class_name` varchar(250) CHARACTER SET utf8mb4 COLLATE utf8mb4_general_ci NOT NULL,
  `is_durable` varchar(1) CHARACTER SET utf8mb4 COLLATE utf8mb4_general_ci NOT NULL,
  `is_nonconcurrent` varchar(1) CHARACTER SET utf8mb4 COLLATE utf8mb4_general_ci NOT NULL,
  `is_update_data` varchar(1) CHARACTER SET utf8mb4 COLLATE utf8mb4_general_ci NOT NULL,
  `requests_recovery` varchar(1) CHARACTER SET utf8mb4 COLLATE utf8mb4_general_ci NOT NULL,
  `job_data` blob NULL,
  PRIMARY KEY (`sched_name`, `job_name`, `job_group`) USING BTREE
) ENGINE = InnoDB CHARACTER SET = utf8mb4 COLLATE = utf8mb4_general_ci ROW_FORMAT = Dynamic;

-- ----------------------------
-- Records of QRTZ_JOB_DETAILS
-- ----------------------------
INSERT INTO `QRTZ_JOB_DETAILS` VALUES ('LusiferScheduler', 'TASK_CLASS_NAME1', 'DEFAULT', NULL, 'com.xy.quartz.util.QuartzDisallowConcurrentExecution', '0', '1', '0', '0', 0xACED0005737200156F72672E71756172747A2E4A6F62446174614D61709FB083E8BFA9B0CB020000787200266F72672E71756172747A2E7574696C732E537472696E674B65794469727479466C61674D61708208E8C3FBC55D280200015A0013616C6C6F77735472616E7369656E74446174617872001D6F72672E71756172747A2E7574696C732E4469727479466C61674D617013E62EAD28760ACE0200025A000564697274794C00036D617074000F4C6A6176612F7574696C2F4D61703B787001737200116A6176612E7574696C2E486173684D61700507DAC1C31660D103000246000A6C6F6164466163746F724900097468726573686F6C6478703F4000000000000C7708000000100000000174000F5441534B5F50524F504552544945537372001B636F6D2E78792E71756172747A2E646F6D61696E2E5379734A6F6200000000000000010200084C000A636F6E63757272656E747400124C6A6176612F6C616E672F537472696E673B4C000E63726F6E45787072657373696F6E71007E00094C000C696E766F6B6554617267657471007E00094C00086A6F6247726F757071007E00094C00056A6F6249647400104C6A6176612F6C616E672F4C6F6E673B4C00076A6F624E616D6571007E00094C000D6D697366697265506F6C69637971007E00094C000673746174757371007E000978720024636F6D2E78792E636F6D6D6F6E2E636F72652E646F6D61696E2E42617365456E7469747900000000000000010200074C0008637265617465427971007E00094C000A63726561746554696D657400104C6A6176612F7574696C2F446174653B4C0006706172616D7371007E00034C000672656D61726B71007E00094C000B73656172636856616C756571007E00094C0008757064617465427971007E00094C000A75706461746554696D6571007E000C787074000561646D696E7372000E6A6176612E7574696C2E44617465686A81014B597419030000787077080000017AED2F398878707400007070707400013174000E302F3130202A202A202A202A203F74001172795461736B2E72794E6F506172616D7374000744454641554C547372000E6A6176612E6C616E672E4C6F6E673B8BE490CC8F23DF0200014A000576616C7565787200106A6176612E6C616E672E4E756D62657286AC951D0B94E08B02000078700000000000000001740018E7B3BBE7BB9FE9BB98E8AEA4EFBC88E697A0E58F82EFBC8974000133740001317800);
INSERT INTO `QRTZ_JOB_DETAILS` VALUES ('LusiferScheduler', 'TASK_CLASS_NAME2', 'DEFAULT', NULL, 'com.xy.quartz.util.QuartzDisallowConcurrentExecution', '0', '1', '0', '0', 0xACED0005737200156F72672E71756172747A2E4A6F62446174614D61709FB083E8BFA9B0CB020000787200266F72672E71756172747A2E7574696C732E537472696E674B65794469727479466C61674D61708208E8C3FBC55D280200015A0013616C6C6F77735472616E7369656E74446174617872001D6F72672E71756172747A2E7574696C732E4469727479466C61674D617013E62EAD28760ACE0200025A000564697274794C00036D617074000F4C6A6176612F7574696C2F4D61703B787001737200116A6176612E7574696C2E486173684D61700507DAC1C31660D103000246000A6C6F6164466163746F724900097468726573686F6C6478703F4000000000000C7708000000100000000174000F5441534B5F50524F504552544945537372001B636F6D2E78792E71756172747A2E646F6D61696E2E5379734A6F6200000000000000010200084C000A636F6E63757272656E747400124C6A6176612F6C616E672F537472696E673B4C000E63726F6E45787072657373696F6E71007E00094C000C696E766F6B6554617267657471007E00094C00086A6F6247726F757071007E00094C00056A6F6249647400104C6A6176612F6C616E672F4C6F6E673B4C00076A6F624E616D6571007E00094C000D6D697366697265506F6C69637971007E00094C000673746174757371007E000978720024636F6D2E78792E636F6D6D6F6E2E636F72652E646F6D61696E2E42617365456E7469747900000000000000010200074C0008637265617465427971007E00094C000A63726561746554696D657400104C6A6176612F7574696C2F446174653B4C0006706172616D7371007E00034C000672656D61726B71007E00094C000B73656172636856616C756571007E00094C0008757064617465427971007E00094C000A75706461746554696D6571007E000C787074000561646D696E7372000E6A6176612E7574696C2E44617465686A81014B597419030000787077080000017AED2F398878707400007070707400013174000E302F3135202A202A202A202A203F74001572795461736B2E7279506172616D7328277279272974000744454641554C547372000E6A6176612E6C616E672E4C6F6E673B8BE490CC8F23DF0200014A000576616C7565787200106A6176612E6C616E672E4E756D62657286AC951D0B94E08B02000078700000000000000002740018E7B3BBE7BB9FE9BB98E8AEA4EFBC88E69C89E58F82EFBC8974000133740001317800);
INSERT INTO `QRTZ_JOB_DETAILS` VALUES ('LusiferScheduler', 'TASK_CLASS_NAME3', 'DEFAULT', NULL, 'com.xy.quartz.util.QuartzDisallowConcurrentExecution', '0', '1', '0', '0', 0xACED0005737200156F72672E71756172747A2E4A6F62446174614D61709FB083E8BFA9B0CB020000787200266F72672E71756172747A2E7574696C732E537472696E674B65794469727479466C61674D61708208E8C3FBC55D280200015A0013616C6C6F77735472616E7369656E74446174617872001D6F72672E71756172747A2E7574696C732E4469727479466C61674D617013E62EAD28760ACE0200025A000564697274794C00036D617074000F4C6A6176612F7574696C2F4D61703B787001737200116A6176612E7574696C2E486173684D61700507DAC1C31660D103000246000A6C6F6164466163746F724900097468726573686F6C6478703F4000000000000C7708000000100000000174000F5441534B5F50524F504552544945537372001B636F6D2E78792E71756172747A2E646F6D61696E2E5379734A6F6200000000000000010200084C000A636F6E63757272656E747400124C6A6176612F6C616E672F537472696E673B4C000E63726F6E45787072657373696F6E71007E00094C000C696E766F6B6554617267657471007E00094C00086A6F6247726F757071007E00094C00056A6F6249647400104C6A6176612F6C616E672F4C6F6E673B4C00076A6F624E616D6571007E00094C000D6D697366697265506F6C69637971007E00094C000673746174757371007E000978720024636F6D2E78792E636F6D6D6F6E2E636F72652E646F6D61696E2E42617365456E7469747900000000000000010200074C0008637265617465427971007E00094C000A63726561746554696D657400104C6A6176612F7574696C2F446174653B4C0006706172616D7371007E00034C000672656D61726B71007E00094C000B73656172636856616C756571007E00094C0008757064617465427971007E00094C000A75706461746554696D6571007E000C787074000561646D696E7372000E6A6176612E7574696C2E44617465686A81014B597419030000787077080000017AED2F398878707400007070707400013174000E302F3230202A202A202A202A203F74003872795461736B2E72794D756C7469706C65506172616D7328277279272C20747275652C20323030304C2C203331362E3530442C203130302974000744454641554C547372000E6A6176612E6C616E672E4C6F6E673B8BE490CC8F23DF0200014A000576616C7565787200106A6176612E6C616E672E4E756D62657286AC951D0B94E08B02000078700000000000000003740018E7B3BBE7BB9FE9BB98E8AEA4EFBC88E5A49AE58F82EFBC8974000133740001317800);

-- ----------------------------
-- Table structure for QRTZ_LOCKS
-- ----------------------------
DROP TABLE IF EXISTS `QRTZ_LOCKS`;
CREATE TABLE `QRTZ_LOCKS`  (
  `sched_name` varchar(120) CHARACTER SET utf8mb4 COLLATE utf8mb4_general_ci NOT NULL,
  `lock_name` varchar(40) CHARACTER SET utf8mb4 COLLATE utf8mb4_general_ci NOT NULL,
  PRIMARY KEY (`sched_name`, `lock_name`) USING BTREE
) ENGINE = InnoDB CHARACTER SET = utf8mb4 COLLATE = utf8mb4_general_ci ROW_FORMAT = Dynamic;

-- ----------------------------
-- Records of QRTZ_LOCKS
-- ----------------------------
INSERT INTO `QRTZ_LOCKS` VALUES ('LusiferScheduler', 'STATE_ACCESS');
INSERT INTO `QRTZ_LOCKS` VALUES ('LusiferScheduler', 'TRIGGER_ACCESS');

-- ----------------------------
-- Table structure for QRTZ_PAUSED_TRIGGER_GRPS
-- ----------------------------
DROP TABLE IF EXISTS `QRTZ_PAUSED_TRIGGER_GRPS`;
CREATE TABLE `QRTZ_PAUSED_TRIGGER_GRPS`  (
  `sched_name` varchar(120) CHARACTER SET utf8mb4 COLLATE utf8mb4_general_ci NOT NULL,
  `trigger_group` varchar(200) CHARACTER SET utf8mb4 COLLATE utf8mb4_general_ci NOT NULL,
  PRIMARY KEY (`sched_name`, `trigger_group`) USING BTREE
) ENGINE = InnoDB CHARACTER SET = utf8mb4 COLLATE = utf8mb4_general_ci ROW_FORMAT = Dynamic;

-- ----------------------------
-- Records of QRTZ_PAUSED_TRIGGER_GRPS
-- ----------------------------

-- ----------------------------
-- Table structure for QRTZ_SCHEDULER_STATE
-- ----------------------------
DROP TABLE IF EXISTS `QRTZ_SCHEDULER_STATE`;
CREATE TABLE `QRTZ_SCHEDULER_STATE`  (
  `sched_name` varchar(120) CHARACTER SET utf8mb4 COLLATE utf8mb4_general_ci NOT NULL,
  `instance_name` varchar(200) CHARACTER SET utf8mb4 COLLATE utf8mb4_general_ci NOT NULL,
  `last_checkin_time` bigint(13) NOT NULL,
  `checkin_interval` bigint(13) NOT NULL,
  PRIMARY KEY (`sched_name`, `instance_name`) USING BTREE
) ENGINE = InnoDB CHARACTER SET = utf8mb4 COLLATE = utf8mb4_general_ci ROW_FORMAT = Dynamic;

-- ----------------------------
-- Records of QRTZ_SCHEDULER_STATE
-- ----------------------------
INSERT INTO `QRTZ_SCHEDULER_STATE` VALUES ('LusiferScheduler', 'lusifer1628055818056', 1628057172964, 15000);

-- ----------------------------
-- Table structure for QRTZ_SIMPLE_TRIGGERS
-- ----------------------------
DROP TABLE IF EXISTS `QRTZ_SIMPLE_TRIGGERS`;
CREATE TABLE `QRTZ_SIMPLE_TRIGGERS`  (
  `sched_name` varchar(120) CHARACTER SET utf8mb4 COLLATE utf8mb4_general_ci NOT NULL,
  `trigger_name` varchar(200) CHARACTER SET utf8mb4 COLLATE utf8mb4_general_ci NOT NULL,
  `trigger_group` varchar(200) CHARACTER SET utf8mb4 COLLATE utf8mb4_general_ci NOT NULL,
  `repeat_count` bigint(7) NOT NULL,
  `repeat_interval` bigint(12) NOT NULL,
  `times_triggered` bigint(10) NOT NULL,
  PRIMARY KEY (`sched_name`, `trigger_name`, `trigger_group`) USING BTREE,
  CONSTRAINT `QRTZ_SIMPLE_TRIGGERS_ibfk_1` FOREIGN KEY (`sched_name`, `trigger_name`, `trigger_group`) REFERENCES `QRTZ_TRIGGERS` (`sched_name`, `trigger_name`, `trigger_group`) ON DELETE RESTRICT ON UPDATE RESTRICT
) ENGINE = InnoDB CHARACTER SET = utf8mb4 COLLATE = utf8mb4_general_ci ROW_FORMAT = Dynamic;

-- ----------------------------
-- Records of QRTZ_SIMPLE_TRIGGERS
-- ----------------------------

-- ----------------------------
-- Table structure for QRTZ_SIMPROP_TRIGGERS
-- ----------------------------
DROP TABLE IF EXISTS `QRTZ_SIMPROP_TRIGGERS`;
CREATE TABLE `QRTZ_SIMPROP_TRIGGERS`  (
  `sched_name` varchar(120) CHARACTER SET utf8mb4 COLLATE utf8mb4_general_ci NOT NULL,
  `trigger_name` varchar(200) CHARACTER SET utf8mb4 COLLATE utf8mb4_general_ci NOT NULL,
  `trigger_group` varchar(200) CHARACTER SET utf8mb4 COLLATE utf8mb4_general_ci NOT NULL,
  `str_prop_1` varchar(512) CHARACTER SET utf8mb4 COLLATE utf8mb4_general_ci NULL DEFAULT NULL,
  `str_prop_2` varchar(512) CHARACTER SET utf8mb4 COLLATE utf8mb4_general_ci NULL DEFAULT NULL,
  `str_prop_3` varchar(512) CHARACTER SET utf8mb4 COLLATE utf8mb4_general_ci NULL DEFAULT NULL,
  `int_prop_1` int(11) NULL DEFAULT NULL,
  `int_prop_2` int(11) NULL DEFAULT NULL,
  `long_prop_1` bigint(20) NULL DEFAULT NULL,
  `long_prop_2` bigint(20) NULL DEFAULT NULL,
  `dec_prop_1` decimal(13, 4) NULL DEFAULT NULL,
  `dec_prop_2` decimal(13, 4) NULL DEFAULT NULL,
  `bool_prop_1` varchar(1) CHARACTER SET utf8mb4 COLLATE utf8mb4_general_ci NULL DEFAULT NULL,
  `bool_prop_2` varchar(1) CHARACTER SET utf8mb4 COLLATE utf8mb4_general_ci NULL DEFAULT NULL,
  PRIMARY KEY (`sched_name`, `trigger_name`, `trigger_group`) USING BTREE,
  CONSTRAINT `QRTZ_SIMPROP_TRIGGERS_ibfk_1` FOREIGN KEY (`sched_name`, `trigger_name`, `trigger_group`) REFERENCES `QRTZ_TRIGGERS` (`sched_name`, `trigger_name`, `trigger_group`) ON DELETE RESTRICT ON UPDATE RESTRICT
) ENGINE = InnoDB CHARACTER SET = utf8mb4 COLLATE = utf8mb4_general_ci ROW_FORMAT = Dynamic;

-- ----------------------------
-- Records of QRTZ_SIMPROP_TRIGGERS
-- ----------------------------

-- ----------------------------
-- Table structure for QRTZ_TRIGGERS
-- ----------------------------
DROP TABLE IF EXISTS `QRTZ_TRIGGERS`;
CREATE TABLE `QRTZ_TRIGGERS`  (
  `sched_name` varchar(120) CHARACTER SET utf8mb4 COLLATE utf8mb4_general_ci NOT NULL,
  `trigger_name` varchar(200) CHARACTER SET utf8mb4 COLLATE utf8mb4_general_ci NOT NULL,
  `trigger_group` varchar(200) CHARACTER SET utf8mb4 COLLATE utf8mb4_general_ci NOT NULL,
  `job_name` varchar(200) CHARACTER SET utf8mb4 COLLATE utf8mb4_general_ci NOT NULL,
  `job_group` varchar(200) CHARACTER SET utf8mb4 COLLATE utf8mb4_general_ci NOT NULL,
  `description` varchar(250) CHARACTER SET utf8mb4 COLLATE utf8mb4_general_ci NULL DEFAULT NULL,
  `next_fire_time` bigint(13) NULL DEFAULT NULL,
  `prev_fire_time` bigint(13) NULL DEFAULT NULL,
  `priority` int(11) NULL DEFAULT NULL,
  `trigger_state` varchar(16) CHARACTER SET utf8mb4 COLLATE utf8mb4_general_ci NOT NULL,
  `trigger_type` varchar(8) CHARACTER SET utf8mb4 COLLATE utf8mb4_general_ci NOT NULL,
  `start_time` bigint(13) NOT NULL,
  `end_time` bigint(13) NULL DEFAULT NULL,
  `calendar_name` varchar(200) CHARACTER SET utf8mb4 COLLATE utf8mb4_general_ci NULL DEFAULT NULL,
  `misfire_instr` smallint(2) NULL DEFAULT NULL,
  `job_data` blob NULL,
  PRIMARY KEY (`sched_name`, `trigger_name`, `trigger_group`) USING BTREE,
  INDEX `sched_name`(`sched_name`, `job_name`, `job_group`) USING BTREE,
  CONSTRAINT `QRTZ_TRIGGERS_ibfk_1` FOREIGN KEY (`sched_name`, `job_name`, `job_group`) REFERENCES `QRTZ_JOB_DETAILS` (`sched_name`, `job_name`, `job_group`) ON DELETE RESTRICT ON UPDATE RESTRICT
) ENGINE = InnoDB CHARACTER SET = utf8mb4 COLLATE = utf8mb4_general_ci ROW_FORMAT = Dynamic;

-- ----------------------------
-- Records of QRTZ_TRIGGERS
-- ----------------------------
INSERT INTO `QRTZ_TRIGGERS` VALUES ('LusiferScheduler', 'TASK_CLASS_NAME1', 'DEFAULT', 'TASK_CLASS_NAME1', 'DEFAULT', NULL, 1628055820000, -1, 5, 'PAUSED', 'CRON', 1628055818000, 0, NULL, 2, '');
INSERT INTO `QRTZ_TRIGGERS` VALUES ('LusiferScheduler', 'TASK_CLASS_NAME2', 'DEFAULT', 'TASK_CLASS_NAME2', 'DEFAULT', NULL, 1628055825000, -1, 5, 'PAUSED', 'CRON', 1628055818000, 0, NULL, 2, '');
INSERT INTO `QRTZ_TRIGGERS` VALUES ('LusiferScheduler', 'TASK_CLASS_NAME3', 'DEFAULT', 'TASK_CLASS_NAME3', 'DEFAULT', NULL, 1628055820000, -1, 5, 'PAUSED', 'CRON', 1628055818000, 0, NULL, 2, '');

-- ----------------------------
-- Table structure for gen_table
-- ----------------------------
DROP TABLE IF EXISTS `gen_table`;
CREATE TABLE `gen_table`  (
  `table_id` bigint(20) NOT NULL AUTO_INCREMENT COMMENT '编号',
  `table_name` varchar(200) CHARACTER SET utf8mb4 COLLATE utf8mb4_general_ci NULL DEFAULT '' COMMENT '表名称',
  `table_comment` varchar(500) CHARACTER SET utf8mb4 COLLATE utf8mb4_general_ci NULL DEFAULT '' COMMENT '表描述',
  `sub_table_name` varchar(64) CHARACTER SET utf8mb4 COLLATE utf8mb4_general_ci NULL DEFAULT NULL COMMENT '关联子表的表名',
  `sub_table_fk_name` varchar(64) CHARACTER SET utf8mb4 COLLATE utf8mb4_general_ci NULL DEFAULT NULL COMMENT '子表关联的外键名',
  `class_name` varchar(100) CHARACTER SET utf8mb4 COLLATE utf8mb4_general_ci NULL DEFAULT '' COMMENT '实体类名称',
  `tpl_category` varchar(200) CHARACTER SET utf8mb4 COLLATE utf8mb4_general_ci NULL DEFAULT 'crud' COMMENT '使用的模板（crud单表操作 tree树表操作 sub主子表操作）',
  `package_name` varchar(100) CHARACTER SET utf8mb4 COLLATE utf8mb4_general_ci NULL DEFAULT NULL COMMENT '生成包路径',
  `module_name` varchar(30) CHARACTER SET utf8mb4 COLLATE utf8mb4_general_ci NULL DEFAULT NULL COMMENT '生成模块名',
  `business_name` varchar(30) CHARACTER SET utf8mb4 COLLATE utf8mb4_general_ci NULL DEFAULT NULL COMMENT '生成业务名',
  `function_name` varchar(50) CHARACTER SET utf8mb4 COLLATE utf8mb4_general_ci NULL DEFAULT NULL COMMENT '生成功能名',
  `function_author` varchar(50) CHARACTER SET utf8mb4 COLLATE utf8mb4_general_ci NULL DEFAULT NULL COMMENT '生成功能作者',
  `gen_type` char(1) CHARACTER SET utf8mb4 COLLATE utf8mb4_general_ci NULL DEFAULT '0' COMMENT '生成代码方式（0zip压缩包 1自定义路径）',
  `gen_path` varchar(200) CHARACTER SET utf8mb4 COLLATE utf8mb4_general_ci NULL DEFAULT '/' COMMENT '生成路径（不填默认项目路径）',
  `options` varchar(1000) CHARACTER SET utf8mb4 COLLATE utf8mb4_general_ci NULL DEFAULT NULL COMMENT '其它生成选项',
  `create_by` varchar(64) CHARACTER SET utf8mb4 COLLATE utf8mb4_general_ci NULL DEFAULT '' COMMENT '创建者',
  `create_time` datetime(0) NULL DEFAULT NULL COMMENT '创建时间',
  `update_by` varchar(64) CHARACTER SET utf8mb4 COLLATE utf8mb4_general_ci NULL DEFAULT '' COMMENT '更新者',
  `update_time` datetime(0) NULL DEFAULT NULL COMMENT '更新时间',
  `remark` varchar(500) CHARACTER SET utf8mb4 COLLATE utf8mb4_general_ci NULL DEFAULT NULL COMMENT '备注',
  PRIMARY KEY (`table_id`) USING BTREE
) ENGINE = InnoDB AUTO_INCREMENT = 3 CHARACTER SET = utf8mb4 COLLATE = utf8mb4_general_ci ROW_FORMAT = Dynamic;

-- ----------------------------
-- Records of gen_table
-- ----------------------------
INSERT INTO `gen_table` VALUES (1, 't_customer', '客户表', 't_customer_contact', 'contact_id', 'TCustomer', 'sub', 'com.xy.system', 'system', 't_customer', '客户', 'lusifer', '0', '/', '{\"parentMenuId\":\"4\",\"treeName\":\"\",\"treeParentCode\":\"\",\"parentMenuName\":\"总经办-客户关系管理\",\"treeCode\":\"\"}', 'admin', '2021-07-31 21:30:35', '', '2021-08-02 16:21:19', '');
INSERT INTO `gen_table` VALUES (2, 't_customer_contact', '客户表的拜访记录表', '', NULL, 'TCustomerContact', 'crud', 'com.xy.system', 'system', 'customer_contact', '客户的拜访记录', 'lusifer', '0', '/', '{\"parentMenuId\":\"4\",\"treeName\":\"\",\"treeParentCode\":\"\",\"parentMenuName\":\"总经办-客户关系管理\",\"treeCode\":\"\"}', 'admin', '2021-08-02 15:19:35', '', '2021-08-02 15:47:43', '');

-- ----------------------------
-- Table structure for gen_table_column
-- ----------------------------
DROP TABLE IF EXISTS `gen_table_column`;
CREATE TABLE `gen_table_column`  (
  `column_id` bigint(20) NOT NULL AUTO_INCREMENT COMMENT '编号',
  `table_id` varchar(64) CHARACTER SET utf8mb4 COLLATE utf8mb4_general_ci NULL DEFAULT NULL COMMENT '归属表编号',
  `column_name` varchar(200) CHARACTER SET utf8mb4 COLLATE utf8mb4_general_ci NULL DEFAULT NULL COMMENT '列名称',
  `column_comment` varchar(500) CHARACTER SET utf8mb4 COLLATE utf8mb4_general_ci NULL DEFAULT NULL COMMENT '列描述',
  `column_type` varchar(100) CHARACTER SET utf8mb4 COLLATE utf8mb4_general_ci NULL DEFAULT NULL COMMENT '列类型',
  `java_type` varchar(500) CHARACTER SET utf8mb4 COLLATE utf8mb4_general_ci NULL DEFAULT NULL COMMENT 'JAVA类型',
  `java_field` varchar(200) CHARACTER SET utf8mb4 COLLATE utf8mb4_general_ci NULL DEFAULT NULL COMMENT 'JAVA字段名',
  `is_pk` char(1) CHARACTER SET utf8mb4 COLLATE utf8mb4_general_ci NULL DEFAULT NULL COMMENT '是否主键（1是）',
  `is_increment` char(1) CHARACTER SET utf8mb4 COLLATE utf8mb4_general_ci NULL DEFAULT NULL COMMENT '是否自增（1是）',
  `is_required` char(1) CHARACTER SET utf8mb4 COLLATE utf8mb4_general_ci NULL DEFAULT NULL COMMENT '是否必填（1是）',
  `is_insert` char(1) CHARACTER SET utf8mb4 COLLATE utf8mb4_general_ci NULL DEFAULT NULL COMMENT '是否为插入字段（1是）',
  `is_edit` char(1) CHARACTER SET utf8mb4 COLLATE utf8mb4_general_ci NULL DEFAULT NULL COMMENT '是否编辑字段（1是）',
  `is_list` char(1) CHARACTER SET utf8mb4 COLLATE utf8mb4_general_ci NULL DEFAULT NULL COMMENT '是否列表字段（1是）',
  `is_query` char(1) CHARACTER SET utf8mb4 COLLATE utf8mb4_general_ci NULL DEFAULT NULL COMMENT '是否查询字段（1是）',
  `query_type` varchar(200) CHARACTER SET utf8mb4 COLLATE utf8mb4_general_ci NULL DEFAULT 'EQ' COMMENT '查询方式（等于、不等于、大于、小于、范围）',
  `html_type` varchar(200) CHARACTER SET utf8mb4 COLLATE utf8mb4_general_ci NULL DEFAULT NULL COMMENT '显示类型（文本框、文本域、下拉框、复选框、单选框、日期控件）',
  `dict_type` varchar(200) CHARACTER SET utf8mb4 COLLATE utf8mb4_general_ci NULL DEFAULT '' COMMENT '字典类型',
  `sort` int(11) NULL DEFAULT NULL COMMENT '排序',
  `create_by` varchar(64) CHARACTER SET utf8mb4 COLLATE utf8mb4_general_ci NULL DEFAULT '' COMMENT '创建者',
  `create_time` datetime(0) NULL DEFAULT NULL COMMENT '创建时间',
  `update_by` varchar(64) CHARACTER SET utf8mb4 COLLATE utf8mb4_general_ci NULL DEFAULT '' COMMENT '更新者',
  `update_time` datetime(0) NULL DEFAULT NULL COMMENT '更新时间',
  PRIMARY KEY (`column_id`) USING BTREE
) ENGINE = InnoDB AUTO_INCREMENT = 46 CHARACTER SET = utf8mb4 COLLATE = utf8mb4_general_ci ROW_FORMAT = Dynamic;

-- ----------------------------
-- Records of gen_table_column
-- ----------------------------
INSERT INTO `gen_table_column` VALUES (1, '1', 'customer_id', '客户ID', 'bigint(20) unsigned zerofill', 'Long', 'customerId', '1', '1', NULL, '1', NULL, NULL, NULL, 'EQ', 'input', '', 1, 'admin', '2021-07-31 21:30:35', NULL, '2021-08-02 16:21:19');
INSERT INTO `gen_table_column` VALUES (2, '1', 'user_id', '商拓用户ID', 'bigint(20)', 'Long', 'userId', '0', '0', NULL, '1', '1', '1', NULL, 'EQ', 'input', '', 2, 'admin', '2021-07-31 21:30:35', NULL, '2021-08-02 16:21:19');
INSERT INTO `gen_table_column` VALUES (3, '1', 'visit_time', '拜访时间', 'datetime', 'Date', 'visitTime', '0', '0', '1', '1', '1', '1', '1', 'EQ', 'datetime', '', 3, 'admin', '2021-07-31 21:30:36', NULL, '2021-08-02 16:21:19');
INSERT INTO `gen_table_column` VALUES (4, '1', 'customer_name', '客户名称', 'varchar(30)', 'String', 'customerName', '0', '0', '1', '1', '1', '1', '1', 'LIKE', 'input', '', 4, 'admin', '2021-07-31 21:30:36', NULL, '2021-08-02 16:21:19');
INSERT INTO `gen_table_column` VALUES (5, '1', 'stores_type', '门店类型(0综合店 1连锁店 )', 'char(2)', 'String', 'storesType', '0', '0', NULL, '1', '1', '1', '1', 'EQ', 'select', 'customer_stores_type', 5, 'admin', '2021-07-31 21:30:36', NULL, '2021-08-02 16:21:19');
INSERT INTO `gen_table_column` VALUES (6, '1', 'stores_size', '门店大小(单位平方)', 'char(2)', 'String', 'storesSize', '0', '0', NULL, '1', '1', '1', '1', 'EQ', 'input', '', 6, 'admin', '2021-07-31 21:30:36', NULL, '2021-08-02 16:21:19');
INSERT INTO `gen_table_column` VALUES (7, '1', 'employees_nums', '门店员工数量(0:1-10, 1:11-20, 2:21-30,4:31-50, 5:51-100, 6:100以上)', 'char(2)', 'String', 'employeesNums', '0', '0', NULL, '1', '1', '1', '1', 'EQ', 'select', 'customer_employees_nums', 7, 'admin', '2021-07-31 21:30:36', NULL, '2021-08-02 16:21:19');
INSERT INTO `gen_table_column` VALUES (8, '1', 'location', '地区', 'varchar(30)', 'String', 'location', '0', '0', NULL, '1', '1', '1', '1', 'EQ', 'input', '', 8, 'admin', '2021-07-31 21:30:36', NULL, '2021-08-02 16:21:19');
INSERT INTO `gen_table_column` VALUES (9, '1', 'address_desc', '详细地址', 'varchar(100)', 'String', 'addressDesc', '0', '0', NULL, '1', '1', '1', '1', 'EQ', 'input', '', 9, 'admin', '2021-07-31 21:30:36', NULL, '2021-08-02 16:21:19');
INSERT INTO `gen_table_column` VALUES (10, '1', 'is_signed', '是否签署邀约函 (0:未签约, 1:已签约)', 'char(2)', 'String', 'isSigned', '0', '0', NULL, '1', '1', '1', '1', 'EQ', 'select', 'customer_is_signed', 10, 'admin', '2021-07-31 21:30:36', NULL, '2021-08-02 16:21:20');
INSERT INTO `gen_table_column` VALUES (11, '1', 'founder', '数据创建人', 'varchar(30)', 'String', 'founder', '0', '0', NULL, '1', '1', '1', '1', 'EQ', 'input', '', 11, 'admin', '2021-07-31 21:30:36', NULL, '2021-08-02 16:21:20');
INSERT INTO `gen_table_column` VALUES (12, '1', 'follower', '现阶段跟进人', 'varchar(30)', 'String', 'follower', '0', '0', NULL, '1', '1', '1', '1', 'EQ', 'input', '', 12, 'admin', '2021-07-31 21:30:36', NULL, '2021-08-02 16:21:20');
INSERT INTO `gen_table_column` VALUES (13, '1', 'key_person', '法人/店长', 'varchar(20)', 'String', 'keyPerson', '0', '0', NULL, '1', '1', '1', '1', 'EQ', 'input', '', 13, 'admin', '2021-07-31 21:30:36', NULL, '2021-08-02 16:21:20');
INSERT INTO `gen_table_column` VALUES (15, '1', 'customer_satisfaction', '客户满意度1-5个等级', 'char(2)', 'String', 'customerSatisfaction', '0', '0', NULL, '1', '1', '1', '1', 'EQ', 'input', '', 15, 'admin', '2021-07-31 21:30:36', NULL, '2021-08-02 16:21:20');
INSERT INTO `gen_table_column` VALUES (16, '1', 'customer_level', '客户级别(0:普通客户1:战略合作伙伴2:大客户3:重点开发客户)', 'char(2)', 'String', 'customerLevel', '0', '0', NULL, '1', '1', '1', '1', 'EQ', 'select', 'customer_level', 16, 'admin', '2021-07-31 21:30:36', NULL, '2021-08-02 16:21:20');
INSERT INTO `gen_table_column` VALUES (17, '1', 'credit', '信用度', 'char(2)', 'String', 'credit', '0', '0', NULL, '1', '1', '1', '1', 'EQ', 'input', '', 17, 'admin', '2021-07-31 21:30:36', NULL, '2021-08-02 16:21:20');
INSERT INTO `gen_table_column` VALUES (18, '1', 'progress', '进度', 'varchar(30)', 'String', 'progress', '0', '0', NULL, '1', '1', '1', '1', 'EQ', 'input', '', 18, 'admin', '2021-07-31 21:30:36', NULL, '2021-08-02 16:21:20');
INSERT INTO `gen_table_column` VALUES (19, '1', 'reporter', '小记', 'varchar(2000)', 'String', 'reporter', '0', '0', NULL, '1', '1', '1', '1', 'EQ', 'textarea', '', 19, 'admin', '2021-07-31 21:30:36', NULL, '2021-08-02 16:21:20');
INSERT INTO `gen_table_column` VALUES (20, '1', 'customer_source', '机会来源(同事介绍\\官网\\广告)', 'char(255)', 'String', 'customerSource', '0', '0', NULL, '1', '1', '1', '1', 'EQ', 'input', '', 20, 'admin', '2021-07-31 21:30:36', NULL, '2021-08-02 16:21:20');
INSERT INTO `gen_table_column` VALUES (21, '1', 'del_flag', '删除标志（0代表存在 2代表删除）', 'char(1)', 'String', 'delFlag', '0', '0', NULL, '1', NULL, NULL, NULL, 'EQ', 'input', '', 21, 'admin', '2021-07-31 21:30:36', NULL, '2021-08-02 16:21:20');
INSERT INTO `gen_table_column` VALUES (22, '1', 'create_by', '创建者', 'varchar(64)', 'String', 'createBy', '0', '0', NULL, '1', NULL, NULL, NULL, 'EQ', 'input', '', 22, 'admin', '2021-07-31 21:30:36', NULL, '2021-08-02 16:21:20');
INSERT INTO `gen_table_column` VALUES (23, '1', 'create_time', '创建时间', 'datetime', 'Date', 'createTime', '0', '0', NULL, '1', NULL, NULL, NULL, 'EQ', 'datetime', '', 23, 'admin', '2021-07-31 21:30:36', NULL, '2021-08-02 16:21:20');
INSERT INTO `gen_table_column` VALUES (24, '1', 'update_by', '更新者', 'varchar(64)', 'String', 'updateBy', '0', '0', NULL, '1', '1', NULL, NULL, 'EQ', 'input', '', 24, 'admin', '2021-07-31 21:30:36', NULL, '2021-08-02 16:21:20');
INSERT INTO `gen_table_column` VALUES (25, '1', 'update_time', '更新时间', 'datetime', 'Date', 'updateTime', '0', '0', NULL, '1', '1', NULL, NULL, 'EQ', 'datetime', '', 25, 'admin', '2021-07-31 21:30:36', NULL, '2021-08-02 16:21:20');
INSERT INTO `gen_table_column` VALUES (26, '1', 'remark', '备注', 'varchar(500)', 'String', 'remark', '0', '0', NULL, '1', '1', '1', NULL, 'EQ', 'textarea', '', 26, 'admin', '2021-07-31 21:30:36', NULL, '2021-08-02 16:21:20');
INSERT INTO `gen_table_column` VALUES (28, '2', 'user_id', '销售ID', 'bigint(20)', 'Long', 'userId', '0', '0', NULL, '1', '1', '1', '1', 'EQ', 'input', '', 2, 'admin', '2021-08-02 15:19:35', NULL, '2021-08-02 15:47:43');
INSERT INTO `gen_table_column` VALUES (29, '2', 'plan', '计划项', 'varchar(30)', 'String', 'plan', '0', '0', NULL, '1', '1', '1', '1', 'EQ', 'input', '', 3, 'admin', '2021-08-02 15:19:35', NULL, '2021-08-02 15:47:43');
INSERT INTO `gen_table_column` VALUES (30, '2', 'plan_time', '计划时间', 'datetime', 'Date', 'planTime', '0', '0', NULL, '1', '1', '1', '1', 'EQ', 'datetime', '', 4, 'admin', '2021-08-02 15:19:35', NULL, '2021-08-02 15:47:43');
INSERT INTO `gen_table_column` VALUES (31, '2', 'result', '执行效果', 'varchar(255)', 'String', 'result', '0', '0', NULL, '1', '1', '1', '1', 'EQ', 'input', '', 5, 'admin', '2021-08-02 15:19:35', NULL, '2021-08-02 15:47:43');
INSERT INTO `gen_table_column` VALUES (32, '2', 'solution', '我的解决方案', 'varchar(255)', 'String', 'solution', '0', '0', NULL, '1', '1', '1', '1', 'EQ', 'input', '', 6, 'admin', '2021-08-02 15:19:35', NULL, '2021-08-02 15:47:43');
INSERT INTO `gen_table_column` VALUES (33, '2', 'del_flag', '删除标志（0代表存在 2代表删除）', 'char(1)', 'String', 'delFlag', '0', '0', NULL, '1', NULL, NULL, NULL, 'EQ', 'input', '', 7, '', '2021-08-02 15:31:35', NULL, '2021-08-02 15:47:43');
INSERT INTO `gen_table_column` VALUES (34, '2', 'create_by', '创建者', 'varchar(64)', 'String', 'createBy', '0', '0', NULL, '1', NULL, NULL, NULL, 'EQ', 'input', '', 10, '', '2021-08-02 15:31:35', NULL, '2021-08-02 15:47:43');
INSERT INTO `gen_table_column` VALUES (35, '2', 'create_time', '创建时间', 'datetime', 'Date', 'createTime', '0', '0', NULL, '1', NULL, NULL, NULL, 'EQ', 'datetime', '', 9, '', '2021-08-02 15:31:35', NULL, '2021-08-02 15:47:43');
INSERT INTO `gen_table_column` VALUES (36, '2', 'update_by', '更新者', 'varchar(64)', 'String', 'updateBy', '0', '0', NULL, '1', '1', NULL, NULL, 'EQ', 'input', '', 13, '', '2021-08-02 15:31:35', NULL, '2021-08-02 15:47:43');
INSERT INTO `gen_table_column` VALUES (37, '2', 'update_time', '更新时间', 'datetime', 'Date', 'updateTime', '0', '0', NULL, '1', '1', NULL, NULL, 'EQ', 'datetime', '', 14, '', '2021-08-02 15:31:35', NULL, '2021-08-02 15:47:43');
INSERT INTO `gen_table_column` VALUES (38, '2', 'remark', '备注', 'varchar(500)', 'String', 'remark', '0', '0', NULL, '1', '1', '1', NULL, 'EQ', 'textarea', '', 15, '', '2021-08-02 15:31:35', NULL, '2021-08-02 15:47:43');
INSERT INTO `gen_table_column` VALUES (39, '2', 'contact_id', '拜访记录ID', 'bigint(20)', 'Long', 'contactId', '1', '1', NULL, '1', NULL, NULL, NULL, 'EQ', 'input', '', 1, '', '2021-08-02 15:45:08', NULL, '2021-08-02 15:47:43');
INSERT INTO `gen_table_column` VALUES (40, '2', 'evaluation', '点评(经理的评价)', 'varchar(255)', 'String', 'evaluation', '0', '0', NULL, '1', '1', '1', '1', 'EQ', 'input', '', 8, '', '2021-08-02 15:45:08', NULL, '2021-08-02 15:47:43');
INSERT INTO `gen_table_column` VALUES (41, '2', 'evaluation_by', '点评人的姓名', 'varchar(64)', 'String', 'evaluationBy', '0', '0', NULL, '1', '1', '1', '1', 'EQ', 'input', '', 11, '', '2021-08-02 15:45:08', NULL, '2021-08-02 15:47:43');
INSERT INTO `gen_table_column` VALUES (42, '2', 'evaluation_time', '点评时间', 'datetime', 'Date', 'evaluationTime', '0', '0', NULL, '1', '1', '1', '1', 'EQ', 'datetime', '', 12, '', '2021-08-02 15:45:08', NULL, '2021-08-02 15:47:43');
INSERT INTO `gen_table_column` VALUES (44, '1', 'key_person_tel', '法人店长的联系方式', 'int(11)', 'Long', 'keyPersonTel', '0', '0', NULL, '1', '1', '1', '1', 'EQ', 'input', '', 14, '', '2021-08-02 16:11:17', NULL, '2021-08-02 16:21:20');
INSERT INTO `gen_table_column` VALUES (45, '1', 'visit_photo', '门头照片', 'varchar(255)', 'String', 'visitPhoto', '0', '0', '1', '1', '1', '1', NULL, 'EQ', 'upload', '', 4, '', '2021-08-02 16:19:00', NULL, '2021-08-02 16:21:19');

-- ----------------------------
-- Table structure for sys_config
-- ----------------------------
DROP TABLE IF EXISTS `sys_config`;
CREATE TABLE `sys_config`  (
  `config_id` int(5) NOT NULL AUTO_INCREMENT COMMENT '参数主键',
  `config_name` varchar(100) CHARACTER SET utf8mb4 COLLATE utf8mb4_general_ci NULL DEFAULT '' COMMENT '参数名称',
  `config_key` varchar(100) CHARACTER SET utf8mb4 COLLATE utf8mb4_general_ci NULL DEFAULT '' COMMENT '参数键名',
  `config_value` varchar(500) CHARACTER SET utf8mb4 COLLATE utf8mb4_general_ci NULL DEFAULT '' COMMENT '参数键值',
  `config_type` char(1) CHARACTER SET utf8mb4 COLLATE utf8mb4_general_ci NULL DEFAULT 'N' COMMENT '系统内置（Y是 N否）',
  `create_by` varchar(64) CHARACTER SET utf8mb4 COLLATE utf8mb4_general_ci NULL DEFAULT '' COMMENT '创建者',
  `create_time` datetime(0) NULL DEFAULT NULL COMMENT '创建时间',
  `update_by` varchar(64) CHARACTER SET utf8mb4 COLLATE utf8mb4_general_ci NULL DEFAULT '' COMMENT '更新者',
  `update_time` datetime(0) NULL DEFAULT NULL COMMENT '更新时间',
  `remark` varchar(500) CHARACTER SET utf8mb4 COLLATE utf8mb4_general_ci NULL DEFAULT NULL COMMENT '备注',
  PRIMARY KEY (`config_id`) USING BTREE
) ENGINE = InnoDB AUTO_INCREMENT = 10 CHARACTER SET = utf8mb4 COLLATE = utf8mb4_general_ci COMMENT = '参数配置表' ROW_FORMAT = Dynamic;

-- ----------------------------
-- Records of sys_config
-- ----------------------------
INSERT INTO `sys_config` VALUES (1, '主框架页-默认皮肤样式名称', 'sys.index.skinName', 'skin-yellow', 'Y', 'admin', '2021-07-28 20:55:33', 'admin', '2021-07-29 17:25:54', '蓝色 skin-blue、绿色 skin-green、紫色 skin-purple、红色 skin-red、黄色 skin-yellow');
INSERT INTO `sys_config` VALUES (2, '用户管理-账号初始密码', 'sys.user.initPassword', '123456', 'Y', 'admin', '2021-07-28 20:55:33', 'admin', '2021-07-29 17:46:42', '初始化密码 123456');
INSERT INTO `sys_config` VALUES (3, '主框架页-侧边栏主题', 'sys.index.sideTheme', 'theme-light', 'Y', 'admin', '2021-07-28 20:55:33', 'admin', '2021-07-29 17:25:34', '深黑主题theme-dark，浅色主题theme-light，深蓝主题theme-blue');
INSERT INTO `sys_config` VALUES (4, '账号自助-是否开启用户注册功能', 'sys.account.registerUser', 'false', 'Y', 'admin', '2021-07-28 20:55:33', 'admin', '2021-07-31 16:16:09', '是否开启注册用户功能（true开启，false关闭）');
INSERT INTO `sys_config` VALUES (5, '用户管理-密码字符范围', 'sys.account.chrtype', '0', 'Y', 'admin', '2021-07-28 20:55:33', '', NULL, '默认任意字符范围，0任意（密码可以输入任意字符），1数字（密码只能为0-9数字），2英文字母（密码只能为a-z和A-Z字母），3字母和数字（密码必须包含字母，数字）,4字母数字和特殊字符（目前支持的特殊字符包括：~!@#$%^&*()-=_+）');
INSERT INTO `sys_config` VALUES (6, '用户管理-初始密码修改策略', 'sys.account.initPasswordModify', '1', 'Y', 'admin', '2021-07-28 20:55:33', 'admin', '2021-07-29 17:46:10', '0：初始密码修改策略关闭，没有任何提示，1：提醒用户，如果未修改初始密码，则在登录时就会提醒修改密码对话框');
INSERT INTO `sys_config` VALUES (7, '用户管理-账号密码更新周期', 'sys.account.passwordValidateDays', '0', 'Y', 'admin', '2021-07-28 20:55:33', '', NULL, '密码更新周期（填写数字，数据初始化值为0不限制，若修改必须为大于0小于365的正整数），如果超过这个周期登录系统时，则在登录时就会提醒修改密码对话框');
INSERT INTO `sys_config` VALUES (8, '主框架页-菜单导航显示风格', 'sys.index.menuStyle', 'default', 'Y', 'admin', '2021-07-28 20:55:33', '', NULL, '菜单导航显示风格（default为左侧导航菜单，topnav为顶部导航菜单）');
INSERT INTO `sys_config` VALUES (9, '主框架页-是否开启页脚', 'sys.index.ignoreFooter', 'true', 'Y', 'admin', '2021-07-28 20:55:33', 'admin', '2021-07-30 12:10:42', '是否开启底部页脚显示（true显示，false隐藏）');

-- ----------------------------
-- Table structure for sys_dept
-- ----------------------------
DROP TABLE IF EXISTS `sys_dept`;
CREATE TABLE `sys_dept`  (
  `dept_id` bigint(20) NOT NULL AUTO_INCREMENT COMMENT '部门id',
  `parent_id` bigint(20) NULL DEFAULT 0 COMMENT '父部门id',
  `ancestors` varchar(50) CHARACTER SET utf8mb4 COLLATE utf8mb4_general_ci NULL DEFAULT '' COMMENT '祖级列表',
  `dept_name` varchar(30) CHARACTER SET utf8mb4 COLLATE utf8mb4_general_ci NULL DEFAULT '' COMMENT '部门名称',
  `order_num` int(4) NULL DEFAULT 0 COMMENT '显示顺序',
  `leader` varchar(20) CHARACTER SET utf8mb4 COLLATE utf8mb4_general_ci NULL DEFAULT NULL COMMENT '负责人',
  `phone` varchar(11) CHARACTER SET utf8mb4 COLLATE utf8mb4_general_ci NULL DEFAULT NULL COMMENT '联系电话',
  `email` varchar(50) CHARACTER SET utf8mb4 COLLATE utf8mb4_general_ci NULL DEFAULT NULL COMMENT '邮箱',
  `status` char(1) CHARACTER SET utf8mb4 COLLATE utf8mb4_general_ci NULL DEFAULT '0' COMMENT '部门状态（0正常 1停用）',
  `del_flag` char(1) CHARACTER SET utf8mb4 COLLATE utf8mb4_general_ci NULL DEFAULT '0' COMMENT '删除标志（0代表存在 2代表删除）',
  `create_by` varchar(64) CHARACTER SET utf8mb4 COLLATE utf8mb4_general_ci NULL DEFAULT '' COMMENT '创建者',
  `create_time` datetime(0) NULL DEFAULT NULL COMMENT '创建时间',
  `update_by` varchar(64) CHARACTER SET utf8mb4 COLLATE utf8mb4_general_ci NULL DEFAULT '' COMMENT '更新者',
  `update_time` datetime(0) NULL DEFAULT NULL COMMENT '更新时间',
  PRIMARY KEY (`dept_id`) USING BTREE
) ENGINE = InnoDB AUTO_INCREMENT = 201 CHARACTER SET = utf8mb4 COLLATE = utf8mb4_general_ci COMMENT = '部门表' ROW_FORMAT = Dynamic;

-- ----------------------------
-- Records of sys_dept
-- ----------------------------
INSERT INTO `sys_dept` VALUES (100, 0, '0', '超级管理员', 0, 'admin', '17633850000', '00@qq.com', '0', '0', 'admin', '2021-07-28 20:55:32', '', NULL);
INSERT INTO `sys_dept` VALUES (101, 100, '0,100', '总经办', 1, '沐总', '17633850000', '00@qq.com', '0', '0', 'admin', '2021-07-28 20:55:32', 'lijiyang', '2021-07-31 16:37:01');
INSERT INTO `sys_dept` VALUES (102, 100, '0,100', '杭州星道企业咨询', 2, '树总', '17633850000', '00@qq.com', '0', '2', 'admin', '2021-07-28 20:55:32', '', NULL);
INSERT INTO `sys_dept` VALUES (103, 101, '0,100,101', '商拓1部', 1, '沐总', '17633850000', '00@qq.com', '0', '0', 'admin', '2021-07-28 20:55:32', 'lijiyang', '2021-07-31 16:38:44');
INSERT INTO `sys_dept` VALUES (104, 101, '0,100,101', '商拓2部', 2, '沐总', '17633850000', '00@qq.com', '0', '0', 'admin', '2021-07-28 20:55:32', 'lijiyang', '2021-07-31 16:38:53');
INSERT INTO `sys_dept` VALUES (105, 101, '0,100,101', '商拓3部', 3, '沐总', '17633850000', '00@qq.com', '0', '0', 'admin', '2021-07-28 20:55:32', 'lijiyang', '2021-07-31 16:39:34');
INSERT INTO `sys_dept` VALUES (106, 101, '0,100,101', '财务部门', 4, '沐总', '17633850000', '00@qq.com', '0', '2', 'admin', '2021-07-28 20:55:32', '', NULL);
INSERT INTO `sys_dept` VALUES (107, 101, '0,100,101', '运维部门', 5, '沐总', '17633850000', '00@qq.com', '0', '2', 'admin', '2021-07-28 20:55:32', '', NULL);
INSERT INTO `sys_dept` VALUES (108, 102, '0,100,102', '市场部门', 1, '树总', '17633850000', '00@qq.com', '0', '2', 'admin', '2021-07-28 20:55:32', '', NULL);
INSERT INTO `sys_dept` VALUES (109, 102, '0,100,102', '财务部门', 2, '树总', '17633850000', '00@qq.com', '0', '2', 'admin', '2021-07-28 20:55:32', '', NULL);
INSERT INTO `sys_dept` VALUES (200, 104, '0,100,101,104', '商拓2部1组分队', 1, '王经理', '17633850000', 'hanlele96@163.com', '0', '2', 'admin', '2021-07-29 18:01:09', 'lijiyang', '2021-07-31 16:39:18');

-- ----------------------------
-- Table structure for sys_dict_data
-- ----------------------------
DROP TABLE IF EXISTS `sys_dict_data`;
CREATE TABLE `sys_dict_data`  (
  `dict_code` bigint(20) NOT NULL AUTO_INCREMENT COMMENT '字典编码',
  `dict_sort` int(4) NULL DEFAULT 0 COMMENT '字典排序',
  `dict_label` varchar(100) CHARACTER SET utf8mb4 COLLATE utf8mb4_general_ci NULL DEFAULT '' COMMENT '字典标签',
  `dict_value` varchar(100) CHARACTER SET utf8mb4 COLLATE utf8mb4_general_ci NULL DEFAULT '' COMMENT '字典键值',
  `dict_type` varchar(100) CHARACTER SET utf8mb4 COLLATE utf8mb4_general_ci NULL DEFAULT '' COMMENT '字典类型',
  `css_class` varchar(100) CHARACTER SET utf8mb4 COLLATE utf8mb4_general_ci NULL DEFAULT NULL COMMENT '样式属性（其他样式扩展）',
  `list_class` varchar(100) CHARACTER SET utf8mb4 COLLATE utf8mb4_general_ci NULL DEFAULT NULL COMMENT '表格回显样式',
  `is_default` char(1) CHARACTER SET utf8mb4 COLLATE utf8mb4_general_ci NULL DEFAULT 'N' COMMENT '是否默认（Y是 N否）',
  `status` char(1) CHARACTER SET utf8mb4 COLLATE utf8mb4_general_ci NULL DEFAULT '0' COMMENT '状态（0正常 1停用）',
  `create_by` varchar(64) CHARACTER SET utf8mb4 COLLATE utf8mb4_general_ci NULL DEFAULT '' COMMENT '创建者',
  `create_time` datetime(0) NULL DEFAULT NULL COMMENT '创建时间',
  `update_by` varchar(64) CHARACTER SET utf8mb4 COLLATE utf8mb4_general_ci NULL DEFAULT '' COMMENT '更新者',
  `update_time` datetime(0) NULL DEFAULT NULL COMMENT '更新时间',
  `remark` varchar(500) CHARACTER SET utf8mb4 COLLATE utf8mb4_general_ci NULL DEFAULT NULL COMMENT '备注',
  PRIMARY KEY (`dict_code`) USING BTREE
) ENGINE = InnoDB AUTO_INCREMENT = 45 CHARACTER SET = utf8mb4 COLLATE = utf8mb4_general_ci COMMENT = '字典数据表' ROW_FORMAT = Dynamic;

-- ----------------------------
-- Records of sys_dict_data
-- ----------------------------
INSERT INTO `sys_dict_data` VALUES (1, 1, '男', '0', 'sys_user_sex', '', '', 'Y', '0', 'admin', '2021-07-28 20:55:33', '', NULL, '性别男');
INSERT INTO `sys_dict_data` VALUES (2, 2, '女', '1', 'sys_user_sex', '', '', 'N', '0', 'admin', '2021-07-28 20:55:33', '', NULL, '性别女');
INSERT INTO `sys_dict_data` VALUES (3, 3, '未知', '2', 'sys_user_sex', '', '', 'N', '0', 'admin', '2021-07-28 20:55:33', '', NULL, '性别未知');
INSERT INTO `sys_dict_data` VALUES (4, 1, '显示', '0', 'sys_show_hide', '', 'primary', 'Y', '0', 'admin', '2021-07-28 20:55:33', '', NULL, '显示菜单');
INSERT INTO `sys_dict_data` VALUES (5, 2, '隐藏', '1', 'sys_show_hide', '', 'danger', 'N', '0', 'admin', '2021-07-28 20:55:33', '', NULL, '隐藏菜单');
INSERT INTO `sys_dict_data` VALUES (6, 1, '正常', '0', 'sys_normal_disable', '', 'primary', 'Y', '0', 'admin', '2021-07-28 20:55:33', '', NULL, '正常状态');
INSERT INTO `sys_dict_data` VALUES (7, 2, '停用', '1', 'sys_normal_disable', '', 'danger', 'N', '0', 'admin', '2021-07-28 20:55:33', '', NULL, '停用状态');
INSERT INTO `sys_dict_data` VALUES (8, 1, '正常', '0', 'sys_job_status', '', 'primary', 'Y', '0', 'admin', '2021-07-28 20:55:33', '', NULL, '正常状态');
INSERT INTO `sys_dict_data` VALUES (9, 2, '暂停', '1', 'sys_job_status', '', 'danger', 'N', '0', 'admin', '2021-07-28 20:55:33', '', NULL, '停用状态');
INSERT INTO `sys_dict_data` VALUES (10, 1, '默认', 'DEFAULT', 'sys_job_group', '', '', 'Y', '0', 'admin', '2021-07-28 20:55:33', '', NULL, '默认分组');
INSERT INTO `sys_dict_data` VALUES (11, 2, '系统', 'SYSTEM', 'sys_job_group', '', '', 'N', '0', 'admin', '2021-07-28 20:55:33', '', NULL, '系统分组');
INSERT INTO `sys_dict_data` VALUES (12, 1, '是', 'Y', 'sys_yes_no', '', 'primary', 'Y', '0', 'admin', '2021-07-28 20:55:33', '', NULL, '系统默认是');
INSERT INTO `sys_dict_data` VALUES (13, 2, '否', 'N', 'sys_yes_no', '', 'danger', 'N', '0', 'admin', '2021-07-28 20:55:33', '', NULL, '系统默认否');
INSERT INTO `sys_dict_data` VALUES (14, 1, '通知', '1', 'sys_notice_type', '', 'warning', 'Y', '0', 'admin', '2021-07-28 20:55:33', '', NULL, '通知');
INSERT INTO `sys_dict_data` VALUES (15, 2, '公告', '2', 'sys_notice_type', '', 'success', 'N', '0', 'admin', '2021-07-28 20:55:33', '', NULL, '公告');
INSERT INTO `sys_dict_data` VALUES (16, 1, '正常', '0', 'sys_notice_status', '', 'primary', 'Y', '0', 'admin', '2021-07-28 20:55:33', '', NULL, '正常状态');
INSERT INTO `sys_dict_data` VALUES (17, 2, '关闭', '1', 'sys_notice_status', '', 'danger', 'N', '0', 'admin', '2021-07-28 20:55:33', '', NULL, '关闭状态');
INSERT INTO `sys_dict_data` VALUES (18, 99, '其他', '0', 'sys_oper_type', '', 'info', 'N', '0', 'admin', '2021-07-28 20:55:33', '', NULL, '其他操作');
INSERT INTO `sys_dict_data` VALUES (19, 1, '新增', '1', 'sys_oper_type', '', 'info', 'N', '0', 'admin', '2021-07-28 20:55:33', '', NULL, '新增操作');
INSERT INTO `sys_dict_data` VALUES (20, 2, '修改', '2', 'sys_oper_type', '', 'info', 'N', '0', 'admin', '2021-07-28 20:55:33', '', NULL, '修改操作');
INSERT INTO `sys_dict_data` VALUES (21, 3, '删除', '3', 'sys_oper_type', '', 'danger', 'N', '0', 'admin', '2021-07-28 20:55:33', '', NULL, '删除操作');
INSERT INTO `sys_dict_data` VALUES (22, 4, '授权', '4', 'sys_oper_type', '', 'primary', 'N', '0', 'admin', '2021-07-28 20:55:33', '', NULL, '授权操作');
INSERT INTO `sys_dict_data` VALUES (23, 5, '导出', '5', 'sys_oper_type', '', 'warning', 'N', '0', 'admin', '2021-07-28 20:55:33', '', NULL, '导出操作');
INSERT INTO `sys_dict_data` VALUES (24, 6, '导入', '6', 'sys_oper_type', '', 'warning', 'N', '0', 'admin', '2021-07-28 20:55:33', '', NULL, '导入操作');
INSERT INTO `sys_dict_data` VALUES (25, 7, '强退', '7', 'sys_oper_type', '', 'danger', 'N', '0', 'admin', '2021-07-28 20:55:33', '', NULL, '强退操作');
INSERT INTO `sys_dict_data` VALUES (26, 8, '生成代码', '8', 'sys_oper_type', '', 'warning', 'N', '0', 'admin', '2021-07-28 20:55:33', '', NULL, '生成操作');
INSERT INTO `sys_dict_data` VALUES (27, 9, '清空数据', '9', 'sys_oper_type', '', 'danger', 'N', '0', 'admin', '2021-07-28 20:55:33', '', NULL, '清空操作');
INSERT INTO `sys_dict_data` VALUES (28, 1, '成功', '0', 'sys_common_status', '', 'primary', 'N', '0', 'admin', '2021-07-28 20:55:33', '', NULL, '正常状态');
INSERT INTO `sys_dict_data` VALUES (29, 2, '失败', '1', 'sys_common_status', '', 'danger', 'N', '0', 'admin', '2021-07-28 20:55:33', '', NULL, '停用状态');
INSERT INTO `sys_dict_data` VALUES (30, 1, '综合店', '0', 'customer_stores_type', NULL, 'primary', 'Y', '0', 'admin', '2021-08-02 14:59:01', '', NULL, '客户门店类型');
INSERT INTO `sys_dict_data` VALUES (31, 2, '单店', '1', 'customer_stores_type', NULL, 'success', 'Y', '0', 'admin', '2021-08-02 14:59:50', '', NULL, '客户门店类型');
INSERT INTO `sys_dict_data` VALUES (32, 3, '连锁店', '2', 'customer_stores_type', '', 'info', 'Y', '0', 'admin', '2021-08-02 15:00:23', 'admin', '2021-08-02 15:00:31', '客户门店类型');
INSERT INTO `sys_dict_data` VALUES (33, 0, '1-10人', '0', 'customer_employees_nums', '', 'primary', 'Y', '0', 'admin', '2021-08-02 15:04:46', 'admin', '2021-08-03 15:14:44', '客户门店员工人数');
INSERT INTO `sys_dict_data` VALUES (34, 1, '11-20人', '1', 'customer_employees_nums', '', 'primary', 'Y', '0', 'admin', '2021-08-02 15:05:20', 'admin', '2021-08-03 15:14:54', '客户门店员工人数');
INSERT INTO `sys_dict_data` VALUES (35, 2, '21-30人', '2', 'customer_employees_nums', '', 'primary', 'Y', '0', 'admin', '2021-08-02 15:06:20', 'admin', '2021-08-03 15:14:58', '客户门店员工人数');
INSERT INTO `sys_dict_data` VALUES (36, 3, '31-50人', '3', 'customer_employees_nums', '', 'primary', 'Y', '0', 'admin', '2021-08-02 15:06:52', 'admin', '2021-08-03 15:15:04', '客户门店员工人数');
INSERT INTO `sys_dict_data` VALUES (37, 4, '51-100人', '4', 'customer_employees_nums', '', 'primary', 'Y', '0', 'admin', '2021-08-02 15:07:16', 'admin', '2021-08-03 15:15:08', '客户门店员工人数');
INSERT INTO `sys_dict_data` VALUES (38, 5, '100人以上', '5', 'customer_employees_nums', '', 'primary', 'Y', '0', 'admin', '2021-08-02 15:07:37', 'admin', '2021-08-03 15:15:14', '客户门店员工人数');
INSERT INTO `sys_dict_data` VALUES (39, 0, '未签署', '0', 'customer_is_signed', NULL, 'warning', 'Y', '0', 'admin', '2021-08-02 15:10:55', '', NULL, '是否签署邀约函 (0:未签约, 1:已签约)');
INSERT INTO `sys_dict_data` VALUES (40, 1, '已签署', '1', 'customer_is_signed', NULL, 'success', 'Y', '0', 'admin', '2021-08-02 15:11:29', '', NULL, '是否签署邀约函 (0:未签约, 1:已签约)');
INSERT INTO `sys_dict_data` VALUES (41, 0, '普通客户', '0', 'customer_level', NULL, 'default', 'Y', '0', 'admin', '2021-08-02 15:13:27', '', NULL, '客户级别(0:普通客户1:战略合作伙伴2:大客户3:重点开发客户)');
INSERT INTO `sys_dict_data` VALUES (42, 1, '战略合作伙伴', '1', 'customer_level', NULL, 'primary', 'Y', '0', 'admin', '2021-08-02 15:13:54', '', NULL, '客户级别(0:普通客户1:战略合作伙伴2:大客户3:重点开发客户)');
INSERT INTO `sys_dict_data` VALUES (43, 2, '大客户', '2', 'customer_level', NULL, 'success', 'Y', '0', 'admin', '2021-08-02 15:14:13', '', NULL, '客户级别(0:普通客户1:战略合作伙伴2:大客户3:重点开发客户)');
INSERT INTO `sys_dict_data` VALUES (44, 3, '重点开发客户', '3', 'customer_level', NULL, 'info', 'Y', '0', 'admin', '2021-08-02 15:14:33', '', NULL, '客户级别(0:普通客户1:战略合作伙伴2:大客户3:重点开发客户)');

-- ----------------------------
-- Table structure for sys_dict_type
-- ----------------------------
DROP TABLE IF EXISTS `sys_dict_type`;
CREATE TABLE `sys_dict_type`  (
  `dict_id` bigint(20) NOT NULL AUTO_INCREMENT COMMENT '字典主键',
  `dict_name` varchar(100) CHARACTER SET utf8mb4 COLLATE utf8mb4_general_ci NULL DEFAULT '' COMMENT '字典名称',
  `dict_type` varchar(100) CHARACTER SET utf8mb4 COLLATE utf8mb4_general_ci NULL DEFAULT '' COMMENT '字典类型',
  `status` char(1) CHARACTER SET utf8mb4 COLLATE utf8mb4_general_ci NULL DEFAULT '0' COMMENT '状态（0正常 1停用）',
  `create_by` varchar(64) CHARACTER SET utf8mb4 COLLATE utf8mb4_general_ci NULL DEFAULT '' COMMENT '创建者',
  `create_time` datetime(0) NULL DEFAULT NULL COMMENT '创建时间',
  `update_by` varchar(64) CHARACTER SET utf8mb4 COLLATE utf8mb4_general_ci NULL DEFAULT '' COMMENT '更新者',
  `update_time` datetime(0) NULL DEFAULT NULL COMMENT '更新时间',
  `remark` varchar(500) CHARACTER SET utf8mb4 COLLATE utf8mb4_general_ci NULL DEFAULT NULL COMMENT '备注',
  PRIMARY KEY (`dict_id`) USING BTREE,
  UNIQUE INDEX `dict_type`(`dict_type`) USING BTREE
) ENGINE = InnoDB AUTO_INCREMENT = 15 CHARACTER SET = utf8mb4 COLLATE = utf8mb4_general_ci COMMENT = '字典类型表' ROW_FORMAT = Dynamic;

-- ----------------------------
-- Records of sys_dict_type
-- ----------------------------
INSERT INTO `sys_dict_type` VALUES (1, '用户性别', 'sys_user_sex', '0', 'admin', '2021-07-28 20:55:33', '', NULL, '用户性别列表');
INSERT INTO `sys_dict_type` VALUES (2, '菜单状态', 'sys_show_hide', '0', 'admin', '2021-07-28 20:55:33', '', NULL, '菜单状态列表');
INSERT INTO `sys_dict_type` VALUES (3, '系统开关', 'sys_normal_disable', '0', 'admin', '2021-07-28 20:55:33', '', NULL, '系统开关列表');
INSERT INTO `sys_dict_type` VALUES (4, '任务状态', 'sys_job_status', '0', 'admin', '2021-07-28 20:55:33', '', NULL, '任务状态列表');
INSERT INTO `sys_dict_type` VALUES (5, '任务分组', 'sys_job_group', '0', 'admin', '2021-07-28 20:55:33', '', NULL, '任务分组列表');
INSERT INTO `sys_dict_type` VALUES (6, '系统是否', 'sys_yes_no', '0', 'admin', '2021-07-28 20:55:33', '', NULL, '系统是否列表');
INSERT INTO `sys_dict_type` VALUES (7, '通知类型', 'sys_notice_type', '0', 'admin', '2021-07-28 20:55:33', '', NULL, '通知类型列表');
INSERT INTO `sys_dict_type` VALUES (8, '通知状态', 'sys_notice_status', '0', 'admin', '2021-07-28 20:55:33', '', NULL, '通知状态列表');
INSERT INTO `sys_dict_type` VALUES (9, '操作类型', 'sys_oper_type', '0', 'admin', '2021-07-28 20:55:33', '', NULL, '操作类型列表');
INSERT INTO `sys_dict_type` VALUES (10, '系统状态', 'sys_common_status', '0', 'admin', '2021-07-28 20:55:33', '', NULL, '登录状态列表');
INSERT INTO `sys_dict_type` VALUES (11, '客户门店类型', 'customer_stores_type', '0', 'admin', '2021-08-02 14:56:06', '', NULL, '客户表门店类型');
INSERT INTO `sys_dict_type` VALUES (12, '客户门店员工人数', 'customer_employees_nums', '0', 'admin', '2021-08-02 15:02:51', '', NULL, '客户门店员工人数');
INSERT INTO `sys_dict_type` VALUES (13, '是否签署邀约函', 'customer_is_signed', '0', 'admin', '2021-08-02 15:10:07', '', NULL, '是否签署邀约函 (0:未签约, 1:已签约)');
INSERT INTO `sys_dict_type` VALUES (14, '客户级别', 'customer_level', '0', 'admin', '2021-08-02 15:12:27', '', NULL, '客户级别(0:普通客户1:战略合作伙伴2:大客户3:重点开发客户)');

-- ----------------------------
-- Table structure for sys_job
-- ----------------------------
DROP TABLE IF EXISTS `sys_job`;
CREATE TABLE `sys_job`  (
  `job_id` bigint(20) NOT NULL AUTO_INCREMENT COMMENT '任务ID',
  `job_name` varchar(64) CHARACTER SET utf8mb4 COLLATE utf8mb4_general_ci NOT NULL DEFAULT '' COMMENT '任务名称',
  `job_group` varchar(64) CHARACTER SET utf8mb4 COLLATE utf8mb4_general_ci NOT NULL DEFAULT 'DEFAULT' COMMENT '任务组名',
  `invoke_target` varchar(500) CHARACTER SET utf8mb4 COLLATE utf8mb4_general_ci NOT NULL COMMENT '调用目标字符串',
  `cron_expression` varchar(255) CHARACTER SET utf8mb4 COLLATE utf8mb4_general_ci NULL DEFAULT '' COMMENT 'cron执行表达式',
  `misfire_policy` varchar(20) CHARACTER SET utf8mb4 COLLATE utf8mb4_general_ci NULL DEFAULT '3' COMMENT '计划执行错误策略（1立即执行 2执行一次 3放弃执行）',
  `concurrent` char(1) CHARACTER SET utf8mb4 COLLATE utf8mb4_general_ci NULL DEFAULT '1' COMMENT '是否并发执行（0允许 1禁止）',
  `status` char(1) CHARACTER SET utf8mb4 COLLATE utf8mb4_general_ci NULL DEFAULT '0' COMMENT '状态（0正常 1暂停）',
  `create_by` varchar(64) CHARACTER SET utf8mb4 COLLATE utf8mb4_general_ci NULL DEFAULT '' COMMENT '创建者',
  `create_time` datetime(0) NULL DEFAULT NULL COMMENT '创建时间',
  `update_by` varchar(64) CHARACTER SET utf8mb4 COLLATE utf8mb4_general_ci NULL DEFAULT '' COMMENT '更新者',
  `update_time` datetime(0) NULL DEFAULT NULL COMMENT '更新时间',
  `remark` varchar(500) CHARACTER SET utf8mb4 COLLATE utf8mb4_general_ci NULL DEFAULT '' COMMENT '备注信息',
  PRIMARY KEY (`job_id`, `job_name`, `job_group`) USING BTREE
) ENGINE = InnoDB AUTO_INCREMENT = 4 CHARACTER SET = utf8mb4 COLLATE = utf8mb4_general_ci COMMENT = '定时任务调度表' ROW_FORMAT = Dynamic;

-- ----------------------------
-- Records of sys_job
-- ----------------------------
INSERT INTO `sys_job` VALUES (1, '系统默认（无参）', 'DEFAULT', 'ryTask.ryNoParams', '0/10 * * * * ?', '3', '1', '1', 'admin', '2021-07-28 20:55:33', '', NULL, '');
INSERT INTO `sys_job` VALUES (2, '系统默认（有参）', 'DEFAULT', 'ryTask.ryParams(\'ry\')', '0/15 * * * * ?', '3', '1', '1', 'admin', '2021-07-28 20:55:33', '', NULL, '');
INSERT INTO `sys_job` VALUES (3, '系统默认（多参）', 'DEFAULT', 'ryTask.ryMultipleParams(\'ry\', true, 2000L, 316.50D, 100)', '0/20 * * * * ?', '3', '1', '1', 'admin', '2021-07-28 20:55:33', '', NULL, '');

-- ----------------------------
-- Table structure for sys_job_log
-- ----------------------------
DROP TABLE IF EXISTS `sys_job_log`;
CREATE TABLE `sys_job_log`  (
  `job_log_id` bigint(20) NOT NULL AUTO_INCREMENT COMMENT '任务日志ID',
  `job_name` varchar(64) CHARACTER SET utf8mb4 COLLATE utf8mb4_general_ci NOT NULL COMMENT '任务名称',
  `job_group` varchar(64) CHARACTER SET utf8mb4 COLLATE utf8mb4_general_ci NOT NULL COMMENT '任务组名',
  `invoke_target` varchar(500) CHARACTER SET utf8mb4 COLLATE utf8mb4_general_ci NOT NULL COMMENT '调用目标字符串',
  `job_message` varchar(500) CHARACTER SET utf8mb4 COLLATE utf8mb4_general_ci NULL DEFAULT NULL COMMENT '日志信息',
  `status` char(1) CHARACTER SET utf8mb4 COLLATE utf8mb4_general_ci NULL DEFAULT '0' COMMENT '执行状态（0正常 1失败）',
  `exception_info` varchar(2000) CHARACTER SET utf8mb4 COLLATE utf8mb4_general_ci NULL DEFAULT '' COMMENT '异常信息',
  `create_time` datetime(0) NULL DEFAULT NULL COMMENT '创建时间',
  PRIMARY KEY (`job_log_id`) USING BTREE
) ENGINE = InnoDB AUTO_INCREMENT = 1 CHARACTER SET = utf8mb4 COLLATE = utf8mb4_general_ci COMMENT = '定时任务调度日志表' ROW_FORMAT = Dynamic;

-- ----------------------------
-- Records of sys_job_log
-- ----------------------------

-- ----------------------------
-- Table structure for sys_logininfor
-- ----------------------------
DROP TABLE IF EXISTS `sys_logininfor`;
CREATE TABLE `sys_logininfor`  (
  `info_id` bigint(20) NOT NULL AUTO_INCREMENT COMMENT '访问ID',
  `login_name` varchar(50) CHARACTER SET utf8mb4 COLLATE utf8mb4_general_ci NULL DEFAULT '' COMMENT '登录账号',
  `ipaddr` varchar(128) CHARACTER SET utf8mb4 COLLATE utf8mb4_general_ci NULL DEFAULT '' COMMENT '登录IP地址',
  `login_location` varchar(255) CHARACTER SET utf8mb4 COLLATE utf8mb4_general_ci NULL DEFAULT '' COMMENT '登录地点',
  `browser` varchar(50) CHARACTER SET utf8mb4 COLLATE utf8mb4_general_ci NULL DEFAULT '' COMMENT '浏览器类型',
  `os` varchar(50) CHARACTER SET utf8mb4 COLLATE utf8mb4_general_ci NULL DEFAULT '' COMMENT '操作系统',
  `status` char(1) CHARACTER SET utf8mb4 COLLATE utf8mb4_general_ci NULL DEFAULT '0' COMMENT '登录状态（0成功 1失败）',
  `msg` varchar(255) CHARACTER SET utf8mb4 COLLATE utf8mb4_general_ci NULL DEFAULT '' COMMENT '提示消息',
  `login_time` datetime(0) NULL DEFAULT NULL COMMENT '访问时间',
  PRIMARY KEY (`info_id`) USING BTREE
) ENGINE = InnoDB AUTO_INCREMENT = 257 CHARACTER SET = utf8mb4 COLLATE = utf8mb4_general_ci COMMENT = '系统访问记录' ROW_FORMAT = Dynamic;

-- ----------------------------
-- Records of sys_logininfor
-- ----------------------------
INSERT INTO `sys_logininfor` VALUES (100, 'admin', '127.0.0.1', '内网IP', 'Chrome 9', 'Windows 10', '0', '登录成功', '2021-07-29 09:52:34');
INSERT INTO `sys_logininfor` VALUES (101, 'admin', '127.0.0.1', '内网IP', 'Chrome 9', 'Windows 10', '1', '验证码错误', '2021-07-29 11:41:47');
INSERT INTO `sys_logininfor` VALUES (102, 'admin', '127.0.0.1', '内网IP', 'Chrome 9', 'Windows 10', '1', '验证码错误', '2021-07-29 11:41:54');
INSERT INTO `sys_logininfor` VALUES (103, 'admin', '127.0.0.1', '内网IP', 'Chrome 9', 'Windows 10', '1', '验证码错误', '2021-07-29 11:42:05');
INSERT INTO `sys_logininfor` VALUES (104, 'admin', '127.0.0.1', '内网IP', 'Chrome 9', 'Windows 10', '1', '验证码错误', '2021-07-29 11:42:09');
INSERT INTO `sys_logininfor` VALUES (105, 'admin', '127.0.0.1', '内网IP', 'Chrome 9', 'Windows 10', '0', '登录成功', '2021-07-29 11:42:11');
INSERT INTO `sys_logininfor` VALUES (106, 'admin', '127.0.0.1', '内网IP', 'Chrome 9', 'Windows 10', '0', '登录成功', '2021-07-29 15:13:34');
INSERT INTO `sys_logininfor` VALUES (107, 'admin', '127.0.0.1', '内网IP', 'Chrome 9', 'Windows 10', '0', '登录成功', '2021-07-29 15:14:50');
INSERT INTO `sys_logininfor` VALUES (108, 'admin', '127.0.0.1', '内网IP', 'Chrome 9', 'Windows 10', '1', '验证码错误', '2021-07-29 15:18:39');
INSERT INTO `sys_logininfor` VALUES (109, 'admin', '127.0.0.1', '内网IP', 'Chrome 9', 'Windows 10', '1', '验证码错误', '2021-07-29 15:18:42');
INSERT INTO `sys_logininfor` VALUES (110, 'admin', '127.0.0.1', '内网IP', 'Chrome 9', 'Windows 10', '0', '登录成功', '2021-07-29 15:18:45');
INSERT INTO `sys_logininfor` VALUES (111, 'admin', '127.0.0.1', '内网IP', 'Chrome 9', 'Windows 10', '0', '登录成功', '2021-07-29 15:35:26');
INSERT INTO `sys_logininfor` VALUES (112, 'admin', '127.0.0.1', '内网IP', 'Chrome 9', 'Windows 10', '0', '登录成功', '2021-07-29 15:37:49');
INSERT INTO `sys_logininfor` VALUES (113, 'admin', '127.0.0.1', '内网IP', 'Chrome 9', 'Windows 10', '1', '验证码错误', '2021-07-29 15:54:28');
INSERT INTO `sys_logininfor` VALUES (114, 'admin', '127.0.0.1', '内网IP', 'Chrome 9', 'Windows 10', '0', '登录成功', '2021-07-29 15:54:35');
INSERT INTO `sys_logininfor` VALUES (115, '', '127.0.0.1', '内网IP', 'Chrome 9', 'Windows 10', '1', '验证码错误', '2021-07-29 16:00:15');
INSERT INTO `sys_logininfor` VALUES (116, 'admin', '127.0.0.1', '内网IP', 'Chrome 9', 'Windows 10', '1', '验证码错误', '2021-07-29 16:40:44');
INSERT INTO `sys_logininfor` VALUES (117, 'admin', '127.0.0.1', '内网IP', 'Chrome 9', 'Windows 10', '1', '验证码错误', '2021-07-29 16:40:48');
INSERT INTO `sys_logininfor` VALUES (118, 'admin', '127.0.0.1', '内网IP', 'Chrome 9', 'Windows 10', '1', '验证码错误', '2021-07-29 16:40:52');
INSERT INTO `sys_logininfor` VALUES (119, 'admin', '127.0.0.1', '内网IP', 'Chrome 9', 'Windows 10', '1', '验证码错误', '2021-07-29 16:41:03');
INSERT INTO `sys_logininfor` VALUES (120, 'admin', '127.0.0.1', '内网IP', 'Chrome 9', 'Windows 10', '1', '验证码错误', '2021-07-29 16:51:10');
INSERT INTO `sys_logininfor` VALUES (121, 'admin', '127.0.0.1', '内网IP', 'Chrome 9', 'Windows 10', '1', '验证码错误', '2021-07-29 16:51:28');
INSERT INTO `sys_logininfor` VALUES (122, 'admin', '127.0.0.1', '内网IP', 'Firefox 9', 'Windows 10', '0', '登录成功', '2021-07-29 16:52:18');
INSERT INTO `sys_logininfor` VALUES (123, 'admin', '127.0.0.1', '内网IP', 'Chrome 9', 'Windows 10', '0', '登录成功', '2021-07-29 16:58:06');
INSERT INTO `sys_logininfor` VALUES (124, 'admin', '127.0.0.1', '内网IP', 'Chrome 9', 'Windows 10', '1', '密码输入错误1次', '2021-07-29 17:40:07');
INSERT INTO `sys_logininfor` VALUES (125, 'admin', '127.0.0.1', '内网IP', 'Chrome 9', 'Windows 10', '0', '登录成功', '2021-07-29 17:40:19');
INSERT INTO `sys_logininfor` VALUES (126, 'lele', '127.0.0.1', '内网IP', 'Firefox 9', 'Windows 10', '0', '注册成功', '2021-07-29 17:53:14');
INSERT INTO `sys_logininfor` VALUES (127, 'lele', '127.0.0.1', '内网IP', 'Firefox 9', 'Windows 10', '0', '登录成功', '2021-07-29 17:53:25');
INSERT INTO `sys_logininfor` VALUES (128, 'admin', '127.0.0.1', '内网IP', 'Chrome 9', 'Windows 10', '0', '登录成功', '2021-07-29 17:54:45');
INSERT INTO `sys_logininfor` VALUES (129, 'admin', '192.168.1.220', '内网IP', 'Chrome Mobile', 'Android 1.x', '0', '登录成功', '2021-07-29 18:15:21');
INSERT INTO `sys_logininfor` VALUES (130, 'admin', '127.0.0.1', '内网IP', 'Chrome 9', 'Windows 10', '0', '登录成功', '2021-07-29 20:47:15');
INSERT INTO `sys_logininfor` VALUES (131, 'admin', '127.0.0.1', '内网IP', 'Firefox 9', 'Windows 10', '0', '登录成功', '2021-07-29 21:15:15');
INSERT INTO `sys_logininfor` VALUES (132, 'admin', '192.168.1.220', '内网IP', 'Chrome Mobile', 'Android 1.x', '0', '登录成功', '2021-07-29 21:30:45');
INSERT INTO `sys_logininfor` VALUES (133, 'admin', '192.168.1.220', '内网IP', 'Chrome Mobile', 'Android 1.x', '0', '登录成功', '2021-07-29 21:32:08');
INSERT INTO `sys_logininfor` VALUES (134, 'admin', '127.0.0.1', '内网IP', 'Chrome 9', 'Windows 10', '0', '登录成功', '2021-07-29 22:02:00');
INSERT INTO `sys_logininfor` VALUES (135, 'admin', '127.0.0.1', '内网IP', 'Firefox 9', 'Windows 10', '0', '登录成功', '2021-07-29 22:29:22');
INSERT INTO `sys_logininfor` VALUES (136, 'admin', '127.0.0.1', '内网IP', 'Chrome 9', 'Windows 10', '0', '登录成功', '2021-07-30 11:14:04');
INSERT INTO `sys_logininfor` VALUES (137, 'admin', '192.168.1.9', '内网IP', 'Chrome 9', 'Windows 10', '0', '登录成功', '2021-07-30 11:51:22');
INSERT INTO `sys_logininfor` VALUES (138, 'admin', '192.168.1.9', '内网IP', 'Chrome 9', 'Windows 10', '0', '登录成功', '2021-07-30 11:59:14');
INSERT INTO `sys_logininfor` VALUES (139, 'admin', '192.168.1.9', '内网IP', 'Chrome 9', 'Windows 10', '0', '登录成功', '2021-07-30 12:10:12');
INSERT INTO `sys_logininfor` VALUES (140, 'admin', '192.168.1.9', '内网IP', 'Chrome 9', 'Windows 10', '0', '登录成功', '2021-07-30 12:54:42');
INSERT INTO `sys_logininfor` VALUES (141, 'admin', '127.0.0.1', '内网IP', 'Mobile Safari', 'Mac OS X (iPhone)', '0', '登录成功', '2021-07-30 15:05:06');
INSERT INTO `sys_logininfor` VALUES (142, 'admin', '127.0.0.1', '内网IP', 'Chrome 9', 'Windows 10', '0', '登录成功', '2021-07-30 17:25:20');
INSERT INTO `sys_logininfor` VALUES (143, 'admin', '127.0.0.1', '内网IP', 'Chrome 9', 'Windows 10', '0', '登录成功', '2021-07-31 14:40:23');
INSERT INTO `sys_logininfor` VALUES (144, 'admin', '127.0.0.1', '内网IP', 'Chrome 9', 'Windows 10', '1', '密码输入错误1次', '2021-07-31 15:29:25');
INSERT INTO `sys_logininfor` VALUES (145, 'admin', '127.0.0.1', '内网IP', 'Chrome 9', 'Windows 10', '0', '登录成功', '2021-07-31 15:29:27');
INSERT INTO `sys_logininfor` VALUES (146, 'admin', '192.168.1.9', '内网IP', 'Chrome 9', 'Windows 10', '0', '登录成功', '2021-07-31 15:30:43');
INSERT INTO `sys_logininfor` VALUES (147, 'soctt', '192.168.1.9', '内网IP', 'Chrome 9', 'Windows 10', '1', '用户不存在/密码错误', '2021-07-31 15:31:02');
INSERT INTO `sys_logininfor` VALUES (148, 'lele', '192.168.1.9', '内网IP', 'Chrome 9', 'Windows 10', '0', '登录成功', '2021-07-31 15:32:04');
INSERT INTO `sys_logininfor` VALUES (149, 'lele', '192.168.1.9', '内网IP', 'Chrome 9', 'Windows 10', '0', '登录成功', '2021-07-31 15:32:12');
INSERT INTO `sys_logininfor` VALUES (150, 'lele', '192.168.1.9', '内网IP', 'Chrome 9', 'Windows 10', '0', '登录成功', '2021-07-31 15:32:38');
INSERT INTO `sys_logininfor` VALUES (151, 'admin', '192.168.1.9', '内网IP', 'Chrome 9', 'Windows 10', '0', '登录成功', '2021-07-31 15:32:49');
INSERT INTO `sys_logininfor` VALUES (152, 'lele', '127.0.0.1', '内网IP', 'Firefox 9', 'Windows 10', '0', '登录成功', '2021-07-31 15:33:21');
INSERT INTO `sys_logininfor` VALUES (153, 'lele', '127.0.0.1', '内网IP', 'Firefox 9', 'Windows 10', '0', '退出成功', '2021-07-31 15:49:29');
INSERT INTO `sys_logininfor` VALUES (154, 'lijiyang', '127.0.0.1', '内网IP', 'Firefox 9', 'Windows 10', '0', '登录成功', '2021-07-31 15:49:36');
INSERT INTO `sys_logininfor` VALUES (155, 'test', '192.168.1.220', '内网IP', 'Chrome Mobile', 'Android 1.x', '1', '密码输入错误1次', '2021-07-31 15:55:08');
INSERT INTO `sys_logininfor` VALUES (156, 'test', '192.168.1.220', '内网IP', 'Chrome Mobile', 'Android 1.x', '0', '登录成功', '2021-07-31 15:55:27');
INSERT INTO `sys_logininfor` VALUES (157, 'lijiyang', '127.0.0.1', '内网IP', 'Firefox 9', 'Windows 10', '0', '退出成功', '2021-07-31 16:14:05');
INSERT INTO `sys_logininfor` VALUES (158, 'lijiyang', '127.0.0.1', '内网IP', 'Firefox 9', 'Windows 10', '1', '密码输入错误1次', '2021-07-31 16:14:14');
INSERT INTO `sys_logininfor` VALUES (159, 'lijiyang', '127.0.0.1', '内网IP', 'Firefox 9', 'Windows 10', '0', '登录成功', '2021-07-31 16:14:19');
INSERT INTO `sys_logininfor` VALUES (160, 'lijiyang', '127.0.0.1', '内网IP', 'Firefox 9', 'Windows 10', '0', '退出成功', '2021-07-31 16:15:27');
INSERT INTO `sys_logininfor` VALUES (161, 'lijiyang', '127.0.0.1', '内网IP', 'Firefox 9', 'Windows 10', '1', '用户已封禁，请联系管理员', '2021-07-31 16:15:36');
INSERT INTO `sys_logininfor` VALUES (162, 'lijiyang', '127.0.0.1', '内网IP', 'Firefox 9', 'Windows 10', '1', '用户已封禁，请联系管理员', '2021-07-31 16:16:44');
INSERT INTO `sys_logininfor` VALUES (163, 'lijiyang', '127.0.0.1', '内网IP', 'Firefox 9', 'Windows 10', '0', '登录成功', '2021-07-31 16:19:22');
INSERT INTO `sys_logininfor` VALUES (164, 'lijiyang', '127.0.0.1', '内网IP', 'Firefox 9', 'Windows 10', '0', '退出成功', '2021-07-31 16:35:32');
INSERT INTO `sys_logininfor` VALUES (165, 'lijiyang', '127.0.0.1', '内网IP', 'Firefox 9', 'Windows 10', '0', '登录成功', '2021-07-31 16:35:39');
INSERT INTO `sys_logininfor` VALUES (166, 'lijiyang', '127.0.0.1', '内网IP', 'Firefox 9', 'Windows 10', '0', '退出成功', '2021-07-31 16:40:40');
INSERT INTO `sys_logininfor` VALUES (167, 'lijiyang', '127.0.0.1', '内网IP', 'Firefox 9', 'Windows 10', '0', '登录成功', '2021-07-31 16:40:47');
INSERT INTO `sys_logininfor` VALUES (168, 'lijiyang', '127.0.0.1', '内网IP', 'Firefox 9', 'Windows 10', '0', '退出成功', '2021-07-31 17:17:08');
INSERT INTO `sys_logininfor` VALUES (169, 'lijiyang', '127.0.0.1', '内网IP', 'Firefox 9', 'Windows 10', '0', '登录成功', '2021-07-31 17:17:14');
INSERT INTO `sys_logininfor` VALUES (170, 'admin', '127.0.0.1', '内网IP', 'Chrome 9', 'Windows 10', '0', '登录成功', '2021-07-31 17:37:51');
INSERT INTO `sys_logininfor` VALUES (171, 'lijiyang', '127.0.0.1', '内网IP', 'Firefox 9', 'Windows 10', '0', '登录成功', '2021-07-31 17:38:41');
INSERT INTO `sys_logininfor` VALUES (172, 'lijiyang', '127.0.0.1', '内网IP', 'Firefox 9', 'Windows 10', '0', '退出成功', '2021-07-31 17:43:34');
INSERT INTO `sys_logininfor` VALUES (173, 'lijiyang', '127.0.0.1', '内网IP', 'Firefox 9', 'Windows 10', '0', '登录成功', '2021-07-31 17:43:41');
INSERT INTO `sys_logininfor` VALUES (174, 'lele', '127.0.0.1', '内网IP', 'Chrome 9', 'Windows 10', '0', '登录成功', '2021-07-31 17:49:29');
INSERT INTO `sys_logininfor` VALUES (175, 'lele', '127.0.0.1', '内网IP', 'Chrome 9', 'Windows 10', '0', '登录成功', '2021-07-31 17:49:53');
INSERT INTO `sys_logininfor` VALUES (176, 'lele', '127.0.0.1', '内网IP', 'Chrome 9', 'Windows 10', '0', '登录成功', '2021-07-31 17:50:20');
INSERT INTO `sys_logininfor` VALUES (177, 'lele', '127.0.0.1', '内网IP', 'Chrome 9', 'Windows 10', '0', '退出成功', '2021-07-31 17:54:54');
INSERT INTO `sys_logininfor` VALUES (178, 'lele', '127.0.0.1', '内网IP', 'Chrome 9', 'Windows 10', '1', '对不起，您的账号已被删除', '2021-07-31 17:54:59');
INSERT INTO `sys_logininfor` VALUES (179, 'lele', '127.0.0.1', '内网IP', 'Chrome 9', 'Windows 10', '0', '登录成功', '2021-07-31 17:56:26');
INSERT INTO `sys_logininfor` VALUES (180, 'lele', '127.0.0.1', '内网IP', 'Chrome 9', 'Windows 10', '0', '退出成功', '2021-07-31 17:58:25');
INSERT INTO `sys_logininfor` VALUES (181, 'lele', '127.0.0.1', '内网IP', 'Chrome 9', 'Windows 10', '0', '登录成功', '2021-07-31 17:58:37');
INSERT INTO `sys_logininfor` VALUES (182, 'lijiyang', '127.0.0.1', '内网IP', 'Firefox 9', 'Windows 10', '0', '退出成功', '2021-07-31 18:05:23');
INSERT INTO `sys_logininfor` VALUES (183, 'jingli', '127.0.0.1', '内网IP', 'Firefox 9', 'Windows 10', '0', '登录成功', '2021-07-31 18:05:34');
INSERT INTO `sys_logininfor` VALUES (184, 'admin', '127.0.0.1', '内网IP', 'Chrome 9', 'Windows 10', '0', '退出成功', '2021-07-31 18:08:17');
INSERT INTO `sys_logininfor` VALUES (185, 'admin', '127.0.0.1', '内网IP', 'Chrome 9', 'Windows 10', '0', '登录成功', '2021-07-31 18:08:40');
INSERT INTO `sys_logininfor` VALUES (186, 'admin', '127.0.0.1', '内网IP', 'Chrome 9', 'Windows 10', '0', '登录成功', '2021-07-31 18:10:16');
INSERT INTO `sys_logininfor` VALUES (187, 'jingli', '127.0.0.1', '内网IP', 'Firefox 9', 'Windows 10', '1', '密码输入错误1次', '2021-07-31 18:10:55');
INSERT INTO `sys_logininfor` VALUES (188, 'jingli', '127.0.0.1', '内网IP', 'Firefox 9', 'Windows 10', '0', '登录成功', '2021-07-31 18:11:01');
INSERT INTO `sys_logininfor` VALUES (189, 'admin', '192.168.1.220', '内网IP', 'Chrome Mobile', 'Android 1.x', '0', '登录成功', '2021-07-31 18:35:37');
INSERT INTO `sys_logininfor` VALUES (190, 'admin', '127.0.0.1', '内网IP', 'Chrome 9', 'Windows 10', '0', '登录成功', '2021-07-31 21:29:53');
INSERT INTO `sys_logininfor` VALUES (191, 'admin', '127.0.0.1', '内网IP', 'Chrome 9', 'Windows 10', '0', '登录成功', '2021-07-31 21:35:09');
INSERT INTO `sys_logininfor` VALUES (192, 'admin', '127.0.0.1', '内网IP', 'Chrome 9', 'Windows 10', '0', '登录成功', '2021-07-31 21:41:40');
INSERT INTO `sys_logininfor` VALUES (193, 'admin', '192.168.1.220', '内网IP', 'Chrome Mobile', 'Android 1.x', '0', '登录成功', '2021-07-31 23:57:07');
INSERT INTO `sys_logininfor` VALUES (194, 'admin', '127.0.0.1', '内网IP', 'Chrome 9', 'Windows 10', '0', '登录成功', '2021-08-01 11:05:52');
INSERT INTO `sys_logininfor` VALUES (195, 'admin', '127.0.0.1', '内网IP', 'Chrome 9', 'Windows 10', '1', '密码输入错误1次', '2021-08-02 14:37:42');
INSERT INTO `sys_logininfor` VALUES (196, 'admin', '127.0.0.1', '内网IP', 'Chrome 9', 'Windows 10', '0', '登录成功', '2021-08-02 14:37:47');
INSERT INTO `sys_logininfor` VALUES (197, 'amdin', '127.0.0.1', '内网IP', 'Chrome 9', 'Windows 10', '1', '用户不存在/密码错误', '2021-08-02 16:04:09');
INSERT INTO `sys_logininfor` VALUES (198, 'admin', '127.0.0.1', '内网IP', 'Chrome 9', 'Windows 10', '0', '登录成功', '2021-08-02 16:04:14');
INSERT INTO `sys_logininfor` VALUES (199, 'admin', '127.0.0.1', '内网IP', 'Chrome 9', 'Windows 10', '0', '登录成功', '2021-08-02 16:07:45');
INSERT INTO `sys_logininfor` VALUES (200, 'admin', '127.0.0.1', '内网IP', 'Chrome 9', 'Windows 10', '0', '登录成功', '2021-08-02 16:28:55');
INSERT INTO `sys_logininfor` VALUES (201, 'admin', '127.0.0.1', '内网IP', 'Chrome 9', 'Windows 10', '0', '登录成功', '2021-08-02 16:51:55');
INSERT INTO `sys_logininfor` VALUES (202, 'admin', '127.0.0.1', '内网IP', 'Chrome 9', 'Windows 10', '0', '登录成功', '2021-08-02 17:10:13');
INSERT INTO `sys_logininfor` VALUES (203, 'admin', '127.0.0.1', '内网IP', 'Chrome 9', 'Windows 10', '0', '登录成功', '2021-08-02 18:04:54');
INSERT INTO `sys_logininfor` VALUES (204, 'admin', '127.0.0.1', '内网IP', 'Chrome 9', 'Windows 10', '0', '登录成功', '2021-08-02 18:17:05');
INSERT INTO `sys_logininfor` VALUES (205, 'admin', '127.0.0.1', '内网IP', 'Chrome 9', 'Windows 10', '0', '登录成功', '2021-08-02 18:20:35');
INSERT INTO `sys_logininfor` VALUES (206, 'admin', '127.0.0.1', '内网IP', 'Chrome 9', 'Windows 10', '0', '登录成功', '2021-08-02 18:24:55');
INSERT INTO `sys_logininfor` VALUES (207, 'admin', '127.0.0.1', '内网IP', 'Chrome 9', 'Windows 10', '0', '登录成功', '2021-08-02 20:57:16');
INSERT INTO `sys_logininfor` VALUES (208, 'admin', '127.0.0.1', '内网IP', 'Chrome 9', 'Windows 10', '0', '登录成功', '2021-08-03 14:51:50');
INSERT INTO `sys_logininfor` VALUES (209, 'admin', '127.0.0.1', '内网IP', 'Chrome 9', 'Windows 10', '0', '登录成功', '2021-08-03 15:37:30');
INSERT INTO `sys_logininfor` VALUES (210, 'admin', '127.0.0.1', '内网IP', 'Chrome 9', 'Windows 10', '0', '登录成功', '2021-08-03 15:53:28');
INSERT INTO `sys_logininfor` VALUES (211, 'admin', '127.0.0.1', '内网IP', 'Chrome 9', 'Windows 10', '0', '登录成功', '2021-08-03 15:54:07');
INSERT INTO `sys_logininfor` VALUES (212, 'admin', '127.0.0.1', '内网IP', 'Chrome 9', 'Windows 10', '0', '登录成功', '2021-08-03 15:57:31');
INSERT INTO `sys_logininfor` VALUES (213, 'admin', '127.0.0.1', '内网IP', 'Chrome 9', 'Windows 10', '0', '登录成功', '2021-08-03 17:29:31');
INSERT INTO `sys_logininfor` VALUES (214, 'lijiyang', '127.0.0.1', '内网IP', 'Chrome 9', 'Windows 10', '1', '密码输入错误1次', '2021-08-03 17:32:45');
INSERT INTO `sys_logininfor` VALUES (215, 'lijiyang', '127.0.0.1', '内网IP', 'Chrome 9', 'Windows 10', '0', '登录成功', '2021-08-03 17:32:48');
INSERT INTO `sys_logininfor` VALUES (216, 'admin', '127.0.0.1', '内网IP', 'Chrome 9', 'Windows 10', '1', '密码输入错误1次', '2021-08-03 17:32:52');
INSERT INTO `sys_logininfor` VALUES (217, 'admin', '127.0.0.1', '内网IP', 'Chrome 9', 'Windows 10', '1', '密码输入错误2次', '2021-08-03 17:32:56');
INSERT INTO `sys_logininfor` VALUES (218, 'admin', '127.0.0.1', '内网IP', 'Chrome 9', 'Windows 10', '0', '登录成功', '2021-08-03 17:33:01');
INSERT INTO `sys_logininfor` VALUES (219, 'admin', '127.0.0.1', '内网IP', 'Chrome 9', 'Windows 10', '0', '登录成功', '2021-08-03 17:33:15');
INSERT INTO `sys_logininfor` VALUES (220, 'lijiyang', '127.0.0.1', '内网IP', 'Chrome 9', 'Windows 10', '1', '密码输入错误1次', '2021-08-03 17:33:24');
INSERT INTO `sys_logininfor` VALUES (221, 'lijiyang', '127.0.0.1', '内网IP', 'Chrome 9', 'Windows 10', '0', '登录成功', '2021-08-03 17:33:45');
INSERT INTO `sys_logininfor` VALUES (222, 'admin', '127.0.0.1', '内网IP', 'Chrome 9', 'Windows 10', '0', '登录成功', '2021-08-03 17:35:10');
INSERT INTO `sys_logininfor` VALUES (223, 'lijiyang', '127.0.0.1', '内网IP', 'Chrome 9', 'Windows 10', '0', '登录成功', '2021-08-03 17:35:23');
INSERT INTO `sys_logininfor` VALUES (224, 'admin', '127.0.0.1', '内网IP', 'Chrome 9', 'Windows 10', '0', '登录成功', '2021-08-03 17:41:06');
INSERT INTO `sys_logininfor` VALUES (225, 'lijiyang', '127.0.0.1', '内网IP', 'Chrome 9', 'Windows 10', '0', '登录成功', '2021-08-03 17:41:14');
INSERT INTO `sys_logininfor` VALUES (226, 'lijiyang', '127.0.0.1', '内网IP', 'Firefox 9', 'Windows 10', '0', '登录成功', '2021-08-03 17:42:32');
INSERT INTO `sys_logininfor` VALUES (227, 'admin', '127.0.0.1', '内网IP', 'Chrome 9', 'Windows 10', '0', '登录成功', '2021-08-03 17:46:30');
INSERT INTO `sys_logininfor` VALUES (228, 'admin', '127.0.0.1', '内网IP', 'Chrome 9', 'Windows 10', '0', '登录成功', '2021-08-03 18:03:26');
INSERT INTO `sys_logininfor` VALUES (229, 'admin', '127.0.0.1', '内网IP', 'Chrome 9', 'Windows 10', '0', '登录成功', '2021-08-03 18:04:21');
INSERT INTO `sys_logininfor` VALUES (230, 'admin', '127.0.0.1', '内网IP', 'Chrome 9', 'Windows 10', '0', '登录成功', '2021-08-03 18:25:48');
INSERT INTO `sys_logininfor` VALUES (231, 'admin', '127.0.0.1', '内网IP', 'Chrome 9', 'Windows 10', '0', '登录成功', '2021-08-03 18:42:14');
INSERT INTO `sys_logininfor` VALUES (232, 'admin', '127.0.0.1', '内网IP', 'Chrome 9', 'Windows 10', '0', '登录成功', '2021-08-03 18:47:55');
INSERT INTO `sys_logininfor` VALUES (233, 'admin', '127.0.0.1', '内网IP', 'Chrome 9', 'Windows 10', '0', '登录成功', '2021-08-03 19:06:27');
INSERT INTO `sys_logininfor` VALUES (234, 'admin', '127.0.0.1', '内网IP', 'Chrome 9', 'Windows 10', '0', '登录成功', '2021-08-03 19:08:32');
INSERT INTO `sys_logininfor` VALUES (235, 'admin', '127.0.0.1', '内网IP', 'Chrome 9', 'Windows 10', '0', '登录成功', '2021-08-03 19:14:22');
INSERT INTO `sys_logininfor` VALUES (236, 'admin', '127.0.0.1', '内网IP', 'Chrome 9', 'Windows 10', '0', '登录成功', '2021-08-03 19:19:02');
INSERT INTO `sys_logininfor` VALUES (237, 'admin', '127.0.0.1', '内网IP', 'Mobile Safari', 'Mac OS X (iPhone)', '0', '登录成功', '2021-08-03 20:28:22');
INSERT INTO `sys_logininfor` VALUES (238, 'admin', '127.0.0.1', '内网IP', 'Chrome 9', 'Windows 10', '0', '登录成功', '2021-08-03 20:37:18');
INSERT INTO `sys_logininfor` VALUES (239, 'admin', '127.0.0.1', '内网IP', 'Chrome 9', 'Windows 10', '0', '登录成功', '2021-08-03 20:39:02');
INSERT INTO `sys_logininfor` VALUES (240, 'admin', '127.0.0.1', '内网IP', 'Chrome 9', 'Windows 10', '0', '登录成功', '2021-08-03 20:39:38');
INSERT INTO `sys_logininfor` VALUES (241, 'admin', '127.0.0.1', '内网IP', 'Chrome 9', 'Windows 10', '0', '登录成功', '2021-08-03 20:42:00');
INSERT INTO `sys_logininfor` VALUES (242, 'admin', '127.0.0.1', '内网IP', 'Chrome 9', 'Windows 10', '0', '登录成功', '2021-08-03 21:04:03');
INSERT INTO `sys_logininfor` VALUES (243, 'admin', '127.0.0.1', '内网IP', 'Chrome 9', 'Windows 10', '0', '登录成功', '2021-08-03 21:10:22');
INSERT INTO `sys_logininfor` VALUES (244, 'admin', '127.0.0.1', '内网IP', 'Chrome 9', 'Windows 10', '0', '登录成功', '2021-08-03 21:21:01');
INSERT INTO `sys_logininfor` VALUES (245, 'admin', '127.0.0.1', '内网IP', 'Chrome 9', 'Windows 10', '0', '登录成功', '2021-08-03 21:24:55');
INSERT INTO `sys_logininfor` VALUES (246, 'admin', '127.0.0.1', '内网IP', 'Chrome 9', 'Windows 10', '0', '登录成功', '2021-08-03 21:26:55');
INSERT INTO `sys_logininfor` VALUES (247, 'admin', '127.0.0.1', '内网IP', 'Chrome 9', 'Windows 10', '0', '登录成功', '2021-08-03 22:00:19');
INSERT INTO `sys_logininfor` VALUES (248, 'admin', '127.0.0.1', '内网IP', 'Chrome 9', 'Windows 10', '0', '登录成功', '2021-08-03 22:07:08');
INSERT INTO `sys_logininfor` VALUES (249, 'admin', '127.0.0.1', '内网IP', 'Chrome 9', 'Windows 10', '0', '登录成功', '2021-08-03 22:17:34');
INSERT INTO `sys_logininfor` VALUES (250, 'admin', '127.0.0.1', '内网IP', 'Chrome 9', 'Windows 10', '0', '登录成功', '2021-08-03 22:19:18');
INSERT INTO `sys_logininfor` VALUES (251, 'lijiyang', '127.0.0.1', '内网IP', 'Firefox 9', 'Windows 10', '1', '密码输入错误1次', '2021-08-03 22:36:43');
INSERT INTO `sys_logininfor` VALUES (252, 'lijiyang', '127.0.0.1', '内网IP', 'Firefox 9', 'Windows 10', '0', '登录成功', '2021-08-03 22:36:48');
INSERT INTO `sys_logininfor` VALUES (253, 'admin', '127.0.0.1', '内网IP', 'Chrome 9', 'Windows 10', '0', '登录成功', '2021-08-03 22:37:30');
INSERT INTO `sys_logininfor` VALUES (254, 'admin', '127.0.0.1', '内网IP', 'Chrome 9', 'Windows 10', '0', '登录成功', '2021-08-04 10:11:01');
INSERT INTO `sys_logininfor` VALUES (255, 'admin', '127.0.0.1', '内网IP', 'Chrome 9', 'Windows 10', '0', '登录成功', '2021-08-04 12:15:19');
INSERT INTO `sys_logininfor` VALUES (256, 'admin', '127.0.0.1', '内网IP', 'Chrome 9', 'Windows 10', '0', '登录成功', '2021-08-04 12:15:39');

-- ----------------------------
-- Table structure for sys_menu
-- ----------------------------
DROP TABLE IF EXISTS `sys_menu`;
CREATE TABLE `sys_menu`  (
  `menu_id` bigint(20) NOT NULL AUTO_INCREMENT COMMENT '菜单ID',
  `menu_name` varchar(50) CHARACTER SET utf8mb4 COLLATE utf8mb4_general_ci NOT NULL COMMENT '菜单名称',
  `parent_id` bigint(20) NULL DEFAULT 0 COMMENT '父菜单ID',
  `order_num` int(4) NULL DEFAULT 0 COMMENT '显示顺序',
  `url` varchar(200) CHARACTER SET utf8mb4 COLLATE utf8mb4_general_ci NULL DEFAULT '#' COMMENT '请求地址',
  `target` varchar(20) CHARACTER SET utf8mb4 COLLATE utf8mb4_general_ci NULL DEFAULT '' COMMENT '打开方式（menuItem页签 menuBlank新窗口）',
  `menu_type` char(1) CHARACTER SET utf8mb4 COLLATE utf8mb4_general_ci NULL DEFAULT '' COMMENT '菜单类型（M目录 C菜单 F按钮）',
  `visible` char(1) CHARACTER SET utf8mb4 COLLATE utf8mb4_general_ci NULL DEFAULT '0' COMMENT '菜单状态（0显示 1隐藏）',
  `is_refresh` char(1) CHARACTER SET utf8mb4 COLLATE utf8mb4_general_ci NULL DEFAULT '1' COMMENT '是否刷新（0刷新 1不刷新）',
  `perms` varchar(100) CHARACTER SET utf8mb4 COLLATE utf8mb4_general_ci NULL DEFAULT NULL COMMENT '权限标识',
  `icon` varchar(100) CHARACTER SET utf8mb4 COLLATE utf8mb4_general_ci NULL DEFAULT '#' COMMENT '菜单图标',
  `create_by` varchar(64) CHARACTER SET utf8mb4 COLLATE utf8mb4_general_ci NULL DEFAULT '' COMMENT '创建者',
  `create_time` datetime(0) NULL DEFAULT NULL COMMENT '创建时间',
  `update_by` varchar(64) CHARACTER SET utf8mb4 COLLATE utf8mb4_general_ci NULL DEFAULT '' COMMENT '更新者',
  `update_time` datetime(0) NULL DEFAULT NULL COMMENT '更新时间',
  `remark` varchar(500) CHARACTER SET utf8mb4 COLLATE utf8mb4_general_ci NULL DEFAULT '' COMMENT '备注',
  PRIMARY KEY (`menu_id`) USING BTREE
) ENGINE = InnoDB AUTO_INCREMENT = 1081 CHARACTER SET = utf8mb4 COLLATE = utf8mb4_general_ci COMMENT = '菜单权限表' ROW_FORMAT = Dynamic;

-- ----------------------------
-- Records of sys_menu
-- ----------------------------
INSERT INTO `sys_menu` VALUES (1, '系统管理', 0, 1, '#', '', 'M', '0', '1', '', 'fa fa-gear', 'admin', '2021-07-28 20:55:33', '', NULL, '系统管理目录');
INSERT INTO `sys_menu` VALUES (2, '系统监控', 0, 2, '#', 'menuItem', 'M', '0', '1', '', 'fa fa-video-camera', 'admin', '2021-07-28 20:55:33', 'admin', '2021-07-30 17:46:05', '系统监控目录');
INSERT INTO `sys_menu` VALUES (3, '系统工具', 0, 3, '#', '', 'M', '0', '1', '', 'fa fa-bars', 'admin', '2021-07-28 20:55:33', '', NULL, '系统工具目录');
INSERT INTO `sys_menu` VALUES (4, '内部员工管理', 0, 4, '#', 'menuItem', 'M', '0', '0', '', 'fa fa-address-book', 'admin', '2021-07-28 20:55:33', 'admin', '2021-08-03 17:36:11', '雅太官网地址');
INSERT INTO `sys_menu` VALUES (100, '用户管理', 4, 1, '/system/user', 'menuItem', 'C', '0', '1', 'system:user:view', 'fa fa-user-o', 'admin', '2021-07-28 20:55:33', 'admin', '2021-07-31 14:50:02', '用户管理菜单');
INSERT INTO `sys_menu` VALUES (101, '角色管理', 4, 2, '/system/role', 'menuItem', 'C', '0', '1', 'system:role:view', 'fa fa-user-secret', 'admin', '2021-07-28 20:55:33', 'admin', '2021-07-31 14:50:43', '角色管理菜单');
INSERT INTO `sys_menu` VALUES (102, '菜单管理', 1, 3, '/system/menu', '', 'C', '0', '1', 'system:menu:view', 'fa fa-th-list', 'admin', '2021-07-28 20:55:33', '', NULL, '菜单管理菜单');
INSERT INTO `sys_menu` VALUES (103, '部门管理', 4, 4, '/system/dept', 'menuItem', 'C', '0', '1', 'system:dept:view', 'fa fa-outdent', 'admin', '2021-07-28 20:55:33', 'admin', '2021-07-31 14:50:57', '部门管理菜单');
INSERT INTO `sys_menu` VALUES (104, '岗位管理', 4, 5, '/system/post', 'menuItem', 'C', '0', '1', 'system:post:view', 'fa fa-address-card-o', 'admin', '2021-07-28 20:55:33', 'admin', '2021-07-31 14:51:08', '岗位管理菜单');
INSERT INTO `sys_menu` VALUES (105, '字典管理', 1, 6, '/system/dict', '', 'C', '0', '1', 'system:dict:view', 'fa fa-bookmark-o', 'admin', '2021-07-28 20:55:33', '', NULL, '字典管理菜单');
INSERT INTO `sys_menu` VALUES (106, '参数设置', 1, 7, '/system/config', '', 'C', '0', '1', 'system:config:view', 'fa fa-sun-o', 'admin', '2021-07-28 20:55:33', '', NULL, '参数设置菜单');
INSERT INTO `sys_menu` VALUES (107, '通知公告', 1, 8, '/system/notice', '', 'C', '0', '1', 'system:notice:view', 'fa fa-bullhorn', 'admin', '2021-07-28 20:55:33', '', NULL, '通知公告菜单');
INSERT INTO `sys_menu` VALUES (108, '日志管理', 1, 9, '#', '', 'M', '0', '1', '', 'fa fa-pencil-square-o', 'admin', '2021-07-28 20:55:33', '', NULL, '日志管理菜单');
INSERT INTO `sys_menu` VALUES (109, '在线用户', 2, 1, '/monitor/online', '', 'C', '0', '1', 'monitor:online:view', 'fa fa-user-circle', 'admin', '2021-07-28 20:55:33', '', NULL, '在线用户菜单');
INSERT INTO `sys_menu` VALUES (110, '定时任务', 2, 2, '/monitor/job', 'menuItem', 'C', '0', '1', 'monitor:job:view', 'fa fa-tasks', 'admin', '2021-07-28 20:55:33', 'admin', '2021-07-30 17:46:31', '定时任务菜单');
INSERT INTO `sys_menu` VALUES (111, '数据监控', 2, 3, '/monitor/data', '', 'C', '0', '1', 'monitor:data:view', 'fa fa-bug', 'admin', '2021-07-28 20:55:33', '', NULL, '数据监控菜单');
INSERT INTO `sys_menu` VALUES (112, '服务监控', 2, 4, '/monitor/server', '', 'C', '0', '1', 'monitor:server:view', 'fa fa-server', 'admin', '2021-07-28 20:55:33', '', NULL, '服务监控菜单');
INSERT INTO `sys_menu` VALUES (113, '缓存监控', 2, 5, '/monitor/cache', '', 'C', '0', '1', 'monitor:cache:view', 'fa fa-cube', 'admin', '2021-07-28 20:55:33', '', NULL, '缓存监控菜单');
INSERT INTO `sys_menu` VALUES (114, '表单构建', 3, 1, '/tool/build', 'menuItem', 'C', '0', '1', 'tool:build:view', 'fa fa-wpforms', 'admin', '2021-07-28 20:55:33', 'admin', '2021-07-31 14:52:40', '表单构建菜单');
INSERT INTO `sys_menu` VALUES (115, '代码生成', 3, 2, '/tool/gen', 'menuItem', 'C', '0', '1', 'tool:gen:view', 'fa fa-code', 'admin', '2021-07-28 20:55:33', 'admin', '2021-07-31 14:52:33', '代码生成菜单');
INSERT INTO `sys_menu` VALUES (116, '系统接口', 3, 3, '/tool/swagger', '', 'C', '0', '1', 'tool:swagger:view', 'fa fa-gg', 'admin', '2021-07-28 20:55:33', '', NULL, '系统接口菜单');
INSERT INTO `sys_menu` VALUES (500, '操作日志', 108, 1, '/monitor/operlog', '', 'C', '0', '1', 'monitor:operlog:view', 'fa fa-address-book', 'admin', '2021-07-28 20:55:33', '', NULL, '操作日志菜单');
INSERT INTO `sys_menu` VALUES (501, '登录日志', 108, 2, '/monitor/logininfor', '', 'C', '0', '1', 'monitor:logininfor:view', 'fa fa-file-image-o', 'admin', '2021-07-28 20:55:33', '', NULL, '登录日志菜单');
INSERT INTO `sys_menu` VALUES (1000, '用户查询', 100, 1, '#', '', 'F', '0', '1', 'system:user:list', '#', 'admin', '2021-07-28 20:55:33', '', NULL, '');
INSERT INTO `sys_menu` VALUES (1001, '用户新增', 100, 2, '#', '', 'F', '0', '1', 'system:user:add', '#', 'admin', '2021-07-28 20:55:33', '', NULL, '');
INSERT INTO `sys_menu` VALUES (1002, '用户修改', 100, 3, '#', '', 'F', '0', '1', 'system:user:edit', '#', 'admin', '2021-07-28 20:55:33', '', NULL, '');
INSERT INTO `sys_menu` VALUES (1003, '用户删除', 100, 4, '#', '', 'F', '0', '1', 'system:user:remove', '#', 'admin', '2021-07-28 20:55:33', '', NULL, '');
INSERT INTO `sys_menu` VALUES (1004, '用户导出', 100, 5, '#', '', 'F', '0', '1', 'system:user:export', '#', 'admin', '2021-07-28 20:55:33', '', NULL, '');
INSERT INTO `sys_menu` VALUES (1005, '用户导入', 100, 6, '#', '', 'F', '0', '1', 'system:user:import', '#', 'admin', '2021-07-28 20:55:33', '', NULL, '');
INSERT INTO `sys_menu` VALUES (1006, '重置密码', 100, 7, '#', '', 'F', '0', '1', 'system:user:resetPwd', '#', 'admin', '2021-07-28 20:55:33', '', NULL, '');
INSERT INTO `sys_menu` VALUES (1007, '角色查询', 101, 1, '#', '', 'F', '0', '1', 'system:role:list', '#', 'admin', '2021-07-28 20:55:33', '', NULL, '');
INSERT INTO `sys_menu` VALUES (1008, '角色新增', 101, 2, '#', '', 'F', '0', '1', 'system:role:add', '#', 'admin', '2021-07-28 20:55:33', '', NULL, '');
INSERT INTO `sys_menu` VALUES (1009, '角色修改', 101, 3, '#', '', 'F', '0', '1', 'system:role:edit', '#', 'admin', '2021-07-28 20:55:33', '', NULL, '');
INSERT INTO `sys_menu` VALUES (1010, '角色删除', 101, 4, '#', '', 'F', '0', '1', 'system:role:remove', '#', 'admin', '2021-07-28 20:55:33', '', NULL, '');
INSERT INTO `sys_menu` VALUES (1011, '角色导出', 101, 5, '#', '', 'F', '0', '1', 'system:role:export', '#', 'admin', '2021-07-28 20:55:33', '', NULL, '');
INSERT INTO `sys_menu` VALUES (1012, '菜单查询', 102, 1, '#', '', 'F', '0', '1', 'system:menu:list', '#', 'admin', '2021-07-28 20:55:33', '', NULL, '');
INSERT INTO `sys_menu` VALUES (1013, '菜单新增', 102, 2, '#', '', 'F', '0', '1', 'system:menu:add', '#', 'admin', '2021-07-28 20:55:33', '', NULL, '');
INSERT INTO `sys_menu` VALUES (1014, '菜单修改', 102, 3, '#', '', 'F', '0', '1', 'system:menu:edit', '#', 'admin', '2021-07-28 20:55:33', '', NULL, '');
INSERT INTO `sys_menu` VALUES (1015, '菜单删除', 102, 4, '#', '', 'F', '0', '1', 'system:menu:remove', '#', 'admin', '2021-07-28 20:55:33', '', NULL, '');
INSERT INTO `sys_menu` VALUES (1016, '部门查询', 103, 1, '#', '', 'F', '0', '1', 'system:dept:list', '#', 'admin', '2021-07-28 20:55:33', '', NULL, '');
INSERT INTO `sys_menu` VALUES (1017, '部门新增', 103, 2, '#', '', 'F', '0', '1', 'system:dept:add', '#', 'admin', '2021-07-28 20:55:33', '', NULL, '');
INSERT INTO `sys_menu` VALUES (1018, '部门修改', 103, 3, '#', '', 'F', '0', '1', 'system:dept:edit', '#', 'admin', '2021-07-28 20:55:33', '', NULL, '');
INSERT INTO `sys_menu` VALUES (1019, '部门删除', 103, 4, '#', '', 'F', '0', '1', 'system:dept:remove', '#', 'admin', '2021-07-28 20:55:33', '', NULL, '');
INSERT INTO `sys_menu` VALUES (1020, '岗位查询', 104, 1, '#', '', 'F', '0', '1', 'system:post:list', '#', 'admin', '2021-07-28 20:55:33', '', NULL, '');
INSERT INTO `sys_menu` VALUES (1021, '岗位新增', 104, 2, '#', '', 'F', '0', '1', 'system:post:add', '#', 'admin', '2021-07-28 20:55:33', '', NULL, '');
INSERT INTO `sys_menu` VALUES (1022, '岗位修改', 104, 3, '#', '', 'F', '0', '1', 'system:post:edit', '#', 'admin', '2021-07-28 20:55:33', '', NULL, '');
INSERT INTO `sys_menu` VALUES (1023, '岗位删除', 104, 4, '#', '', 'F', '0', '1', 'system:post:remove', '#', 'admin', '2021-07-28 20:55:33', '', NULL, '');
INSERT INTO `sys_menu` VALUES (1024, '岗位导出', 104, 5, '#', '', 'F', '0', '1', 'system:post:export', '#', 'admin', '2021-07-28 20:55:33', '', NULL, '');
INSERT INTO `sys_menu` VALUES (1025, '字典查询', 105, 1, '#', '', 'F', '0', '1', 'system:dict:list', '#', 'admin', '2021-07-28 20:55:33', '', NULL, '');
INSERT INTO `sys_menu` VALUES (1026, '字典新增', 105, 2, '#', '', 'F', '0', '1', 'system:dict:add', '#', 'admin', '2021-07-28 20:55:33', '', NULL, '');
INSERT INTO `sys_menu` VALUES (1027, '字典修改', 105, 3, '#', '', 'F', '0', '1', 'system:dict:edit', '#', 'admin', '2021-07-28 20:55:33', '', NULL, '');
INSERT INTO `sys_menu` VALUES (1028, '字典删除', 105, 4, '#', '', 'F', '0', '1', 'system:dict:remove', '#', 'admin', '2021-07-28 20:55:33', '', NULL, '');
INSERT INTO `sys_menu` VALUES (1029, '字典导出', 105, 5, '#', '', 'F', '0', '1', 'system:dict:export', '#', 'admin', '2021-07-28 20:55:33', '', NULL, '');
INSERT INTO `sys_menu` VALUES (1030, '参数查询', 106, 1, '#', '', 'F', '0', '1', 'system:config:list', '#', 'admin', '2021-07-28 20:55:33', '', NULL, '');
INSERT INTO `sys_menu` VALUES (1031, '参数新增', 106, 2, '#', '', 'F', '0', '1', 'system:config:add', '#', 'admin', '2021-07-28 20:55:33', '', NULL, '');
INSERT INTO `sys_menu` VALUES (1032, '参数修改', 106, 3, '#', '', 'F', '0', '1', 'system:config:edit', '#', 'admin', '2021-07-28 20:55:33', '', NULL, '');
INSERT INTO `sys_menu` VALUES (1033, '参数删除', 106, 4, '#', '', 'F', '0', '1', 'system:config:remove', '#', 'admin', '2021-07-28 20:55:33', '', NULL, '');
INSERT INTO `sys_menu` VALUES (1034, '参数导出', 106, 5, '#', '', 'F', '0', '1', 'system:config:export', '#', 'admin', '2021-07-28 20:55:33', '', NULL, '');
INSERT INTO `sys_menu` VALUES (1035, '公告查询', 107, 1, '#', '', 'F', '0', '1', 'system:notice:list', '#', 'admin', '2021-07-28 20:55:33', '', NULL, '');
INSERT INTO `sys_menu` VALUES (1036, '公告新增', 107, 2, '#', '', 'F', '0', '1', 'system:notice:add', '#', 'admin', '2021-07-28 20:55:33', '', NULL, '');
INSERT INTO `sys_menu` VALUES (1037, '公告修改', 107, 3, '#', '', 'F', '0', '1', 'system:notice:edit', '#', 'admin', '2021-07-28 20:55:33', '', NULL, '');
INSERT INTO `sys_menu` VALUES (1038, '公告删除', 107, 4, '#', '', 'F', '0', '1', 'system:notice:remove', '#', 'admin', '2021-07-28 20:55:33', '', NULL, '');
INSERT INTO `sys_menu` VALUES (1039, '操作查询', 500, 1, '#', '', 'F', '0', '1', 'monitor:operlog:list', '#', 'admin', '2021-07-28 20:55:33', '', NULL, '');
INSERT INTO `sys_menu` VALUES (1040, '操作删除', 500, 2, '#', '', 'F', '0', '1', 'monitor:operlog:remove', '#', 'admin', '2021-07-28 20:55:33', '', NULL, '');
INSERT INTO `sys_menu` VALUES (1041, '详细信息', 500, 3, '#', '', 'F', '0', '1', 'monitor:operlog:detail', '#', 'admin', '2021-07-28 20:55:33', '', NULL, '');
INSERT INTO `sys_menu` VALUES (1042, '日志导出', 500, 4, '#', '', 'F', '0', '1', 'monitor:operlog:export', '#', 'admin', '2021-07-28 20:55:33', '', NULL, '');
INSERT INTO `sys_menu` VALUES (1043, '登录查询', 501, 1, '#', '', 'F', '0', '1', 'monitor:logininfor:list', '#', 'admin', '2021-07-28 20:55:33', '', NULL, '');
INSERT INTO `sys_menu` VALUES (1044, '登录删除', 501, 2, '#', '', 'F', '0', '1', 'monitor:logininfor:remove', '#', 'admin', '2021-07-28 20:55:33', '', NULL, '');
INSERT INTO `sys_menu` VALUES (1045, '日志导出', 501, 3, '#', '', 'F', '0', '1', 'monitor:logininfor:export', '#', 'admin', '2021-07-28 20:55:33', '', NULL, '');
INSERT INTO `sys_menu` VALUES (1046, '账户解锁', 501, 4, '#', '', 'F', '0', '1', 'monitor:logininfor:unlock', '#', 'admin', '2021-07-28 20:55:33', '', NULL, '');
INSERT INTO `sys_menu` VALUES (1047, '在线查询', 109, 1, '#', '', 'F', '0', '1', 'monitor:online:list', '#', 'admin', '2021-07-28 20:55:33', '', NULL, '');
INSERT INTO `sys_menu` VALUES (1048, '批量强退', 109, 2, '#', '', 'F', '0', '1', 'monitor:online:batchForceLogout', '#', 'admin', '2021-07-28 20:55:33', '', NULL, '');
INSERT INTO `sys_menu` VALUES (1049, '单条强退', 109, 3, '#', '', 'F', '0', '1', 'monitor:online:forceLogout', '#', 'admin', '2021-07-28 20:55:33', '', NULL, '');
INSERT INTO `sys_menu` VALUES (1050, '任务查询', 110, 1, '#', '', 'F', '0', '1', 'monitor:job:list', '#', 'admin', '2021-07-28 20:55:33', '', NULL, '');
INSERT INTO `sys_menu` VALUES (1051, '任务新增', 110, 2, '#', '', 'F', '0', '1', 'monitor:job:add', '#', 'admin', '2021-07-28 20:55:33', '', NULL, '');
INSERT INTO `sys_menu` VALUES (1052, '任务修改', 110, 3, '#', '', 'F', '0', '1', 'monitor:job:edit', '#', 'admin', '2021-07-28 20:55:33', '', NULL, '');
INSERT INTO `sys_menu` VALUES (1053, '任务删除', 110, 4, '#', '', 'F', '0', '1', 'monitor:job:remove', '#', 'admin', '2021-07-28 20:55:33', '', NULL, '');
INSERT INTO `sys_menu` VALUES (1054, '状态修改', 110, 5, '#', '', 'F', '0', '1', 'monitor:job:changeStatus', '#', 'admin', '2021-07-28 20:55:33', '', NULL, '');
INSERT INTO `sys_menu` VALUES (1055, '任务详细', 110, 6, '#', '', 'F', '0', '1', 'monitor:job:detail', '#', 'admin', '2021-07-28 20:55:33', '', NULL, '');
INSERT INTO `sys_menu` VALUES (1056, '任务导出', 110, 7, '#', '', 'F', '0', '1', 'monitor:job:export', '#', 'admin', '2021-07-28 20:55:33', '', NULL, '');
INSERT INTO `sys_menu` VALUES (1057, '生成查询', 115, 1, '#', '', 'F', '0', '1', 'tool:gen:list', '#', 'admin', '2021-07-28 20:55:33', '', NULL, '');
INSERT INTO `sys_menu` VALUES (1058, '生成修改', 115, 2, '#', '', 'F', '0', '1', 'tool:gen:edit', '#', 'admin', '2021-07-28 20:55:33', '', NULL, '');
INSERT INTO `sys_menu` VALUES (1059, '生成删除', 115, 3, '#', '', 'F', '0', '1', 'tool:gen:remove', '#', 'admin', '2021-07-28 20:55:33', '', NULL, '');
INSERT INTO `sys_menu` VALUES (1060, '预览代码', 115, 4, '#', '', 'F', '0', '1', 'tool:gen:preview', '#', 'admin', '2021-07-28 20:55:33', '', NULL, '');
INSERT INTO `sys_menu` VALUES (1061, '生成代码', 115, 5, '#', '', 'F', '0', '1', 'tool:gen:code', '#', 'admin', '2021-07-28 20:55:33', '', NULL, '');
INSERT INTO `sys_menu` VALUES (1074, '客户', 1080, 1, '/system/t_customer', 'menuItem', 'C', '0', '1', 'system:t_customer:view', '#', 'admin', '2021-08-02 16:23:46', 'admin', '2021-08-03 17:37:59', '客户菜单');
INSERT INTO `sys_menu` VALUES (1075, '客户查询', 1074, 1, '#', '', 'F', '0', '1', 'system:t_customer:list', '#', 'admin', '2021-08-02 16:23:46', '', NULL, '');
INSERT INTO `sys_menu` VALUES (1076, '客户新增', 1074, 2, '#', '', 'F', '0', '1', 'system:t_customer:add', '#', 'admin', '2021-08-02 16:23:46', '', NULL, '');
INSERT INTO `sys_menu` VALUES (1077, '客户修改', 1074, 3, '#', '', 'F', '0', '1', 'system:t_customer:edit', '#', 'admin', '2021-08-02 16:23:46', '', NULL, '');
INSERT INTO `sys_menu` VALUES (1078, '客户删除', 1074, 4, '#', '', 'F', '0', '1', 'system:t_customer:remove', '#', 'admin', '2021-08-02 16:23:46', '', NULL, '');
INSERT INTO `sys_menu` VALUES (1079, '客户导出', 1074, 5, '#', '', 'F', '0', '1', 'system:t_customer:export', '#', 'admin', '2021-08-02 16:23:46', '', NULL, '');
INSERT INTO `sys_menu` VALUES (1080, '客户关系管理', 0, 5, '#', 'menuItem', 'M', '0', '1', '', 'fa fa-tty', 'admin', '2021-08-03 17:37:32', 'admin', '2021-08-03 17:38:56', '');

-- ----------------------------
-- Table structure for sys_notice
-- ----------------------------
DROP TABLE IF EXISTS `sys_notice`;
CREATE TABLE `sys_notice`  (
  `notice_id` int(4) NOT NULL AUTO_INCREMENT COMMENT '公告ID',
  `notice_title` varchar(50) CHARACTER SET utf8mb4 COLLATE utf8mb4_general_ci NOT NULL COMMENT '公告标题',
  `notice_type` char(1) CHARACTER SET utf8mb4 COLLATE utf8mb4_general_ci NOT NULL COMMENT '公告类型（1通知 2公告）',
  `notice_content` varchar(2000) CHARACTER SET utf8mb4 COLLATE utf8mb4_general_ci NULL DEFAULT NULL COMMENT '公告内容',
  `status` char(1) CHARACTER SET utf8mb4 COLLATE utf8mb4_general_ci NULL DEFAULT '0' COMMENT '公告状态（0正常 1关闭）',
  `create_by` varchar(64) CHARACTER SET utf8mb4 COLLATE utf8mb4_general_ci NULL DEFAULT '' COMMENT '创建者',
  `create_time` datetime(0) NULL DEFAULT NULL COMMENT '创建时间',
  `update_by` varchar(64) CHARACTER SET utf8mb4 COLLATE utf8mb4_general_ci NULL DEFAULT '' COMMENT '更新者',
  `update_time` datetime(0) NULL DEFAULT NULL COMMENT '更新时间',
  `remark` varchar(255) CHARACTER SET utf8mb4 COLLATE utf8mb4_general_ci NULL DEFAULT NULL COMMENT '备注',
  PRIMARY KEY (`notice_id`) USING BTREE
) ENGINE = InnoDB AUTO_INCREMENT = 3 CHARACTER SET = utf8mb4 COLLATE = utf8mb4_general_ci COMMENT = '通知公告表' ROW_FORMAT = Dynamic;

-- ----------------------------
-- Records of sys_notice
-- ----------------------------
INSERT INTO `sys_notice` VALUES (1, '温馨提醒：2021-07-01 新版本发布啦', '2', '新版本内容', '0', 'admin', '2021-07-28 20:55:33', 'lijiyang', '2021-07-31 16:31:19', '管理员');
INSERT INTO `sys_notice` VALUES (2, '维护通知：2021-07-01 系统凌晨维护', '1', '维护内容', '0', 'admin', '2021-07-28 20:55:33', '', NULL, '管理员');

-- ----------------------------
-- Table structure for sys_oper_log
-- ----------------------------
DROP TABLE IF EXISTS `sys_oper_log`;
CREATE TABLE `sys_oper_log`  (
  `oper_id` bigint(20) NOT NULL AUTO_INCREMENT COMMENT '日志主键',
  `title` varchar(50) CHARACTER SET utf8mb4 COLLATE utf8mb4_general_ci NULL DEFAULT '' COMMENT '模块标题',
  `business_type` int(2) NULL DEFAULT 0 COMMENT '业务类型（0其它 1新增 2修改 3删除）',
  `method` varchar(100) CHARACTER SET utf8mb4 COLLATE utf8mb4_general_ci NULL DEFAULT '' COMMENT '方法名称',
  `request_method` varchar(10) CHARACTER SET utf8mb4 COLLATE utf8mb4_general_ci NULL DEFAULT '' COMMENT '请求方式',
  `operator_type` int(1) NULL DEFAULT 0 COMMENT '操作类别（0其它 1后台用户 2手机端用户）',
  `oper_name` varchar(50) CHARACTER SET utf8mb4 COLLATE utf8mb4_general_ci NULL DEFAULT '' COMMENT '操作人员',
  `dept_name` varchar(50) CHARACTER SET utf8mb4 COLLATE utf8mb4_general_ci NULL DEFAULT '' COMMENT '部门名称',
  `oper_url` varchar(255) CHARACTER SET utf8mb4 COLLATE utf8mb4_general_ci NULL DEFAULT '' COMMENT '请求URL',
  `oper_ip` varchar(128) CHARACTER SET utf8mb4 COLLATE utf8mb4_general_ci NULL DEFAULT '' COMMENT '主机地址',
  `oper_location` varchar(255) CHARACTER SET utf8mb4 COLLATE utf8mb4_general_ci NULL DEFAULT '' COMMENT '操作地点',
  `oper_param` varchar(2000) CHARACTER SET utf8mb4 COLLATE utf8mb4_general_ci NULL DEFAULT '' COMMENT '请求参数',
  `json_result` varchar(2000) CHARACTER SET utf8mb4 COLLATE utf8mb4_general_ci NULL DEFAULT '' COMMENT '返回参数',
  `status` int(1) NULL DEFAULT 0 COMMENT '操作状态（0正常 1异常）',
  `error_msg` varchar(2000) CHARACTER SET utf8mb4 COLLATE utf8mb4_general_ci NULL DEFAULT '' COMMENT '错误消息',
  `oper_time` datetime(0) NULL DEFAULT NULL COMMENT '操作时间',
  PRIMARY KEY (`oper_id`) USING BTREE
) ENGINE = InnoDB AUTO_INCREMENT = 346 CHARACTER SET = utf8mb4 COLLATE = utf8mb4_general_ci COMMENT = '操作日志记录' ROW_FORMAT = Dynamic;

-- ----------------------------
-- Records of sys_oper_log
-- ----------------------------
INSERT INTO `sys_oper_log` VALUES (100, '个人信息', 2, 'com.xy.web.controller.system.SysProfileController.update()', 'POST', 1, 'admin', '研发部门', '/system/user/profile/update', '127.0.0.1', '内网IP', '{\"id\":[\"\"],\"userName\":[\"lusifer\"],\"phonenumber\":[\"15888888888\"],\"email\":[\"ry@163.com\"],\"sex\":[\"1\"]}', '{\r\n  \"msg\" : \"操作成功\",\r\n  \"code\" : 0\r\n}', 0, NULL, '2021-07-29 17:02:07');
INSERT INTO `sys_oper_log` VALUES (101, '菜单管理', 2, 'com.xy.web.controller.system.SysMenuController.editSave()', 'POST', 1, 'admin', '研发部门', '/system/menu/edit', '127.0.0.1', '内网IP', '{\"menuId\":[\"4\"],\"parentId\":[\"0\"],\"menuType\":[\"C\"],\"menuName\":[\"雅太官网\"],\"url\":[\"http://yt.rcztc.cn\"],\"target\":[\"menuBlank\"],\"perms\":[\"\"],\"orderNum\":[\"4\"],\"icon\":[\"fa fa-location-arrow\"],\"visible\":[\"1\"],\"isRefresh\":[\"1\"]}', '{\r\n  \"msg\" : \"操作成功\",\r\n  \"code\" : 0\r\n}', 0, NULL, '2021-07-29 17:02:38');
INSERT INTO `sys_oper_log` VALUES (102, '菜单管理', 2, 'com.xy.web.controller.system.SysMenuController.editSave()', 'POST', 1, 'admin', '研发部门', '/system/menu/edit', '127.0.0.1', '内网IP', '{\"menuId\":[\"4\"],\"parentId\":[\"0\"],\"menuType\":[\"C\"],\"menuName\":[\"雅太官网\"],\"url\":[\"http://yt.rcztc.cn\"],\"target\":[\"menuBlank\"],\"perms\":[\"\"],\"orderNum\":[\"4\"],\"icon\":[\"fa fa-location-arrow\"],\"visible\":[\"1\"],\"isRefresh\":[\"1\"]}', '{\r\n  \"msg\" : \"操作成功\",\r\n  \"code\" : 0\r\n}', 0, NULL, '2021-07-29 17:25:03');
INSERT INTO `sys_oper_log` VALUES (103, '参数管理', 2, 'com.xy.web.controller.system.SysConfigController.editSave()', 'POST', 1, 'admin', '研发部门', '/system/config/edit', '127.0.0.1', '内网IP', '{\"configId\":[\"3\"],\"configName\":[\"主框架页-侧边栏主题\"],\"configKey\":[\"sys.index.sideTheme\"],\"configValue\":[\"theme-light\"],\"configType\":[\"Y\"],\"remark\":[\"深黑主题theme-dark，浅色主题theme-light，深蓝主题theme-blue\"]}', '{\r\n  \"msg\" : \"操作成功\",\r\n  \"code\" : 0\r\n}', 0, NULL, '2021-07-29 17:25:34');
INSERT INTO `sys_oper_log` VALUES (104, '参数管理', 2, 'com.xy.web.controller.system.SysConfigController.editSave()', 'POST', 1, 'admin', '研发部门', '/system/config/edit', '127.0.0.1', '内网IP', '{\"configId\":[\"1\"],\"configName\":[\"主框架页-默认皮肤样式名称\"],\"configKey\":[\"sys.index.skinName\"],\"configValue\":[\"skin-yellow\"],\"configType\":[\"Y\"],\"remark\":[\"蓝色 skin-blue、绿色 skin-green、紫色 skin-purple、红色 skin-red、黄色 skin-yellow\"]}', '{\r\n  \"msg\" : \"操作成功\",\r\n  \"code\" : 0\r\n}', 0, NULL, '2021-07-29 17:25:54');
INSERT INTO `sys_oper_log` VALUES (105, '用户管理', 2, 'com.xy.web.controller.system.SysUserController.editSave()', 'POST', 1, 'admin', '研发部门', '/system/user/edit', '127.0.0.1', '内网IP', '{\"userId\":[\"2\"],\"deptId\":[\"105\"],\"userName\":[\"test\"],\"dept.deptName\":[\"测试部门\"],\"phonenumber\":[\"15666666666\"],\"email\":[\"1260842695@qq.com\"],\"loginName\":[\"ry\"],\"sex\":[\"0\"],\"role\":[\"2\"],\"remark\":[\"测试员\"],\"status\":[\"0\"],\"roleIds\":[\"2\"],\"postIds\":[\"2\"]}', '{\r\n  \"msg\" : \"操作成功\",\r\n  \"code\" : 0\r\n}', 0, NULL, '2021-07-29 17:26:40');
INSERT INTO `sys_oper_log` VALUES (106, '个人信息', 2, 'com.xy.web.controller.system.SysProfileController.update()', 'POST', 1, 'admin', '研发部门', '/system/user/profile/update', '127.0.0.1', '内网IP', '{\"id\":[\"\"],\"userName\":[\"超级管理员\"],\"phonenumber\":[\"15888888888\"],\"email\":[\"ry@163.com\"],\"sex\":[\"1\"]}', '{\r\n  \"msg\" : \"操作成功\",\r\n  \"code\" : 0\r\n}', 0, NULL, '2021-07-29 17:33:27');
INSERT INTO `sys_oper_log` VALUES (107, '个人信息', 2, 'com.xy.web.controller.system.SysProfileController.update()', 'POST', 1, 'admin', '研发部门', '/system/user/profile/update', '127.0.0.1', '内网IP', '{\"id\":[\"\"],\"userName\":[\"超级管理员\"],\"phonenumber\":[\"15888888888\"],\"email\":[\"lusifer@163.com\"],\"sex\":[\"0\"]}', '{\r\n  \"msg\" : \"操作成功\",\r\n  \"code\" : 0\r\n}', 0, NULL, '2021-07-29 17:33:55');
INSERT INTO `sys_oper_log` VALUES (108, '重置密码', 2, 'com.xy.web.controller.system.SysProfileController.resetPwd()', 'POST', 1, 'admin', '研发部门', '/system/user/profile/resetPwd', '127.0.0.1', '内网IP', '{}', '{\r\n  \"msg\" : \"操作成功\",\r\n  \"code\" : 0\r\n}', 0, NULL, '2021-07-29 17:34:11');
INSERT INTO `sys_oper_log` VALUES (109, '菜单管理', 2, 'com.xy.web.controller.system.SysMenuController.editSave()', 'POST', 1, 'admin', '研发部门', '/system/menu/edit', '127.0.0.1', '内网IP', '{\"menuId\":[\"115\"],\"parentId\":[\"3\"],\"menuType\":[\"C\"],\"menuName\":[\"代码生成\"],\"url\":[\"/tool/gen\"],\"target\":[\"menuItem\"],\"perms\":[\"tool:gen:view\"],\"orderNum\":[\"2\"],\"icon\":[\"fa fa-code\"],\"visible\":[\"1\"],\"isRefresh\":[\"1\"]}', '{\r\n  \"msg\" : \"操作成功\",\r\n  \"code\" : 0\r\n}', 0, NULL, '2021-07-29 17:40:54');
INSERT INTO `sys_oper_log` VALUES (110, '菜单管理', 2, 'com.xy.web.controller.system.SysMenuController.editSave()', 'POST', 1, 'admin', '研发部门', '/system/menu/edit', '127.0.0.1', '内网IP', '{\"menuId\":[\"110\"],\"parentId\":[\"2\"],\"menuType\":[\"C\"],\"menuName\":[\"定时任务\"],\"url\":[\"/monitor/job\"],\"target\":[\"menuItem\"],\"perms\":[\"monitor:job:view\"],\"orderNum\":[\"2\"],\"icon\":[\"fa fa-tasks\"],\"visible\":[\"1\"],\"isRefresh\":[\"1\"]}', '{\r\n  \"msg\" : \"操作成功\",\r\n  \"code\" : 0\r\n}', 0, NULL, '2021-07-29 17:41:24');
INSERT INTO `sys_oper_log` VALUES (111, '参数管理', 2, 'com.xy.web.controller.system.SysConfigController.editSave()', 'POST', 1, 'admin', '研发部门', '/system/config/edit', '127.0.0.1', '内网IP', '{\"configId\":[\"9\"],\"configName\":[\"主框架页-是否开启页脚\"],\"configKey\":[\"sys.index.ignoreFooter\"],\"configValue\":[\"false\"],\"configType\":[\"Y\"],\"remark\":[\"是否开启底部页脚显示（true显示，false隐藏）\"]}', '{\r\n  \"msg\" : \"操作成功\",\r\n  \"code\" : 0\r\n}', 0, NULL, '2021-07-29 17:44:57');
INSERT INTO `sys_oper_log` VALUES (112, '参数管理', 2, 'com.xy.web.controller.system.SysConfigController.editSave()', 'POST', 1, 'admin', '研发部门', '/system/config/edit', '127.0.0.1', '内网IP', '{\"configId\":[\"6\"],\"configName\":[\"用户管理-初始密码修改策略\"],\"configKey\":[\"sys.account.initPasswordModify\"],\"configValue\":[\"1\"],\"configType\":[\"Y\"],\"remark\":[\"0：初始密码修改策略关闭，没有任何提示，1：提醒用户，如果未修改初始密码，则在登录时就会提醒修改密码对话框\"]}', '{\r\n  \"msg\" : \"操作成功\",\r\n  \"code\" : 0\r\n}', 0, NULL, '2021-07-29 17:46:10');
INSERT INTO `sys_oper_log` VALUES (113, '参数管理', 2, 'com.xy.web.controller.system.SysConfigController.editSave()', 'POST', 1, 'admin', '研发部门', '/system/config/edit', '127.0.0.1', '内网IP', '{\"configId\":[\"4\"],\"configName\":[\"账号自助-是否开启用户注册功能\"],\"configKey\":[\"sys.account.registerUser\"],\"configValue\":[\"true\"],\"configType\":[\"Y\"],\"remark\":[\"是否开启注册用户功能（true开启，false关闭）\"]}', '{\r\n  \"msg\" : \"操作成功\",\r\n  \"code\" : 0\r\n}', 0, NULL, '2021-07-29 17:46:29');
INSERT INTO `sys_oper_log` VALUES (114, '参数管理', 2, 'com.xy.web.controller.system.SysConfigController.editSave()', 'POST', 1, 'admin', '研发部门', '/system/config/edit', '127.0.0.1', '内网IP', '{\"configId\":[\"2\"],\"configName\":[\"用户管理-账号初始密码\"],\"configKey\":[\"sys.user.initPassword\"],\"configValue\":[\"123456\"],\"configType\":[\"Y\"],\"remark\":[\"初始化密码 123456\"]}', '{\r\n  \"msg\" : \"操作成功\",\r\n  \"code\" : 0\r\n}', 0, NULL, '2021-07-29 17:46:42');
INSERT INTO `sys_oper_log` VALUES (115, '参数管理', 9, 'com.xy.web.controller.system.SysConfigController.refreshCache()', 'GET', 1, 'admin', '研发部门', '/system/config/refreshCache', '127.0.0.1', '内网IP', '', '{\r\n  \"msg\" : \"操作成功\",\r\n  \"code\" : 0\r\n}', 0, NULL, '2021-07-29 17:47:42');
INSERT INTO `sys_oper_log` VALUES (116, '部门管理', 3, 'com.xy.web.controller.system.SysDeptController.remove()', 'GET', 1, 'admin', '研发部门', '/system/dept/remove/107', '127.0.0.1', '内网IP', '107', '{\r\n  \"msg\" : \"操作成功\",\r\n  \"code\" : 0\r\n}', 0, NULL, '2021-07-29 17:59:26');
INSERT INTO `sys_oper_log` VALUES (117, '部门管理', 3, 'com.xy.web.controller.system.SysDeptController.remove()', 'GET', 1, 'admin', '研发部门', '/system/dept/remove/106', '127.0.0.1', '内网IP', '106', '{\r\n  \"msg\" : \"操作成功\",\r\n  \"code\" : 0\r\n}', 0, NULL, '2021-07-29 17:59:53');
INSERT INTO `sys_oper_log` VALUES (118, '部门管理', 2, 'com.xy.web.controller.system.SysDeptController.editSave()', 'POST', 1, 'admin', '研发部门', '/system/dept/edit', '127.0.0.1', '内网IP', '{\"deptId\":[\"104\"],\"parentId\":[\"101\"],\"parentName\":[\"杭州星元生物科技\"],\"deptName\":[\"商拓部门\"],\"orderNum\":[\"2\"],\"leader\":[\"王总\"],\"phone\":[\"15888888888\"],\"email\":[\"ry@qq.com\"],\"status\":[\"0\"]}', '{\r\n  \"msg\" : \"操作成功\",\r\n  \"code\" : 0\r\n}', 0, NULL, '2021-07-29 18:00:14');
INSERT INTO `sys_oper_log` VALUES (119, '部门管理', 1, 'com.xy.web.controller.system.SysDeptController.addSave()', 'POST', 1, 'admin', '研发部门', '/system/dept/add', '127.0.0.1', '内网IP', '{\"parentId\":[\"104\"],\"deptName\":[\"商拓一组\"],\"orderNum\":[\"1\"],\"leader\":[\"王经理\"],\"phone\":[\"17633850697\"],\"email\":[\"hanlele96@163.com\"],\"status\":[\"0\"]}', '{\r\n  \"msg\" : \"操作成功\",\r\n  \"code\" : 0\r\n}', 0, NULL, '2021-07-29 18:01:09');
INSERT INTO `sys_oper_log` VALUES (120, '部门管理', 2, 'com.xy.web.controller.system.SysDeptController.editSave()', 'POST', 1, 'admin', '研发部门', '/system/dept/edit', '127.0.0.1', '内网IP', '{\"deptId\":[\"101\"],\"parentId\":[\"100\"],\"parentName\":[\"总经办\"],\"deptName\":[\"杭州星元生物科技\"],\"orderNum\":[\"1\"],\"leader\":[\"沐总\"],\"phone\":[\"15888888888\"],\"email\":[\"ry@qq.com\"],\"status\":[\"0\"]}', '{\r\n  \"msg\" : \"操作成功\",\r\n  \"code\" : 0\r\n}', 0, NULL, '2021-07-29 21:35:48');
INSERT INTO `sys_oper_log` VALUES (121, '菜单管理', 2, 'com.xy.web.controller.system.SysMenuController.editSave()', 'POST', 1, 'admin', '研发部门', '/system/menu/edit', '127.0.0.1', '内网IP', '{\"menuId\":[\"114\"],\"parentId\":[\"3\"],\"menuType\":[\"C\"],\"menuName\":[\"表单构建\"],\"url\":[\"/tool/build\"],\"target\":[\"menuItem\"],\"perms\":[\"tool:build:view\"],\"orderNum\":[\"1\"],\"icon\":[\"fa fa-wpforms\"],\"visible\":[\"1\"],\"isRefresh\":[\"1\"]}', '{\r\n  \"msg\" : \"操作成功\",\r\n  \"code\" : 0\r\n}', 0, NULL, '2021-07-29 22:02:35');
INSERT INTO `sys_oper_log` VALUES (122, '菜单管理', 2, 'com.xy.web.controller.system.SysMenuController.editSave()', 'POST', 1, 'admin', '研发部门', '/system/menu/edit', '127.0.0.1', '内网IP', '{\"menuId\":[\"2\"],\"parentId\":[\"0\"],\"menuType\":[\"M\"],\"menuName\":[\"系统监控\"],\"url\":[\"#\"],\"target\":[\"menuItem\"],\"perms\":[\"\"],\"orderNum\":[\"2\"],\"icon\":[\"fa fa-video-camera\"],\"visible\":[\"1\"],\"isRefresh\":[\"1\"]}', '{\r\n  \"msg\" : \"操作成功\",\r\n  \"code\" : 0\r\n}', 0, NULL, '2021-07-29 22:03:00');
INSERT INTO `sys_oper_log` VALUES (123, '参数管理', 2, 'com.xy.web.controller.system.SysConfigController.editSave()', 'POST', 1, 'admin', '研发部门', '/system/config/edit', '192.168.1.9', '内网IP', '{\"configId\":[\"9\"],\"configName\":[\"主框架页-是否开启页脚\"],\"configKey\":[\"sys.index.ignoreFooter\"],\"configValue\":[\"true\"],\"configType\":[\"Y\"],\"remark\":[\"是否开启底部页脚显示（true显示，false隐藏）\"]}', '{\r\n  \"msg\" : \"操作成功\",\r\n  \"code\" : 0\r\n}', 0, NULL, '2021-07-30 12:10:42');
INSERT INTO `sys_oper_log` VALUES (124, '菜单管理', 2, 'com.xy.web.controller.system.SysMenuController.editSave()', 'POST', 1, 'admin', '研发部门', '/system/menu/edit', '127.0.0.1', '内网IP', '{\"menuId\":[\"2\"],\"parentId\":[\"0\"],\"menuType\":[\"M\"],\"menuName\":[\"系统监控\"],\"url\":[\"#\"],\"target\":[\"menuItem\"],\"perms\":[\"\"],\"orderNum\":[\"2\"],\"icon\":[\"fa fa-video-camera\"],\"visible\":[\"0\"],\"isRefresh\":[\"1\"]}', '{\r\n  \"msg\" : \"操作成功\",\r\n  \"code\" : 0\r\n}', 0, NULL, '2021-07-30 17:46:05');
INSERT INTO `sys_oper_log` VALUES (125, '菜单管理', 2, 'com.xy.web.controller.system.SysMenuController.editSave()', 'POST', 1, 'admin', '研发部门', '/system/menu/edit', '127.0.0.1', '内网IP', '{\"menuId\":[\"110\"],\"parentId\":[\"2\"],\"menuType\":[\"C\"],\"menuName\":[\"定时任务\"],\"url\":[\"/monitor/job\"],\"target\":[\"menuItem\"],\"perms\":[\"monitor:job:view\"],\"orderNum\":[\"2\"],\"icon\":[\"fa fa-tasks\"],\"visible\":[\"0\"],\"isRefresh\":[\"1\"]}', '{\r\n  \"msg\" : \"操作成功\",\r\n  \"code\" : 0\r\n}', 0, NULL, '2021-07-30 17:46:31');
INSERT INTO `sys_oper_log` VALUES (126, '菜单管理', 2, 'com.xy.web.controller.system.SysMenuController.editSave()', 'POST', 1, 'admin', '研发部门', '/system/menu/edit', '127.0.0.1', '内网IP', '{\"menuId\":[\"4\"],\"parentId\":[\"0\"],\"menuType\":[\"C\"],\"menuName\":[\"总经办\"],\"url\":[\"http://yt.rcztc.cn\"],\"target\":[\"menuItem\"],\"perms\":[\"\"],\"orderNum\":[\"4\"],\"icon\":[\"fa fa-address-book\"],\"visible\":[\"0\"],\"isRefresh\":[\"0\"]}', '{\r\n  \"msg\" : \"操作成功\",\r\n  \"code\" : 0\r\n}', 0, NULL, '2021-07-31 14:49:10');
INSERT INTO `sys_oper_log` VALUES (127, '菜单管理', 2, 'com.xy.web.controller.system.SysMenuController.editSave()', 'POST', 1, 'admin', '研发部门', '/system/menu/edit', '127.0.0.1', '内网IP', '{\"menuId\":[\"4\"],\"parentId\":[\"0\"],\"menuType\":[\"C\"],\"menuName\":[\"总经办\"],\"url\":[\"#\"],\"target\":[\"menuItem\"],\"perms\":[\"\"],\"orderNum\":[\"4\"],\"icon\":[\"fa fa-address-book\"],\"visible\":[\"0\"],\"isRefresh\":[\"0\"]}', '{\r\n  \"msg\" : \"操作成功\",\r\n  \"code\" : 0\r\n}', 0, NULL, '2021-07-31 14:49:25');
INSERT INTO `sys_oper_log` VALUES (128, '菜单管理', 2, 'com.xy.web.controller.system.SysMenuController.editSave()', 'POST', 1, 'admin', '研发部门', '/system/menu/edit', '127.0.0.1', '内网IP', '{\"menuId\":[\"4\"],\"parentId\":[\"0\"],\"menuType\":[\"M\"],\"menuName\":[\"总经办\"],\"url\":[\"#\"],\"target\":[\"menuItem\"],\"perms\":[\"\"],\"orderNum\":[\"4\"],\"icon\":[\"fa fa-address-book\"],\"visible\":[\"0\"],\"isRefresh\":[\"0\"]}', '{\r\n  \"msg\" : \"操作成功\",\r\n  \"code\" : 0\r\n}', 0, NULL, '2021-07-31 14:49:34');
INSERT INTO `sys_oper_log` VALUES (129, '菜单管理', 2, 'com.xy.web.controller.system.SysMenuController.editSave()', 'POST', 1, 'admin', '研发部门', '/system/menu/edit', '127.0.0.1', '内网IP', '{\"menuId\":[\"100\"],\"parentId\":[\"4\"],\"menuType\":[\"C\"],\"menuName\":[\"用户管理\"],\"url\":[\"/system/user\"],\"target\":[\"menuItem\"],\"perms\":[\"system:user:view\"],\"orderNum\":[\"1\"],\"icon\":[\"fa fa-user-o\"],\"visible\":[\"0\"],\"isRefresh\":[\"1\"]}', '{\r\n  \"msg\" : \"操作成功\",\r\n  \"code\" : 0\r\n}', 0, NULL, '2021-07-31 14:50:02');
INSERT INTO `sys_oper_log` VALUES (130, '菜单管理', 2, 'com.xy.web.controller.system.SysMenuController.editSave()', 'POST', 1, 'admin', '研发部门', '/system/menu/edit', '127.0.0.1', '内网IP', '{\"menuId\":[\"101\"],\"parentId\":[\"4\"],\"menuType\":[\"C\"],\"menuName\":[\"角色管理\"],\"url\":[\"/system/role\"],\"target\":[\"menuItem\"],\"perms\":[\"system:role:view\"],\"orderNum\":[\"2\"],\"icon\":[\"fa fa-user-secret\"],\"visible\":[\"0\"],\"isRefresh\":[\"1\"]}', '{\r\n  \"msg\" : \"操作成功\",\r\n  \"code\" : 0\r\n}', 0, NULL, '2021-07-31 14:50:43');
INSERT INTO `sys_oper_log` VALUES (131, '菜单管理', 2, 'com.xy.web.controller.system.SysMenuController.editSave()', 'POST', 1, 'admin', '研发部门', '/system/menu/edit', '127.0.0.1', '内网IP', '{\"menuId\":[\"103\"],\"parentId\":[\"4\"],\"menuType\":[\"C\"],\"menuName\":[\"部门管理\"],\"url\":[\"/system/dept\"],\"target\":[\"menuItem\"],\"perms\":[\"system:dept:view\"],\"orderNum\":[\"4\"],\"icon\":[\"fa fa-outdent\"],\"visible\":[\"0\"],\"isRefresh\":[\"1\"]}', '{\r\n  \"msg\" : \"操作成功\",\r\n  \"code\" : 0\r\n}', 0, NULL, '2021-07-31 14:50:57');
INSERT INTO `sys_oper_log` VALUES (132, '菜单管理', 2, 'com.xy.web.controller.system.SysMenuController.editSave()', 'POST', 1, 'admin', '研发部门', '/system/menu/edit', '127.0.0.1', '内网IP', '{\"menuId\":[\"104\"],\"parentId\":[\"4\"],\"menuType\":[\"C\"],\"menuName\":[\"岗位管理\"],\"url\":[\"/system/post\"],\"target\":[\"menuItem\"],\"perms\":[\"system:post:view\"],\"orderNum\":[\"5\"],\"icon\":[\"fa fa-address-card-o\"],\"visible\":[\"0\"],\"isRefresh\":[\"1\"]}', '{\r\n  \"msg\" : \"操作成功\",\r\n  \"code\" : 0\r\n}', 0, NULL, '2021-07-31 14:51:08');
INSERT INTO `sys_oper_log` VALUES (133, '菜单管理', 2, 'com.xy.web.controller.system.SysMenuController.editSave()', 'POST', 1, 'admin', '研发部门', '/system/menu/edit', '127.0.0.1', '内网IP', '{\"menuId\":[\"115\"],\"parentId\":[\"3\"],\"menuType\":[\"C\"],\"menuName\":[\"代码生成\"],\"url\":[\"/tool/gen\"],\"target\":[\"menuItem\"],\"perms\":[\"tool:gen:view\"],\"orderNum\":[\"2\"],\"icon\":[\"fa fa-code\"],\"visible\":[\"0\"],\"isRefresh\":[\"1\"]}', '{\r\n  \"msg\" : \"操作成功\",\r\n  \"code\" : 0\r\n}', 0, NULL, '2021-07-31 14:52:33');
INSERT INTO `sys_oper_log` VALUES (134, '菜单管理', 2, 'com.xy.web.controller.system.SysMenuController.editSave()', 'POST', 1, 'admin', '研发部门', '/system/menu/edit', '127.0.0.1', '内网IP', '{\"menuId\":[\"114\"],\"parentId\":[\"3\"],\"menuType\":[\"C\"],\"menuName\":[\"表单构建\"],\"url\":[\"/tool/build\"],\"target\":[\"menuItem\"],\"perms\":[\"tool:build:view\"],\"orderNum\":[\"1\"],\"icon\":[\"fa fa-wpforms\"],\"visible\":[\"0\"],\"isRefresh\":[\"1\"]}', '{\r\n  \"msg\" : \"操作成功\",\r\n  \"code\" : 0\r\n}', 0, NULL, '2021-07-31 14:52:40');
INSERT INTO `sys_oper_log` VALUES (135, '角色管理', 2, 'com.xy.web.controller.system.SysRoleController.changeStatus()', 'POST', 1, 'admin', '研发部门', '/system/role/changeStatus', '127.0.0.1', '内网IP', '{\"roleId\":[\"2\"],\"status\":[\"1\"]}', '{\r\n  \"msg\" : \"操作成功\",\r\n  \"code\" : 0\r\n}', 0, NULL, '2021-07-31 15:29:45');
INSERT INTO `sys_oper_log` VALUES (136, '用户管理', 2, 'com.xy.web.controller.system.SysUserController.editSave()', 'POST', 1, 'admin', '研发部门', '/system/user/edit', '127.0.0.1', '内网IP', '{\"userId\":[\"100\"],\"deptId\":[\"103\"],\"userName\":[\"lele\"],\"dept.deptName\":[\"研发部门\"],\"phonenumber\":[\"\"],\"email\":[\"\"],\"loginName\":[\"lele\"],\"sex\":[\"0\"],\"remark\":[\"\"],\"status\":[\"0\"],\"roleIds\":[\"\"],\"postIds\":[\"4\"]}', '{\r\n  \"msg\" : \"操作成功\",\r\n  \"code\" : 0\r\n}', 0, NULL, '2021-07-31 15:31:42');
INSERT INTO `sys_oper_log` VALUES (137, '角色管理', 2, 'com.xy.web.controller.system.SysRoleController.changeStatus()', 'POST', 1, 'admin', '研发部门', '/system/role/changeStatus', '127.0.0.1', '内网IP', '{\"roleId\":[\"2\"],\"status\":[\"0\"]}', '{\r\n  \"msg\" : \"操作成功\",\r\n  \"code\" : 0\r\n}', 0, NULL, '2021-07-31 15:32:26');
INSERT INTO `sys_oper_log` VALUES (138, '角色管理', 1, 'com.xy.web.controller.system.SysRoleController.addSave()', 'POST', 1, 'admin', '研发部门', '/system/role/add', '127.0.0.1', '内网IP', '{\"roleName\":[\"总经办\"],\"roleKey\":[\"oval_office\"],\"roleSort\":[\"2\"],\"status\":[\"0\"],\"remark\":[\"\"],\"menuIds\":[\"4,100,1000,1001,1002,1003,1004,1005,1006,101,1007,1008,1009,1010,1011,103,1016,1017,1018,1019,104,1020,1021,1022,1023,1024\"]}', '{\r\n  \"msg\" : \"操作成功\",\r\n  \"code\" : 0\r\n}', 0, NULL, '2021-07-31 15:36:50');
INSERT INTO `sys_oper_log` VALUES (139, '角色管理', 2, 'com.xy.web.controller.system.SysRoleController.editSave()', 'POST', 1, 'admin', '研发部门', '/system/role/edit', '127.0.0.1', '内网IP', '{\"roleId\":[\"2\"],\"roleName\":[\"普通角色\"],\"roleKey\":[\"common\"],\"roleSort\":[\"4\"],\"status\":[\"0\"],\"remark\":[\"普通角色\"],\"menuIds\":[\"1,102,1012,1013,1014,1015,105,1025,1026,1027,1028,1029,106,1030,1031,1032,1033,1034,107,1035,1036,1037,1038,108,500,1039,1040,1041,1042,501,1043,1044,1045,1046,2,109,1047,1048,1049,110,1050,1051,1052,1053,1054,1055,1056,111,112,113,3,114,115,1057,1058,1059,1060,1061,116,4,100,1000,1001,1002,1003,1004,1005,1006,101,1007,1008,1009,1010,1011,103,1016,1017,1018,1019,104,1020,1021,1022,1023,1024\"]}', '{\r\n  \"msg\" : \"操作成功\",\r\n  \"code\" : 0\r\n}', 0, NULL, '2021-07-31 15:37:00');
INSERT INTO `sys_oper_log` VALUES (140, '角色管理', 1, 'com.xy.web.controller.system.SysRoleController.addSave()', 'POST', 1, 'admin', '研发部门', '/system/role/add', '127.0.0.1', '内网IP', '{\"roleName\":[\"经理\"],\"roleKey\":[\"manager\"],\"roleSort\":[\"3\"],\"status\":[\"0\"],\"remark\":[\"\"],\"menuIds\":[\"4,100,1000,1001,1002,1003,1005,1006\"]}', '{\r\n  \"msg\" : \"操作成功\",\r\n  \"code\" : 0\r\n}', 0, NULL, '2021-07-31 15:38:42');
INSERT INTO `sys_oper_log` VALUES (141, '用户管理', 1, 'com.xy.web.controller.system.SysUserController.addSave()', 'POST', 1, 'admin', '研发部门', '/system/user/add', '127.0.0.1', '内网IP', '{\"deptId\":[\"100\"],\"userName\":[\"李继阳\"],\"deptName\":[\"总经办\"],\"phonenumber\":[\"\"],\"email\":[\"\"],\"loginName\":[\"lijiyang\"],\"sex\":[\"0\"],\"role\":[\"3\"],\"remark\":[\"\"],\"status\":[\"0\"],\"roleIds\":[\"3\"],\"postIds\":[\"1\"]}', '{\r\n  \"msg\" : \"操作成功\",\r\n  \"code\" : 0\r\n}', 0, NULL, '2021-07-31 15:49:25');
INSERT INTO `sys_oper_log` VALUES (142, '重置密码', 2, 'com.xy.web.controller.system.SysProfileController.resetPwd()', 'POST', 1, 'lijiyang', '总经办', '/system/user/profile/resetPwd', '127.0.0.1', '内网IP', '{\"userId\":[\"101\"],\"loginName\":[\"lijiyang\"]}', '{\r\n  \"msg\" : \"新密码不能与旧密码相同\",\r\n  \"code\" : 500\r\n}', 0, NULL, '2021-07-31 15:49:58');
INSERT INTO `sys_oper_log` VALUES (143, '重置密码', 2, 'com.xy.web.controller.system.SysProfileController.resetPwd()', 'POST', 1, 'lijiyang', '总经办', '/system/user/profile/resetPwd', '127.0.0.1', '内网IP', '{\"userId\":[\"101\"],\"loginName\":[\"lijiyang\"]}', '{\r\n  \"msg\" : \"操作成功\",\r\n  \"code\" : 0\r\n}', 0, NULL, '2021-07-31 15:51:17');
INSERT INTO `sys_oper_log` VALUES (144, '用户管理', 2, 'com.xy.web.controller.system.SysUserController.changeStatus()', 'POST', 1, 'lijiyang', '总经办', '/system/user/changeStatus', '127.0.0.1', '内网IP', '{\"userId\":[\"1\"],\"status\":[\"1\"]}', NULL, 1, '不允许操作超级管理员用户', '2021-07-31 15:52:13');
INSERT INTO `sys_oper_log` VALUES (145, '用户管理', 2, 'com.xy.web.controller.system.SysUserController.changeStatus()', 'POST', 1, 'lijiyang', '总经办', '/system/user/changeStatus', '127.0.0.1', '内网IP', '{\"userId\":[\"100\"],\"status\":[\"1\"]}', '{\r\n  \"msg\" : \"操作成功\",\r\n  \"code\" : 0\r\n}', 0, NULL, '2021-07-31 15:52:18');
INSERT INTO `sys_oper_log` VALUES (146, '用户管理', 2, 'com.xy.web.controller.system.SysUserController.changeStatus()', 'POST', 1, 'lijiyang', '总经办', '/system/user/changeStatus', '127.0.0.1', '内网IP', '{\"userId\":[\"100\"],\"status\":[\"0\"]}', '{\r\n  \"msg\" : \"操作成功\",\r\n  \"code\" : 0\r\n}', 0, NULL, '2021-07-31 15:52:20');
INSERT INTO `sys_oper_log` VALUES (147, '用户管理', 4, 'com.xy.web.controller.system.SysUserController.insertAuthRole()', 'POST', 1, 'admin', '研发部门', '/system/user/authRole/insertAuthRole', '127.0.0.1', '内网IP', '{\"userId\":[\"101\"],\"roleIds\":[\"3\"]}', '{\r\n  \"msg\" : \"操作成功\",\r\n  \"code\" : 0\r\n}', 0, NULL, '2021-07-31 15:52:46');
INSERT INTO `sys_oper_log` VALUES (148, '角色管理', 2, 'com.xy.web.controller.system.SysRoleController.authDataScopeSave()', 'POST', 1, 'admin', '研发部门', '/system/role/authDataScope', '127.0.0.1', '内网IP', '{\"roleId\":[\"3\"],\"roleName\":[\"总经办\"],\"roleKey\":[\"oval_office\"],\"dataScope\":[\"2\"],\"deptIds\":[\"100,101,103,104,200,105,102,108,109\"]}', '{\r\n  \"msg\" : \"操作成功\",\r\n  \"code\" : 0\r\n}', 0, NULL, '2021-07-31 15:53:19');
INSERT INTO `sys_oper_log` VALUES (149, '用户管理', 2, 'com.xy.web.controller.system.SysUserController.editSave()', 'POST', 1, 'lijiyang', '总经办', '/system/user/edit', '127.0.0.1', '内网IP', '{\"userId\":[\"2\"],\"deptId\":[\"105\"],\"userName\":[\"test\"],\"dept.deptName\":[\"测试部门\"],\"phonenumber\":[\"15666666666\"],\"email\":[\"1260842695@qq.com\"],\"loginName\":[\"test\"],\"sex\":[\"0\"],\"role\":[\"4\"],\"remark\":[\"测试员\"],\"status\":[\"0\"],\"roleIds\":[\"4\"],\"postIds\":[\"\"]}', '{\r\n  \"msg\" : \"操作成功\",\r\n  \"code\" : 0\r\n}', 0, NULL, '2021-07-31 15:54:14');
INSERT INTO `sys_oper_log` VALUES (150, '重置密码', 2, 'com.xy.web.controller.system.SysUserController.resetPwdSave()', 'POST', 1, 'lijiyang', '总经办', '/system/user/resetPwd', '127.0.0.1', '内网IP', '{\"userId\":[\"2\"],\"loginName\":[\"test\"]}', '{\r\n  \"msg\" : \"操作成功\",\r\n  \"code\" : 0\r\n}', 0, NULL, '2021-07-31 15:55:23');
INSERT INTO `sys_oper_log` VALUES (151, '用户管理', 2, 'com.xy.web.controller.system.SysUserController.changeStatus()', 'POST', 1, 'test', '测试部门', '/system/user/changeStatus', '192.168.1.220', '内网IP', '{\"userId\":[\"101\"],\"status\":[\"1\"]}', '{\r\n  \"msg\" : \"操作成功\",\r\n  \"code\" : 0\r\n}', 0, NULL, '2021-07-31 15:55:35');
INSERT INTO `sys_oper_log` VALUES (152, '用户管理', 2, 'com.xy.web.controller.system.SysUserController.changeStatus()', 'POST', 1, 'test', '测试部门', '/system/user/changeStatus', '192.168.1.220', '内网IP', '{\"userId\":[\"101\"],\"status\":[\"0\"]}', '{\r\n  \"msg\" : \"操作成功\",\r\n  \"code\" : 0\r\n}', 0, NULL, '2021-07-31 15:55:37');
INSERT INTO `sys_oper_log` VALUES (153, '角色管理', 2, 'com.xy.web.controller.system.SysRoleController.editSave()', 'POST', 1, 'lijiyang', '总经办', '/system/role/edit', '127.0.0.1', '内网IP', '{\"roleId\":[\"4\"],\"roleName\":[\"经理\"],\"roleKey\":[\"manager\"],\"roleSort\":[\"3\"],\"status\":[\"0\"],\"remark\":[\"\"],\"menuIds\":[\"4,100,1000,1001,1005,1006,103,1016\"]}', '{\r\n  \"msg\" : \"操作成功\",\r\n  \"code\" : 0\r\n}', 0, NULL, '2021-07-31 15:58:47');
INSERT INTO `sys_oper_log` VALUES (154, '角色管理', 2, 'com.xy.web.controller.system.SysRoleController.authDataScopeSave()', 'POST', 1, 'lijiyang', '总经办', '/system/role/authDataScope', '127.0.0.1', '内网IP', '{\"roleId\":[\"4\"],\"roleName\":[\"经理\"],\"roleKey\":[\"manager\"],\"dataScope\":[\"3\"],\"deptIds\":[\"\"]}', '{\r\n  \"msg\" : \"操作成功\",\r\n  \"code\" : 0\r\n}', 0, NULL, '2021-07-31 16:00:22');
INSERT INTO `sys_oper_log` VALUES (155, '用户管理', 1, 'com.xy.web.controller.system.SysUserController.addSave()', 'POST', 1, 'admin', '研发部门', '/system/user/add', '127.0.0.1', '内网IP', '{\"deptId\":[\"104\"],\"userName\":[\"经理\"],\"deptName\":[\"商拓部门\"],\"phonenumber\":[\"\"],\"email\":[\"\"],\"loginName\":[\"jingli\"],\"sex\":[\"0\"],\"role\":[\"4\"],\"remark\":[\"\"],\"status\":[\"0\"],\"roleIds\":[\"4\"],\"postIds\":[\"2\"]}', '{\r\n  \"msg\" : \"操作成功\",\r\n  \"code\" : 0\r\n}', 0, NULL, '2021-07-31 16:02:06');
INSERT INTO `sys_oper_log` VALUES (156, '角色管理', 1, 'com.xy.web.controller.system.SysRoleController.addSave()', 'POST', 1, 'lijiyang', '总经办', '/system/role/add', '127.0.0.1', '内网IP', '{\"roleName\":[\"商拓\"],\"roleKey\":[\"BP\"],\"roleSort\":[\"4\"],\"status\":[\"0\"],\"remark\":[\"\"],\"menuIds\":[\"1000\"]}', '{\r\n  \"msg\" : \"操作成功\",\r\n  \"code\" : 0\r\n}', 0, NULL, '2021-07-31 16:03:58');
INSERT INTO `sys_oper_log` VALUES (157, '角色管理', 3, 'com.xy.web.controller.system.SysRoleController.remove()', 'POST', 1, 'admin', '研发部门', '/system/role/remove', '127.0.0.1', '内网IP', '{\"ids\":[\"5\"]}', '{\r\n  \"msg\" : \"操作成功\",\r\n  \"code\" : 0\r\n}', 0, NULL, '2021-07-31 16:10:08');
INSERT INTO `sys_oper_log` VALUES (158, '角色管理', 2, 'com.xy.web.controller.system.SysRoleController.editSave()', 'POST', 1, 'admin', '研发部门', '/system/role/edit', '127.0.0.1', '内网IP', '{\"roleId\":[\"4\"],\"roleName\":[\"商拓\"],\"roleKey\":[\"common\"],\"roleSort\":[\"4\"],\"status\":[\"0\"],\"remark\":[\"普通角色\"],\"menuIds\":[\"4,100,1000\"]}', '{\r\n  \"msg\" : \"操作成功\",\r\n  \"code\" : 0\r\n}', 0, NULL, '2021-07-31 16:11:47');
INSERT INTO `sys_oper_log` VALUES (159, '角色管理', 2, 'com.xy.web.controller.system.SysRoleController.changeStatus()', 'POST', 1, 'lijiyang', '总经办', '/system/role/changeStatus', '127.0.0.1', '内网IP', '{\"roleId\":[\"1\"],\"status\":[\"1\"]}', NULL, 1, '不允许操作超级管理员角色', '2021-07-31 16:12:11');
INSERT INTO `sys_oper_log` VALUES (160, '角色管理', 2, 'com.xy.web.controller.system.SysRoleController.editSave()', 'POST', 1, 'admin', '研发部门', '/system/role/edit', '127.0.0.1', '内网IP', '{\"roleId\":[\"2\"],\"roleName\":[\"总经办\"],\"roleKey\":[\"oval_office\"],\"roleSort\":[\"2\"],\"status\":[\"0\"],\"remark\":[\"\"],\"menuIds\":[\"1,107,1035,1036,1037,1038,108,500,1039,501,1043,4,100,1000,1001,1002,1003,1004,1005,1006,101,1007,1008,1009,1010,1011,103,1016,1017,1018,1019,104,1020,1021,1022,1023,1024\"]}', '{\r\n  \"msg\" : \"操作成功\",\r\n  \"code\" : 0\r\n}', 0, NULL, '2021-07-31 16:13:57');
INSERT INTO `sys_oper_log` VALUES (161, '角色管理', 2, 'com.xy.web.controller.system.SysRoleController.editSave()', 'POST', 1, 'admin', '研发部门', '/system/role/edit', '127.0.0.1', '内网IP', '{\"roleId\":[\"2\"],\"roleName\":[\"总经办\"],\"roleKey\":[\"oval_office\"],\"roleSort\":[\"2\"],\"status\":[\"0\"],\"remark\":[\"\"],\"menuIds\":[\"1,107,1035,1036,1037,1038,108,500,1039,501,1043,4,100,1000,1001,1002,1003,1004,1005,1006,101,1007,1008,1009,1010,1011,103,1016,1017,1018,1019,104,1020,1021,1022,1023,1024\"]}', '{\r\n  \"msg\" : \"操作成功\",\r\n  \"code\" : 0\r\n}', 0, NULL, '2021-07-31 16:14:45');
INSERT INTO `sys_oper_log` VALUES (162, '用户管理', 2, 'com.xy.web.controller.system.SysUserController.changeStatus()', 'POST', 1, 'admin', '研发部门', '/system/user/changeStatus', '127.0.0.1', '内网IP', '{\"userId\":[\"101\"],\"status\":[\"1\"]}', '{\r\n  \"msg\" : \"操作成功\",\r\n  \"code\" : 0\r\n}', 0, NULL, '2021-07-31 16:15:24');
INSERT INTO `sys_oper_log` VALUES (163, '参数管理', 2, 'com.xy.web.controller.system.SysConfigController.editSave()', 'POST', 1, 'admin', '研发部门', '/system/config/edit', '127.0.0.1', '内网IP', '{\"configId\":[\"4\"],\"configName\":[\"账号自助-是否开启用户注册功能\"],\"configKey\":[\"sys.account.registerUser\"],\"configValue\":[\"false\"],\"configType\":[\"Y\"],\"remark\":[\"是否开启注册用户功能（true开启，false关闭）\"]}', '{\r\n  \"msg\" : \"操作成功\",\r\n  \"code\" : 0\r\n}', 0, NULL, '2021-07-31 16:16:09');
INSERT INTO `sys_oper_log` VALUES (164, '用户管理', 2, 'com.xy.web.controller.system.SysUserController.changeStatus()', 'POST', 1, 'admin', '研发部门', '/system/user/changeStatus', '127.0.0.1', '内网IP', '{\"userId\":[\"101\"],\"status\":[\"0\"]}', '{\r\n  \"msg\" : \"操作成功\",\r\n  \"code\" : 0\r\n}', 0, NULL, '2021-07-31 16:16:54');
INSERT INTO `sys_oper_log` VALUES (165, '用户管理', 2, 'com.xy.web.controller.system.SysUserController.changeStatus()', 'POST', 1, 'admin', '研发部门', '/system/user/changeStatus', '127.0.0.1', '内网IP', '{\"userId\":[\"1\"],\"status\":[\"1\"]}', NULL, 1, '不允许操作超级管理员用户', '2021-07-31 16:16:58');
INSERT INTO `sys_oper_log` VALUES (166, '用户管理', 4, 'com.xy.web.controller.system.SysUserController.insertAuthRole()', 'POST', 1, 'admin', '研发部门', '/system/user/authRole/insertAuthRole', '127.0.0.1', '内网IP', '{\"userId\":[\"101\"],\"roleIds\":[\"2\"]}', '{\r\n  \"msg\" : \"操作成功\",\r\n  \"code\" : 0\r\n}', 0, NULL, '2021-07-31 16:27:32');
INSERT INTO `sys_oper_log` VALUES (167, '角色管理', 2, 'com.xy.web.controller.system.SysRoleController.editSave()', 'POST', 1, 'admin', '研发部门', '/system/role/edit', '127.0.0.1', '内网IP', '{\"roleId\":[\"2\"],\"roleName\":[\"总经办\"],\"roleKey\":[\"oval_office\"],\"roleSort\":[\"2\"],\"status\":[\"0\"],\"remark\":[\"\"],\"menuIds\":[\"1,107,1035,1036,1037,1038,108,500,1039,501,1043,4,100,1000,1001,1002,1003,1004,1005,1006,101,1007,1008,1009,1010,1011,103,1016,1017,1018,1019,104,1020,1021,1022,1023,1024\"]}', '{\r\n  \"msg\" : \"操作成功\",\r\n  \"code\" : 0\r\n}', 0, NULL, '2021-07-31 16:28:18');
INSERT INTO `sys_oper_log` VALUES (168, '菜单管理', 2, 'com.xy.web.controller.system.SysMenuController.editSave()', 'POST', 1, 'admin', '研发部门', '/system/menu/edit', '127.0.0.1', '内网IP', '{\"menuId\":[\"4\"],\"parentId\":[\"0\"],\"menuType\":[\"M\"],\"menuName\":[\"总经办-客户关系管理\"],\"url\":[\"#\"],\"target\":[\"menuItem\"],\"perms\":[\"\"],\"orderNum\":[\"4\"],\"icon\":[\"fa fa-address-book\"],\"visible\":[\"0\"],\"isRefresh\":[\"0\"]}', '{\r\n  \"msg\" : \"操作成功\",\r\n  \"code\" : 0\r\n}', 0, NULL, '2021-07-31 16:30:28');
INSERT INTO `sys_oper_log` VALUES (169, '通知公告', 2, 'com.xy.web.controller.system.SysNoticeController.editSave()', 'POST', 1, 'lijiyang', '总经办', '/system/notice/edit', '127.0.0.1', '内网IP', '{\"noticeId\":[\"1\"],\"noticeTitle\":[\"温馨提醒：2021-07-01 新版本发布啦1\"],\"noticeType\":[\"2\"],\"noticeContent\":[\"新版本内容\"],\"status\":[\"0\"]}', '{\r\n  \"msg\" : \"操作成功\",\r\n  \"code\" : 0\r\n}', 0, NULL, '2021-07-31 16:31:15');
INSERT INTO `sys_oper_log` VALUES (170, '通知公告', 2, 'com.xy.web.controller.system.SysNoticeController.editSave()', 'POST', 1, 'lijiyang', '总经办', '/system/notice/edit', '127.0.0.1', '内网IP', '{\"noticeId\":[\"1\"],\"noticeTitle\":[\"温馨提醒：2021-07-01 新版本发布啦\"],\"noticeType\":[\"2\"],\"noticeContent\":[\"新版本内容\"],\"status\":[\"0\"]}', '{\r\n  \"msg\" : \"操作成功\",\r\n  \"code\" : 0\r\n}', 0, NULL, '2021-07-31 16:31:19');
INSERT INTO `sys_oper_log` VALUES (171, '角色管理', 2, 'com.xy.web.controller.system.SysRoleController.editSave()', 'POST', 1, 'admin', '研发部门', '/system/role/edit', '127.0.0.1', '内网IP', '{\"roleId\":[\"2\"],\"roleName\":[\"总经办\"],\"roleKey\":[\"oval_office\"],\"roleSort\":[\"2\"],\"status\":[\"0\"],\"remark\":[\"\"],\"menuIds\":[\"1,107,1035,108,500,1039,501,1043,4,100,1000,1001,1002,1003,1004,1005,1006,101,1007,1008,1009,1010,1011,103,1016,1017,1018,1019,104,1020,1021,1022,1023,1024\"]}', '{\r\n  \"msg\" : \"操作成功\",\r\n  \"code\" : 0\r\n}', 0, NULL, '2021-07-31 16:32:05');
INSERT INTO `sys_oper_log` VALUES (172, '角色管理', 2, 'com.xy.web.controller.system.SysRoleController.authDataScopeSave()', 'POST', 1, 'admin', '研发部门', '/system/role/authDataScope', '127.0.0.1', '内网IP', '{\"roleId\":[\"2\"],\"roleName\":[\"总经办\"],\"roleKey\":[\"oval_office\"],\"dataScope\":[\"2\"],\"deptIds\":[\"100,101,103,104,200,105,102,108,109\"]}', '{\r\n  \"msg\" : \"操作成功\",\r\n  \"code\" : 0\r\n}', 0, NULL, '2021-07-31 16:34:33');
INSERT INTO `sys_oper_log` VALUES (173, '角色管理', 2, 'com.xy.web.controller.system.SysRoleController.authDataScopeSave()', 'POST', 1, 'admin', '研发部门', '/system/role/authDataScope', '127.0.0.1', '内网IP', '{\"roleId\":[\"2\"],\"roleName\":[\"总经办\"],\"roleKey\":[\"oval_office\"],\"dataScope\":[\"1\"],\"deptIds\":[\"\"]}', '{\r\n  \"msg\" : \"操作成功\",\r\n  \"code\" : 0\r\n}', 0, NULL, '2021-07-31 16:35:20');
INSERT INTO `sys_oper_log` VALUES (174, '角色管理', 2, 'com.xy.web.controller.system.SysRoleController.authDataScopeSave()', 'POST', 1, 'admin', '研发部门', '/system/role/authDataScope', '127.0.0.1', '内网IP', '{\"roleId\":[\"2\"],\"roleName\":[\"总经办\"],\"roleKey\":[\"oval_office\"],\"dataScope\":[\"2\"],\"deptIds\":[\"100,101,103,104,200,105,102,108,109\"]}', '{\r\n  \"msg\" : \"操作成功\",\r\n  \"code\" : 0\r\n}', 0, NULL, '2021-07-31 16:36:14');
INSERT INTO `sys_oper_log` VALUES (175, '部门管理', 2, 'com.xy.web.controller.system.SysDeptController.editSave()', 'POST', 1, 'lijiyang', '总经办', '/system/dept/edit', '127.0.0.1', '内网IP', '{\"deptId\":[\"101\"],\"parentId\":[\"100\"],\"parentName\":[\"总经办\"],\"deptName\":[\"总经办\"],\"orderNum\":[\"1\"],\"leader\":[\"沐总\"],\"phone\":[\"17633850000\"],\"email\":[\"00@qq.com\"],\"status\":[\"0\"]}', '{\r\n  \"msg\" : \"操作成功\",\r\n  \"code\" : 0\r\n}', 0, NULL, '2021-07-31 16:37:01');
INSERT INTO `sys_oper_log` VALUES (176, '部门管理', 3, 'com.xy.web.controller.system.SysDeptController.remove()', 'GET', 1, 'lijiyang', '总经办', '/system/dept/remove/102', '127.0.0.1', '内网IP', '102', '{\r\n  \"msg\" : \"存在下级部门,不允许删除\",\r\n  \"code\" : 301\r\n}', 0, NULL, '2021-07-31 16:37:07');
INSERT INTO `sys_oper_log` VALUES (177, '部门管理', 3, 'com.xy.web.controller.system.SysDeptController.remove()', 'GET', 1, 'lijiyang', '总经办', '/system/dept/remove/109', '127.0.0.1', '内网IP', '109', '{\r\n  \"msg\" : \"操作成功\",\r\n  \"code\" : 0\r\n}', 0, NULL, '2021-07-31 16:37:11');
INSERT INTO `sys_oper_log` VALUES (178, '部门管理', 3, 'com.xy.web.controller.system.SysDeptController.remove()', 'GET', 1, 'lijiyang', '总经办', '/system/dept/remove/108', '127.0.0.1', '内网IP', '108', '{\r\n  \"msg\" : \"操作成功\",\r\n  \"code\" : 0\r\n}', 0, NULL, '2021-07-31 16:37:14');
INSERT INTO `sys_oper_log` VALUES (179, '部门管理', 3, 'com.xy.web.controller.system.SysDeptController.remove()', 'GET', 1, 'lijiyang', '总经办', '/system/dept/remove/102', '127.0.0.1', '内网IP', '102', '{\r\n  \"msg\" : \"操作成功\",\r\n  \"code\" : 0\r\n}', 0, NULL, '2021-07-31 16:37:17');
INSERT INTO `sys_oper_log` VALUES (180, '部门管理', 2, 'com.xy.web.controller.system.SysDeptController.editSave()', 'POST', 1, 'lijiyang', '总经办', '/system/dept/edit', '127.0.0.1', '内网IP', '{\"deptId\":[\"103\"],\"parentId\":[\"101\"],\"parentName\":[\"总经办\"],\"deptName\":[\"商拓1部\"],\"orderNum\":[\"1\"],\"leader\":[\"沐总\"],\"phone\":[\"17633850000\"],\"email\":[\"00@qq.com\"],\"status\":[\"0\"]}', '{\r\n  \"msg\" : \"操作成功\",\r\n  \"code\" : 0\r\n}', 0, NULL, '2021-07-31 16:38:44');
INSERT INTO `sys_oper_log` VALUES (181, '部门管理', 2, 'com.xy.web.controller.system.SysDeptController.editSave()', 'POST', 1, 'lijiyang', '总经办', '/system/dept/edit', '127.0.0.1', '内网IP', '{\"deptId\":[\"104\"],\"parentId\":[\"101\"],\"parentName\":[\"总经办\"],\"deptName\":[\"商拓2部\"],\"orderNum\":[\"2\"],\"leader\":[\"沐总\"],\"phone\":[\"17633850000\"],\"email\":[\"00@qq.com\"],\"status\":[\"0\"]}', '{\r\n  \"msg\" : \"操作成功\",\r\n  \"code\" : 0\r\n}', 0, NULL, '2021-07-31 16:38:53');
INSERT INTO `sys_oper_log` VALUES (182, '部门管理', 2, 'com.xy.web.controller.system.SysDeptController.editSave()', 'POST', 1, 'lijiyang', '总经办', '/system/dept/edit', '127.0.0.1', '内网IP', '{\"deptId\":[\"200\"],\"parentId\":[\"104\"],\"parentName\":[\"商拓2部\"],\"deptName\":[\"商拓2部1组分队\"],\"orderNum\":[\"1\"],\"leader\":[\"王经理\"],\"phone\":[\"17633850000\"],\"email\":[\"hanlele96@163.com\"],\"status\":[\"0\"]}', '{\r\n  \"msg\" : \"操作成功\",\r\n  \"code\" : 0\r\n}', 0, NULL, '2021-07-31 16:39:18');
INSERT INTO `sys_oper_log` VALUES (183, '部门管理', 2, 'com.xy.web.controller.system.SysDeptController.editSave()', 'POST', 1, 'lijiyang', '总经办', '/system/dept/edit', '127.0.0.1', '内网IP', '{\"deptId\":[\"105\"],\"parentId\":[\"101\"],\"parentName\":[\"总经办\"],\"deptName\":[\"商拓3部\"],\"orderNum\":[\"3\"],\"leader\":[\"沐总\"],\"phone\":[\"17633850000\"],\"email\":[\"00@qq.com\"],\"status\":[\"0\"]}', '{\r\n  \"msg\" : \"操作成功\",\r\n  \"code\" : 0\r\n}', 0, NULL, '2021-07-31 16:39:34');
INSERT INTO `sys_oper_log` VALUES (184, '角色管理', 2, 'com.xy.web.controller.system.SysRoleController.authDataScopeSave()', 'POST', 1, 'admin', '商拓1部', '/system/role/authDataScope', '127.0.0.1', '内网IP', '{\"roleId\":[\"2\"],\"roleName\":[\"总经办\"],\"roleKey\":[\"oval_office\"],\"dataScope\":[\"2\"],\"deptIds\":[\"101,103,104,200,105\"]}', '{\r\n  \"msg\" : \"操作成功\",\r\n  \"code\" : 0\r\n}', 0, NULL, '2021-07-31 16:40:22');
INSERT INTO `sys_oper_log` VALUES (185, '用户管理', 2, 'com.xy.web.controller.system.SysUserController.editSave()', 'POST', 1, 'lijiyang', '超级管理员', '/system/user/edit', '127.0.0.1', '内网IP', '{\"userId\":[\"102\"],\"deptId\":[\"103\"],\"userName\":[\"经理\"],\"dept.deptName\":[\"商拓1部\"],\"phonenumber\":[\"\"],\"email\":[\"\"],\"loginName\":[\"jingli\"],\"sex\":[\"0\"],\"remark\":[\"\"],\"status\":[\"0\"],\"roleIds\":[\"\"],\"postIds\":[\"2\"]}', '{\r\n  \"msg\" : \"操作成功\",\r\n  \"code\" : 0\r\n}', 0, NULL, '2021-07-31 16:47:41');
INSERT INTO `sys_oper_log` VALUES (186, '用户管理', 2, 'com.xy.web.controller.system.SysUserController.editSave()', 'POST', 1, 'admin', '商拓1部', '/system/user/edit', '127.0.0.1', '内网IP', '{\"userId\":[\"100\"],\"deptId\":[\"100\"],\"userName\":[\"lele\"],\"dept.deptName\":[\"超级管理员\"],\"phonenumber\":[\"\"],\"email\":[\"\"],\"loginName\":[\"lele\"],\"sex\":[\"0\"],\"remark\":[\"\"],\"status\":[\"0\"],\"roleIds\":[\"\"],\"postIds\":[\"4\"]}', '{\r\n  \"msg\" : \"操作成功\",\r\n  \"code\" : 0\r\n}', 0, NULL, '2021-07-31 16:50:55');
INSERT INTO `sys_oper_log` VALUES (187, '用户管理', 2, 'com.xy.web.controller.system.SysUserController.editSave()', 'POST', 1, 'admin', '商拓1部', '/system/user/edit', '127.0.0.1', '内网IP', '{\"userId\":[\"101\"],\"deptId\":[\"101\"],\"userName\":[\"李继阳\"],\"dept.deptName\":[\"总经办\"],\"phonenumber\":[\"\"],\"email\":[\"\"],\"loginName\":[\"lijiyang\"],\"sex\":[\"0\"],\"role\":[\"2\"],\"remark\":[\"\"],\"status\":[\"0\"],\"roleIds\":[\"2\"],\"postIds\":[\"1\"]}', '{\r\n  \"msg\" : \"操作成功\",\r\n  \"code\" : 0\r\n}', 0, NULL, '2021-07-31 16:51:13');
INSERT INTO `sys_oper_log` VALUES (188, '用户管理', 2, 'com.xy.web.controller.system.SysUserController.editSave()', 'POST', 1, 'admin', '商拓1部', '/system/user/edit', '127.0.0.1', '内网IP', '{\"userId\":[\"1\"],\"deptId\":[\"100\"],\"userName\":[\"超级管理员\"],\"dept.deptName\":[\"超级管理员\"],\"phonenumber\":[\"15888888888\"],\"email\":[\"lusifer@163.com\"],\"loginName\":[\"admin\"],\"sex\":[\"0\"],\"role\":[\"1\"],\"remark\":[\"管理员\"],\"status\":[\"0\"],\"roleIds\":[\"1\"],\"postIds\":[\"1\"]}', NULL, 1, '不允许操作超级管理员用户', '2021-07-31 17:12:19');
INSERT INTO `sys_oper_log` VALUES (189, '用户管理', 3, 'com.xy.web.controller.system.SysUserController.remove()', 'POST', 1, 'admin', '商拓1部', '/system/user/remove', '127.0.0.1', '内网IP', '{\"ids\":[\"1\"]}', NULL, 1, '不允许操作超级管理员用户', '2021-07-31 17:12:38');
INSERT INTO `sys_oper_log` VALUES (190, '角色管理', 2, 'com.xy.web.controller.system.SysRoleController.changeStatus()', 'POST', 1, 'lijiyang', '超级管理员', '/system/role/changeStatus', '127.0.0.1', '内网IP', '{\"roleId\":[\"1\"],\"status\":[\"1\"]}', NULL, 1, '不允许操作超级管理员角色', '2021-07-31 17:15:43');
INSERT INTO `sys_oper_log` VALUES (191, '角色管理', 2, 'com.xy.web.controller.system.SysRoleController.authDataScopeSave()', 'POST', 1, 'admin', '商拓1部', '/system/role/authDataScope', '127.0.0.1', '内网IP', '{\"roleId\":[\"2\"],\"roleName\":[\"总经办\"],\"roleKey\":[\"oval_office\"],\"dataScope\":[\"2\"],\"deptIds\":[\"101,103,104,200,105\"]}', '{\r\n  \"msg\" : \"操作成功\",\r\n  \"code\" : 0\r\n}', 0, NULL, '2021-07-31 17:16:29');
INSERT INTO `sys_oper_log` VALUES (192, '角色管理', 2, 'com.xy.web.controller.system.SysRoleController.editSave()', 'POST', 1, 'admin', '商拓1部', '/system/role/edit', '127.0.0.1', '内网IP', '{\"roleId\":[\"2\"],\"roleName\":[\"总经办\"],\"roleKey\":[\"oval_office\"],\"roleSort\":[\"2\"],\"status\":[\"0\"],\"remark\":[\"\"],\"menuIds\":[\"1,107,1035,108,500,1039,501,1043,4,100,1000,1001,1002,1003,1004,1005,1006,101,1007,1008,1009,1010,1011,103,1016,1017,1018,1019,104,1020,1021,1022,1023,1024\"]}', '{\r\n  \"msg\" : \"操作成功\",\r\n  \"code\" : 0\r\n}', 0, NULL, '2021-07-31 17:16:52');
INSERT INTO `sys_oper_log` VALUES (193, '用户管理', 2, 'com.xy.web.controller.system.SysUserController.editSave()', 'POST', 1, 'admin', '商拓1部', '/system/user/edit', '127.0.0.1', '内网IP', '{\"userId\":[\"101\"],\"deptId\":[\"101\"],\"userName\":[\"李继阳\"],\"dept.deptName\":[\"总经办\"],\"phonenumber\":[\"\"],\"email\":[\"\"],\"loginName\":[\"lijiyang\"],\"sex\":[\"0\"],\"role\":[\"4\",\"2\",\"3\"],\"remark\":[\"\"],\"status\":[\"0\"],\"roleIds\":[\"4,2,3\"],\"postIds\":[\"1\"]}', '{\r\n  \"msg\" : \"操作成功\",\r\n  \"code\" : 0\r\n}', 0, NULL, '2021-07-31 17:39:19');
INSERT INTO `sys_oper_log` VALUES (194, '用户管理', 4, 'com.xy.web.controller.system.SysUserController.insertAuthRole()', 'POST', 1, 'admin', '商拓1部', '/system/user/authRole/insertAuthRole', '127.0.0.1', '内网IP', '{\"userId\":[\"101\"],\"roleIds\":[\"2\"]}', '{\r\n  \"msg\" : \"操作成功\",\r\n  \"code\" : 0\r\n}', 0, NULL, '2021-07-31 17:39:42');
INSERT INTO `sys_oper_log` VALUES (195, '角色管理', 2, 'com.xy.web.controller.system.SysRoleController.editSave()', 'POST', 1, 'admin', '商拓1部', '/system/role/edit', '127.0.0.1', '内网IP', '{\"roleId\":[\"2\"],\"roleName\":[\"总经办\"],\"roleKey\":[\"oval_office\"],\"roleSort\":[\"2\"],\"status\":[\"0\"],\"remark\":[\"\"],\"menuIds\":[\"1,107,1035,108,500,1039,501,1043,4,100,1000,1001,1002,1003,1004,1005,1006,101,1007,1008,1009,1010,1011,103,1016,1017,1018,1019,104,1020,1021,1022,1023,1024\"]}', '{\r\n  \"msg\" : \"操作成功\",\r\n  \"code\" : 0\r\n}', 0, NULL, '2021-07-31 17:40:35');
INSERT INTO `sys_oper_log` VALUES (196, '角色管理', 2, 'com.xy.web.controller.system.SysRoleController.authDataScopeSave()', 'POST', 1, 'admin', '商拓1部', '/system/role/authDataScope', '127.0.0.1', '内网IP', '{\"roleId\":[\"2\"],\"roleName\":[\"总经办\"],\"roleKey\":[\"oval_office\"],\"dataScope\":[\"2\"],\"deptIds\":[\"101,103,104,200,105\"]}', '{\r\n  \"msg\" : \"操作成功\",\r\n  \"code\" : 0\r\n}', 0, NULL, '2021-07-31 17:40:53');
INSERT INTO `sys_oper_log` VALUES (197, '角色管理', 2, 'com.xy.web.controller.system.SysRoleController.editSave()', 'POST', 1, 'admin', '商拓1部', '/system/role/edit', '127.0.0.1', '内网IP', '{\"roleId\":[\"2\"],\"roleName\":[\"总经办\"],\"roleKey\":[\"CEO\"],\"roleSort\":[\"2\"],\"status\":[\"0\"],\"remark\":[\"\"],\"menuIds\":[\"1,107,1035,108,500,1039,501,1043,4,100,1000,1001,1002,1003,1004,1005,1006,101,1007,1008,1009,1010,1011,103,1016,1017,1018,1019,104,1020,1021,1022,1023,1024\"]}', '{\r\n  \"msg\" : \"操作成功\",\r\n  \"code\" : 0\r\n}', 0, NULL, '2021-07-31 17:42:09');
INSERT INTO `sys_oper_log` VALUES (198, '角色管理', 2, 'com.xy.web.controller.system.SysRoleController.editSave()', 'POST', 1, 'admin', '商拓1部', '/system/role/edit', '127.0.0.1', '内网IP', '{\"roleId\":[\"3\"],\"roleName\":[\"经理\"],\"roleKey\":[\"PM\"],\"roleSort\":[\"3\"],\"status\":[\"0\"],\"remark\":[\"\"],\"menuIds\":[\"4,100,1000,1001,1002,1003,1004,1005,1006,101,1007,1008,1009,1010,1011,103,1016,1017,1018,1019,104,1020,1021,1022,1023,1024\"]}', '{\r\n  \"msg\" : \"操作成功\",\r\n  \"code\" : 0\r\n}', 0, NULL, '2021-07-31 17:42:20');
INSERT INTO `sys_oper_log` VALUES (199, '角色管理', 2, 'com.xy.web.controller.system.SysRoleController.authDataScopeSave()', 'POST', 1, 'admin', '商拓1部', '/system/role/authDataScope', '127.0.0.1', '内网IP', '{\"roleId\":[\"2\"],\"roleName\":[\"总经办\"],\"roleKey\":[\"CEO\"],\"dataScope\":[\"1\"],\"deptIds\":[\"\"]}', '{\r\n  \"msg\" : \"操作成功\",\r\n  \"code\" : 0\r\n}', 0, NULL, '2021-07-31 17:42:48');
INSERT INTO `sys_oper_log` VALUES (200, '角色管理', 2, 'com.xy.web.controller.system.SysRoleController.authDataScopeSave()', 'POST', 1, 'admin', '商拓1部', '/system/role/authDataScope', '127.0.0.1', '内网IP', '{\"roleId\":[\"2\"],\"roleName\":[\"总经办\"],\"roleKey\":[\"CEO\"],\"dataScope\":[\"4\"],\"deptIds\":[\"\"]}', '{\r\n  \"msg\" : \"操作成功\",\r\n  \"code\" : 0\r\n}', 0, NULL, '2021-07-31 17:43:24');
INSERT INTO `sys_oper_log` VALUES (201, '角色管理', 2, 'com.xy.web.controller.system.SysRoleController.authDataScopeSave()', 'POST', 1, 'admin', '商拓1部', '/system/role/authDataScope', '127.0.0.1', '内网IP', '{\"roleId\":[\"2\"],\"roleName\":[\"总经办\"],\"roleKey\":[\"CEO\"],\"dataScope\":[\"5\"],\"deptIds\":[\"\"]}', '{\r\n  \"msg\" : \"操作成功\",\r\n  \"code\" : 0\r\n}', 0, NULL, '2021-07-31 17:44:41');
INSERT INTO `sys_oper_log` VALUES (202, '角色管理', 2, 'com.xy.web.controller.system.SysRoleController.authDataScopeSave()', 'POST', 1, 'admin', '商拓1部', '/system/role/authDataScope', '127.0.0.1', '内网IP', '{\"roleId\":[\"2\"],\"roleName\":[\"总经办\"],\"roleKey\":[\"CEO\"],\"dataScope\":[\"2\"],\"deptIds\":[\"101,103,104,200,105\"]}', '{\r\n  \"msg\" : \"操作成功\",\r\n  \"code\" : 0\r\n}', 0, NULL, '2021-07-31 17:46:05');
INSERT INTO `sys_oper_log` VALUES (203, '角色管理', 2, 'com.xy.web.controller.system.SysRoleController.editSave()', 'POST', 1, 'admin', '商拓1部', '/system/role/edit', '127.0.0.1', '内网IP', '{\"roleId\":[\"2\"],\"roleName\":[\"总经办\"],\"roleKey\":[\"CEO\"],\"roleSort\":[\"2\"],\"status\":[\"0\"],\"remark\":[\"\"],\"menuIds\":[\"1,107,1035,108,500,1039,501,1043,4,100,1000,1001,1002,1003,1004,1005,1006,101,1007,1008,1009,1010,1011,103,1016,1017,1018,1019,104,1020,1021,1022,1023,1024\"]}', '{\r\n  \"msg\" : \"操作成功\",\r\n  \"code\" : 0\r\n}', 0, NULL, '2021-07-31 17:46:28');
INSERT INTO `sys_oper_log` VALUES (204, '用户管理', 4, 'com.xy.web.controller.system.SysUserController.insertAuthRole()', 'POST', 1, 'admin', '商拓1部', '/system/user/authRole/insertAuthRole', '127.0.0.1', '内网IP', '{\"userId\":[\"101\"],\"roleIds\":[\"2,3,4\"]}', '{\r\n  \"msg\" : \"操作成功\",\r\n  \"code\" : 0\r\n}', 0, NULL, '2021-07-31 17:46:50');
INSERT INTO `sys_oper_log` VALUES (205, '用户管理', 2, 'com.xy.web.controller.system.SysUserController.editSave()', 'POST', 1, 'lijiyang', '总经办', '/system/user/edit', '127.0.0.1', '内网IP', '{\"userId\":[\"102\"],\"deptId\":[\"103\"],\"userName\":[\"我是总经办\"],\"dept.deptName\":[\"商拓1部\"],\"phonenumber\":[\"\"],\"email\":[\"\"],\"loginName\":[\"jingli\"],\"sex\":[\"0\"],\"role\":[\"2\"],\"remark\":[\"\"],\"status\":[\"0\"],\"roleIds\":[\"2\"],\"postIds\":[\"2\"]}', '{\r\n  \"msg\" : \"操作成功\",\r\n  \"code\" : 0\r\n}', 0, NULL, '2021-07-31 17:47:36');
INSERT INTO `sys_oper_log` VALUES (206, '用户管理', 2, 'com.xy.web.controller.system.SysUserController.editSave()', 'POST', 1, 'lijiyang', '总经办', '/system/user/edit', '127.0.0.1', '内网IP', '{\"userId\":[\"102\"],\"deptId\":[\"103\"],\"userName\":[\"经理\"],\"dept.deptName\":[\"商拓1部\"],\"phonenumber\":[\"\"],\"email\":[\"\"],\"loginName\":[\"jingli\"],\"sex\":[\"0\"],\"role\":[\"3\"],\"remark\":[\"\"],\"status\":[\"0\"],\"roleIds\":[\"3\"],\"postIds\":[\"2\"]}', '{\r\n  \"msg\" : \"操作成功\",\r\n  \"code\" : 0\r\n}', 0, NULL, '2021-07-31 17:48:04');
INSERT INTO `sys_oper_log` VALUES (207, '用户管理', 2, 'com.xy.web.controller.system.SysUserController.editSave()', 'POST', 1, 'lijiyang', '总经办', '/system/user/edit', '127.0.0.1', '内网IP', '{\"userId\":[\"101\"],\"deptId\":[\"101\"],\"userName\":[\"李继阳\"],\"dept.deptName\":[\"总经办\"],\"phonenumber\":[\"\"],\"email\":[\"\"],\"loginName\":[\"lijiyang\"],\"sex\":[\"0\"],\"role\":[\"2\"],\"remark\":[\"\"],\"status\":[\"0\"],\"roleIds\":[\"2\"],\"postIds\":[\"1\"]}', '{\r\n  \"msg\" : \"操作成功\",\r\n  \"code\" : 0\r\n}', 0, NULL, '2021-07-31 17:48:16');
INSERT INTO `sys_oper_log` VALUES (208, '用户管理', 2, 'com.xy.web.controller.system.SysUserController.editSave()', 'POST', 1, 'admin', '商拓1部', '/system/user/edit', '127.0.0.1', '内网IP', '{\"userId\":[\"100\"],\"deptId\":[\"100\"],\"userName\":[\"lele\"],\"dept.deptName\":[\"超级管理员\"],\"phonenumber\":[\"\"],\"email\":[\"\"],\"loginName\":[\"lele\"],\"sex\":[\"0\"],\"remark\":[\"\"],\"status\":[\"0\"],\"roleIds\":[\"\"],\"postIds\":[\"1\"]}', '{\r\n  \"msg\" : \"操作成功\",\r\n  \"code\" : 0\r\n}', 0, NULL, '2021-07-31 17:49:04');
INSERT INTO `sys_oper_log` VALUES (209, '重置密码', 2, 'com.xy.web.controller.system.SysUserController.resetPwdSave()', 'POST', 1, 'admin', '商拓1部', '/system/user/resetPwd', '127.0.0.1', '内网IP', '{\"userId\":[\"100\"],\"loginName\":[\"lele\"]}', '{\r\n  \"msg\" : \"操作成功\",\r\n  \"code\" : 0\r\n}', 0, NULL, '2021-07-31 17:49:47');
INSERT INTO `sys_oper_log` VALUES (210, '角色管理', 1, 'com.xy.web.controller.system.SysRoleController.addSave()', 'POST', 1, 'admin', '商拓1部', '/system/role/add', '127.0.0.1', '内网IP', '{\"roleName\":[\"超级管理\"],\"roleKey\":[\"administrator\"],\"roleSort\":[\"5\"],\"status\":[\"0\"],\"remark\":[\"\"],\"menuIds\":[\"1,102,1012,1013,1014,1015,105,1025,1026,1027,1028,1029,106,1030,1031,1032,1033,1034,107,1035,1036,1037,1038,108,500,1039,1040,1041,1042,501,1043,1044,1045,1046,2,109,1047,1048,1049,110,1050,1051,1052,1053,1054,1055,1056,111,112,113,3,114,115,1057,1058,1059,1060,1061,116,4,100,1000,1001,1002,1003,1004,1005,1006,101,1007,1008,1009,1010,1011,103,1016,1017,1018,1019,104,1020,1021,1022,1023,1024\"]}', '{\r\n  \"msg\" : \"操作成功\",\r\n  \"code\" : 0\r\n}', 0, NULL, '2021-07-31 17:52:59');
INSERT INTO `sys_oper_log` VALUES (211, '角色管理', 4, 'com.xy.web.controller.system.SysRoleController.selectAuthUserAll()', 'POST', 1, 'admin', '商拓1部', '/system/role/authUser/selectAll', '127.0.0.1', '内网IP', '{\"roleId\":[\"6\"],\"userIds\":[\"100\"]}', '{\r\n  \"msg\" : \"操作成功\",\r\n  \"code\" : 0\r\n}', 0, NULL, '2021-07-31 17:54:09');
INSERT INTO `sys_oper_log` VALUES (212, '用户管理', 3, 'com.xy.web.controller.system.SysUserController.remove()', 'POST', 1, 'lele', '超级管理员', '/system/user/remove', '127.0.0.1', '内网IP', '{\"ids\":[\"1\"]}', NULL, 1, '不允许操作超级管理员用户', '2021-07-31 17:54:27');
INSERT INTO `sys_oper_log` VALUES (213, '用户管理', 3, 'com.xy.web.controller.system.SysUserController.remove()', 'POST', 1, 'lele', '超级管理员', '/system/user/remove', '127.0.0.1', '内网IP', '{\"ids\":[\"100\"]}', '{\r\n  \"msg\" : \"操作成功\",\r\n  \"code\" : 0\r\n}', 0, NULL, '2021-07-31 17:54:33');
INSERT INTO `sys_oper_log` VALUES (214, '角色管理', 3, 'com.xy.web.controller.system.SysRoleController.remove()', 'POST', 1, 'admin', '商拓1部', '/system/role/remove', '127.0.0.1', '内网IP', '{\"ids\":[\"6\"]}', '{\r\n  \"msg\" : \"操作成功\",\r\n  \"code\" : 0\r\n}', 0, NULL, '2021-07-31 17:56:51');
INSERT INTO `sys_oper_log` VALUES (215, '岗位管理', 2, 'com.xy.web.controller.system.SysPostController.editSave()', 'POST', 1, 'lijiyang', '总经办', '/system/post/edit', '127.0.0.1', '内网IP', '{\"postId\":[\"4\"],\"postName\":[\"普通员工/商拓\"],\"postCode\":[\"user\"],\"postSort\":[\"4\"],\"status\":[\"0\"],\"remark\":[\"\"]}', '{\r\n  \"msg\" : \"操作成功\",\r\n  \"code\" : 0\r\n}', 0, NULL, '2021-07-31 17:57:32');
INSERT INTO `sys_oper_log` VALUES (216, '岗位管理', 2, 'com.xy.web.controller.system.SysPostController.editSave()', 'POST', 1, 'lijiyang', '总经办', '/system/post/edit', '127.0.0.1', '内网IP', '{\"postId\":[\"3\"],\"postName\":[\"人力资源/人事\"],\"postCode\":[\"hr\"],\"postSort\":[\"3\"],\"status\":[\"0\"],\"remark\":[\"\"]}', '{\r\n  \"msg\" : \"操作成功\",\r\n  \"code\" : 0\r\n}', 0, NULL, '2021-07-31 17:57:42');
INSERT INTO `sys_oper_log` VALUES (217, '重置密码', 2, 'com.xy.web.controller.system.SysProfileController.resetPwd()', 'POST', 1, 'jingli', '商拓1部', '/system/user/profile/resetPwd', '127.0.0.1', '内网IP', '{\"userId\":[\"102\"],\"loginName\":[\"jingli\"]}', '{\r\n  \"msg\" : \"操作成功\",\r\n  \"code\" : 0\r\n}', 0, NULL, '2021-07-31 18:06:00');
INSERT INTO `sys_oper_log` VALUES (218, '用户管理', 1, 'com.xy.web.controller.system.SysUserController.addSave()', 'POST', 1, 'admin', '商拓1部', '/system/user/add', '127.0.0.1', '内网IP', '{\"deptId\":[\"103\"],\"userName\":[\"商拓1员工\"],\"deptName\":[\"商拓1部\"],\"phonenumber\":[\"17633850698\"],\"email\":[\"admin@admin.com\"],\"loginName\":[\"商拓1员工\"],\"sex\":[\"0\"],\"role\":[\"4\"],\"remark\":[\"\"],\"status\":[\"0\"],\"roleIds\":[\"4\"],\"postIds\":[\"4\"]}', '{\r\n  \"msg\" : \"操作成功\",\r\n  \"code\" : 0\r\n}', 0, NULL, '2021-07-31 18:07:15');
INSERT INTO `sys_oper_log` VALUES (219, '角色管理', 2, 'com.xy.web.controller.system.SysRoleController.editSave()', 'POST', 1, 'admin', '超级管理员', '/system/role/edit', '127.0.0.1', '内网IP', '{\"roleId\":[\"3\"],\"roleName\":[\"经理\"],\"roleKey\":[\"PM\"],\"roleSort\":[\"3\"],\"status\":[\"0\"],\"remark\":[\"\"],\"menuIds\":[\"4,100,1000,1001,1002,1003,1004,1005,1006,101,1007,1008,1009,1010,1011,103,1016,1017,1018,1019,104,1020\"]}', '{\r\n  \"msg\" : \"操作成功\",\r\n  \"code\" : 0\r\n}', 0, NULL, '2021-07-31 18:11:58');
INSERT INTO `sys_oper_log` VALUES (220, '代码生成', 6, 'com.xy.generator.controller.GenController.importTableSave()', 'POST', 1, 'admin', '超级管理员', '/tool/gen/importTable', '127.0.0.1', '内网IP', '{\"tables\":[\"t_customer\"]}', '{\r\n  \"msg\" : \"操作成功\",\r\n  \"code\" : 0\r\n}', 0, NULL, '2021-07-31 21:30:36');
INSERT INTO `sys_oper_log` VALUES (221, '代码生成', 8, 'com.xy.generator.controller.GenController.download()', 'GET', 1, 'admin', '超级管理员', '/tool/gen/download/t_customer', '127.0.0.1', '内网IP', '\"t_customer\"', NULL, 0, NULL, '2021-07-31 21:30:44');
INSERT INTO `sys_oper_log` VALUES (222, '代码生成', 8, 'com.xy.generator.controller.GenController.download()', 'GET', 1, 'admin', '超级管理员', '/tool/gen/download/t_customer', '127.0.0.1', '内网IP', '\"t_customer\"', NULL, 0, NULL, '2021-07-31 21:35:19');
INSERT INTO `sys_oper_log` VALUES (223, '字典类型', 1, 'com.xy.web.controller.system.SysDictTypeController.addSave()', 'POST', 1, 'admin', '超级管理员', '/system/dict/add', '127.0.0.1', '内网IP', '{\"dictName\":[\"客户门店类型\"],\"dictType\":[\"customer_stores_type\"],\"status\":[\"0\"],\"remark\":[\"客户表门店类型\"]}', '{\r\n  \"msg\" : \"操作成功\",\r\n  \"code\" : 0\r\n}', 0, NULL, '2021-08-02 14:56:06');
INSERT INTO `sys_oper_log` VALUES (224, '字典数据', 1, 'com.xy.web.controller.system.SysDictDataController.addSave()', 'POST', 1, 'admin', '超级管理员', '/system/dict/data/add', '127.0.0.1', '内网IP', '{\"dictLabel\":[\"综合店\"],\"dictValue\":[\"0\"],\"dictType\":[\"customer_stores_type\"],\"cssClass\":[\"\"],\"dictSort\":[\"1\"],\"listClass\":[\"primary\"],\"isDefault\":[\"Y\"],\"status\":[\"0\"],\"remark\":[\"客户门店类型\"]}', '{\r\n  \"msg\" : \"操作成功\",\r\n  \"code\" : 0\r\n}', 0, NULL, '2021-08-02 14:59:01');
INSERT INTO `sys_oper_log` VALUES (225, '字典数据', 1, 'com.xy.web.controller.system.SysDictDataController.addSave()', 'POST', 1, 'admin', '超级管理员', '/system/dict/data/add', '127.0.0.1', '内网IP', '{\"dictLabel\":[\"单店\"],\"dictValue\":[\"1\"],\"dictType\":[\"customer_stores_type\"],\"cssClass\":[\"\"],\"dictSort\":[\"2\"],\"listClass\":[\"success\"],\"isDefault\":[\"Y\"],\"status\":[\"0\"],\"remark\":[\"客户门店类型\"]}', '{\r\n  \"msg\" : \"操作成功\",\r\n  \"code\" : 0\r\n}', 0, NULL, '2021-08-02 14:59:50');
INSERT INTO `sys_oper_log` VALUES (226, '字典数据', 1, 'com.xy.web.controller.system.SysDictDataController.addSave()', 'POST', 1, 'admin', '超级管理员', '/system/dict/data/add', '127.0.0.1', '内网IP', '{\"dictLabel\":[\"连锁店\"],\"dictValue\":[\"2\"],\"dictType\":[\"customer_stores_type\"],\"cssClass\":[\"\"],\"dictSort\":[\"2\"],\"listClass\":[\"info\"],\"isDefault\":[\"Y\"],\"status\":[\"0\"],\"remark\":[\"客户门店类型\"]}', '{\r\n  \"msg\" : \"操作成功\",\r\n  \"code\" : 0\r\n}', 0, NULL, '2021-08-02 15:00:23');
INSERT INTO `sys_oper_log` VALUES (227, '字典数据', 2, 'com.xy.web.controller.system.SysDictDataController.editSave()', 'POST', 1, 'admin', '超级管理员', '/system/dict/data/edit', '127.0.0.1', '内网IP', '{\"dictCode\":[\"32\"],\"dictLabel\":[\"连锁店\"],\"dictValue\":[\"2\"],\"dictType\":[\"customer_stores_type\"],\"cssClass\":[\"\"],\"dictSort\":[\"3\"],\"listClass\":[\"info\"],\"isDefault\":[\"Y\"],\"status\":[\"0\"],\"remark\":[\"客户门店类型\"]}', '{\r\n  \"msg\" : \"操作成功\",\r\n  \"code\" : 0\r\n}', 0, NULL, '2021-08-02 15:00:31');
INSERT INTO `sys_oper_log` VALUES (228, '字典类型', 1, 'com.xy.web.controller.system.SysDictTypeController.addSave()', 'POST', 1, 'admin', '超级管理员', '/system/dict/add', '127.0.0.1', '内网IP', '{\"dictName\":[\"客户门店员工人数\"],\"dictType\":[\"customer_employees_nums\"],\"status\":[\"0\"],\"remark\":[\"客户门店员工人数\"]}', '{\r\n  \"msg\" : \"操作成功\",\r\n  \"code\" : 0\r\n}', 0, NULL, '2021-08-02 15:02:51');
INSERT INTO `sys_oper_log` VALUES (229, '字典数据', 1, 'com.xy.web.controller.system.SysDictDataController.addSave()', 'POST', 1, 'admin', '超级管理员', '/system/dict/data/add', '127.0.0.1', '内网IP', '{\"dictLabel\":[\"1-10\"],\"dictValue\":[\"0\"],\"dictType\":[\"customer_employees_nums\"],\"cssClass\":[\"\"],\"dictSort\":[\"0\"],\"listClass\":[\"default\"],\"isDefault\":[\"Y\"],\"status\":[\"0\"],\"remark\":[\"客户门店员工人数\"]}', '{\r\n  \"msg\" : \"操作成功\",\r\n  \"code\" : 0\r\n}', 0, NULL, '2021-08-02 15:04:46');
INSERT INTO `sys_oper_log` VALUES (230, '字典数据', 1, 'com.xy.web.controller.system.SysDictDataController.addSave()', 'POST', 1, 'admin', '超级管理员', '/system/dict/data/add', '127.0.0.1', '内网IP', '{\"dictLabel\":[\"11-20\"],\"dictValue\":[\"1\"],\"dictType\":[\"customer_employees_nums\"],\"cssClass\":[\"\"],\"dictSort\":[\"1\"],\"listClass\":[\"primary\"],\"isDefault\":[\"Y\"],\"status\":[\"0\"],\"remark\":[\"客户门店员工人数\"]}', '{\r\n  \"msg\" : \"操作成功\",\r\n  \"code\" : 0\r\n}', 0, NULL, '2021-08-02 15:05:20');
INSERT INTO `sys_oper_log` VALUES (231, '字典数据', 2, 'com.xy.web.controller.system.SysDictDataController.editSave()', 'POST', 1, 'admin', '超级管理员', '/system/dict/data/edit', '127.0.0.1', '内网IP', '{\"dictCode\":[\"33\"],\"dictLabel\":[\"1-10\"],\"dictValue\":[\"0\"],\"dictType\":[\"customer_employees_nums\"],\"cssClass\":[\"\"],\"dictSort\":[\"0\"],\"listClass\":[\"primary\"],\"isDefault\":[\"Y\"],\"status\":[\"0\"],\"remark\":[\"客户门店员工人数\"]}', '{\r\n  \"msg\" : \"操作成功\",\r\n  \"code\" : 0\r\n}', 0, NULL, '2021-08-02 15:05:40');
INSERT INTO `sys_oper_log` VALUES (232, '字典数据', 1, 'com.xy.web.controller.system.SysDictDataController.addSave()', 'POST', 1, 'admin', '超级管理员', '/system/dict/data/add', '127.0.0.1', '内网IP', '{\"dictLabel\":[\"21-30\"],\"dictValue\":[\"2\"],\"dictType\":[\"customer_employees_nums\"],\"cssClass\":[\"\"],\"dictSort\":[\"3\"],\"listClass\":[\"primary\"],\"isDefault\":[\"Y\"],\"status\":[\"0\"],\"remark\":[\"客户门店员工人数\"]}', '{\r\n  \"msg\" : \"操作成功\",\r\n  \"code\" : 0\r\n}', 0, NULL, '2021-08-02 15:06:20');
INSERT INTO `sys_oper_log` VALUES (233, '字典数据', 2, 'com.xy.web.controller.system.SysDictDataController.editSave()', 'POST', 1, 'admin', '超级管理员', '/system/dict/data/edit', '127.0.0.1', '内网IP', '{\"dictCode\":[\"35\"],\"dictLabel\":[\"21-30\"],\"dictValue\":[\"2\"],\"dictType\":[\"customer_employees_nums\"],\"cssClass\":[\"\"],\"dictSort\":[\"2\"],\"listClass\":[\"primary\"],\"isDefault\":[\"Y\"],\"status\":[\"0\"],\"remark\":[\"客户门店员工人数\"]}', '{\r\n  \"msg\" : \"操作成功\",\r\n  \"code\" : 0\r\n}', 0, NULL, '2021-08-02 15:06:27');
INSERT INTO `sys_oper_log` VALUES (234, '字典数据', 1, 'com.xy.web.controller.system.SysDictDataController.addSave()', 'POST', 1, 'admin', '超级管理员', '/system/dict/data/add', '127.0.0.1', '内网IP', '{\"dictLabel\":[\"31-50\"],\"dictValue\":[\"3\"],\"dictType\":[\"customer_employees_nums\"],\"cssClass\":[\"\"],\"dictSort\":[\"3\"],\"listClass\":[\"primary\"],\"isDefault\":[\"Y\"],\"status\":[\"0\"],\"remark\":[\"客户门店员工人数\"]}', '{\r\n  \"msg\" : \"操作成功\",\r\n  \"code\" : 0\r\n}', 0, NULL, '2021-08-02 15:06:52');
INSERT INTO `sys_oper_log` VALUES (235, '字典数据', 1, 'com.xy.web.controller.system.SysDictDataController.addSave()', 'POST', 1, 'admin', '超级管理员', '/system/dict/data/add', '127.0.0.1', '内网IP', '{\"dictLabel\":[\"51-100\"],\"dictValue\":[\"4\"],\"dictType\":[\"customer_employees_nums\"],\"cssClass\":[\"\"],\"dictSort\":[\"4\"],\"listClass\":[\"primary\"],\"isDefault\":[\"Y\"],\"status\":[\"0\"],\"remark\":[\"客户门店员工人数\"]}', '{\r\n  \"msg\" : \"操作成功\",\r\n  \"code\" : 0\r\n}', 0, NULL, '2021-08-02 15:07:16');
INSERT INTO `sys_oper_log` VALUES (236, '字典数据', 1, 'com.xy.web.controller.system.SysDictDataController.addSave()', 'POST', 1, 'admin', '超级管理员', '/system/dict/data/add', '127.0.0.1', '内网IP', '{\"dictLabel\":[\"100以上\"],\"dictValue\":[\"5\"],\"dictType\":[\"customer_employees_nums\"],\"cssClass\":[\"\"],\"dictSort\":[\"5\"],\"listClass\":[\"primary\"],\"isDefault\":[\"Y\"],\"status\":[\"0\"],\"remark\":[\"客户门店员工人数\"]}', '{\r\n  \"msg\" : \"操作成功\",\r\n  \"code\" : 0\r\n}', 0, NULL, '2021-08-02 15:07:37');
INSERT INTO `sys_oper_log` VALUES (237, '字典类型', 1, 'com.xy.web.controller.system.SysDictTypeController.addSave()', 'POST', 1, 'admin', '超级管理员', '/system/dict/add', '127.0.0.1', '内网IP', '{\"dictName\":[\"是否签署邀约函\"],\"dictType\":[\"customer_is_signed\"],\"status\":[\"0\"],\"remark\":[\"是否签署邀约函 (0:未签约, 1:已签约)\"]}', '{\r\n  \"msg\" : \"操作成功\",\r\n  \"code\" : 0\r\n}', 0, NULL, '2021-08-02 15:10:07');
INSERT INTO `sys_oper_log` VALUES (238, '字典数据', 1, 'com.xy.web.controller.system.SysDictDataController.addSave()', 'POST', 1, 'admin', '超级管理员', '/system/dict/data/add', '127.0.0.1', '内网IP', '{\"dictLabel\":[\"未签署\"],\"dictValue\":[\"0\"],\"dictType\":[\"customer_is_signed\"],\"cssClass\":[\"\"],\"dictSort\":[\"0\"],\"listClass\":[\"warning\"],\"isDefault\":[\"Y\"],\"status\":[\"0\"],\"remark\":[\"是否签署邀约函 (0:未签约, 1:已签约)\"]}', '{\r\n  \"msg\" : \"操作成功\",\r\n  \"code\" : 0\r\n}', 0, NULL, '2021-08-02 15:10:55');
INSERT INTO `sys_oper_log` VALUES (239, '字典数据', 1, 'com.xy.web.controller.system.SysDictDataController.addSave()', 'POST', 1, 'admin', '超级管理员', '/system/dict/data/add', '127.0.0.1', '内网IP', '{\"dictLabel\":[\"已签署\"],\"dictValue\":[\"1\"],\"dictType\":[\"customer_is_signed\"],\"cssClass\":[\"\"],\"dictSort\":[\"1\"],\"listClass\":[\"success\"],\"isDefault\":[\"Y\"],\"status\":[\"0\"],\"remark\":[\"是否签署邀约函 (0:未签约, 1:已签约)\"]}', '{\r\n  \"msg\" : \"操作成功\",\r\n  \"code\" : 0\r\n}', 0, NULL, '2021-08-02 15:11:29');
INSERT INTO `sys_oper_log` VALUES (240, '字典类型', 1, 'com.xy.web.controller.system.SysDictTypeController.addSave()', 'POST', 1, 'admin', '超级管理员', '/system/dict/add', '127.0.0.1', '内网IP', '{\"dictName\":[\"客户级别\"],\"dictType\":[\"customer_level\"],\"status\":[\"0\"],\"remark\":[\"客户级别(0:普通客户1:战略合作伙伴2:大客户3:重点开发客户)\"]}', '{\r\n  \"msg\" : \"操作成功\",\r\n  \"code\" : 0\r\n}', 0, NULL, '2021-08-02 15:12:27');
INSERT INTO `sys_oper_log` VALUES (241, '字典数据', 1, 'com.xy.web.controller.system.SysDictDataController.addSave()', 'POST', 1, 'admin', '超级管理员', '/system/dict/data/add', '127.0.0.1', '内网IP', '{\"dictLabel\":[\"普通客户\"],\"dictValue\":[\"0\"],\"dictType\":[\"customer_level\"],\"cssClass\":[\"\"],\"dictSort\":[\"0\"],\"listClass\":[\"default\"],\"isDefault\":[\"Y\"],\"status\":[\"0\"],\"remark\":[\"客户级别(0:普通客户1:战略合作伙伴2:大客户3:重点开发客户)\"]}', '{\r\n  \"msg\" : \"操作成功\",\r\n  \"code\" : 0\r\n}', 0, NULL, '2021-08-02 15:13:27');
INSERT INTO `sys_oper_log` VALUES (242, '字典数据', 1, 'com.xy.web.controller.system.SysDictDataController.addSave()', 'POST', 1, 'admin', '超级管理员', '/system/dict/data/add', '127.0.0.1', '内网IP', '{\"dictLabel\":[\"战略合作伙伴\"],\"dictValue\":[\"1\"],\"dictType\":[\"customer_level\"],\"cssClass\":[\"\"],\"dictSort\":[\"1\"],\"listClass\":[\"primary\"],\"isDefault\":[\"Y\"],\"status\":[\"0\"],\"remark\":[\"客户级别(0:普通客户1:战略合作伙伴2:大客户3:重点开发客户)\"]}', '{\r\n  \"msg\" : \"操作成功\",\r\n  \"code\" : 0\r\n}', 0, NULL, '2021-08-02 15:13:54');
INSERT INTO `sys_oper_log` VALUES (243, '字典数据', 1, 'com.xy.web.controller.system.SysDictDataController.addSave()', 'POST', 1, 'admin', '超级管理员', '/system/dict/data/add', '127.0.0.1', '内网IP', '{\"dictLabel\":[\"大客户\"],\"dictValue\":[\"2\"],\"dictType\":[\"customer_level\"],\"cssClass\":[\"\"],\"dictSort\":[\"2\"],\"listClass\":[\"success\"],\"isDefault\":[\"Y\"],\"status\":[\"0\"],\"remark\":[\"客户级别(0:普通客户1:战略合作伙伴2:大客户3:重点开发客户)\"]}', '{\r\n  \"msg\" : \"操作成功\",\r\n  \"code\" : 0\r\n}', 0, NULL, '2021-08-02 15:14:13');
INSERT INTO `sys_oper_log` VALUES (244, '字典数据', 1, 'com.xy.web.controller.system.SysDictDataController.addSave()', 'POST', 1, 'admin', '超级管理员', '/system/dict/data/add', '127.0.0.1', '内网IP', '{\"dictLabel\":[\"重点开发客户\"],\"dictValue\":[\"3\"],\"dictType\":[\"customer_level\"],\"cssClass\":[\"\"],\"dictSort\":[\"3\"],\"listClass\":[\"info\"],\"isDefault\":[\"Y\"],\"status\":[\"0\"],\"remark\":[\"客户级别(0:普通客户1:战略合作伙伴2:大客户3:重点开发客户)\"]}', '{\r\n  \"msg\" : \"操作成功\",\r\n  \"code\" : 0\r\n}', 0, NULL, '2021-08-02 15:14:33');
INSERT INTO `sys_oper_log` VALUES (245, '代码生成', 2, 'com.xy.generator.controller.GenController.editSave()', 'POST', 1, 'admin', '超级管理员', '/tool/gen/edit', '127.0.0.1', '内网IP', '{\"tableId\":[\"1\"],\"tableName\":[\"t_customer\"],\"tableComment\":[\"客户表\"],\"className\":[\"TCustomer\"],\"functionAuthor\":[\"lusifer\"],\"remark\":[\"商拓关联的客户信息表\"],\"columns[0].columnId\":[\"1\"],\"columns[0].sort\":[\"1\"],\"columns[0].columnComment\":[\"客户ID\"],\"columns[0].javaType\":[\"Long\"],\"columns[0].javaField\":[\"customerId\"],\"columns[0].isInsert\":[\"1\"],\"columns[0].queryType\":[\"EQ\"],\"columns[0].htmlType\":[\"input\"],\"columns[0].dictType\":[\"\"],\"columns[1].columnId\":[\"2\"],\"columns[1].sort\":[\"2\"],\"columns[1].columnComment\":[\"商拓用户ID\"],\"columns[1].javaType\":[\"Long\"],\"columns[1].javaField\":[\"userId\"],\"columns[1].isInsert\":[\"1\"],\"columns[1].isEdit\":[\"1\"],\"columns[1].isList\":[\"1\"],\"columns[1].queryType\":[\"EQ\"],\"columns[1].htmlType\":[\"input\"],\"columns[1].dictType\":[\"\"],\"columns[2].columnId\":[\"3\"],\"columns[2].sort\":[\"3\"],\"columns[2].columnComment\":[\"拜访时间\"],\"columns[2].javaType\":[\"Date\"],\"columns[2].javaField\":[\"visitTime\"],\"columns[2].isInsert\":[\"1\"],\"columns[2].isEdit\":[\"1\"],\"columns[2].isList\":[\"1\"],\"columns[2].isQuery\":[\"1\"],\"columns[2].queryType\":[\"EQ\"],\"columns[2].isRequired\":[\"1\"],\"columns[2].htmlType\":[\"datetime\"],\"columns[2].dictType\":[\"\"],\"columns[3].columnId\":[\"4\"],\"columns[3].sort\":[\"4\"],\"columns[3].columnComment\":[\"客户名称\"],\"columns[3].javaType\":[\"String\"],\"columns[3].javaField\":[\"customerName\"],\"columns[3].isInsert\":[\"1\"],\"columns[3].isEdit\":[\"1\"],\"columns[3].isList\":[\"1\"],\"columns[3].isQuery\":[\"1\"],\"columns[3].queryType\":[\"LIKE\"],\"columns[3].isRequired\":[\"1\"],\"columns[3].htmlType\":[\"input\"],\"columns[3].dictType\":[\"\"],\"columns[4].columnId\":[\"5\"],\"columns[4].sort\":[\"5\"],\"columns[4].columnComment\":[\"门店类型(0综合店 1连锁店 )\"],\"columns[4].javaType\":[\"String\"],\"columns[4].javaField\":[\"storesType\"],\"columns[4].isInsert\":[\"1\"],\"columns[4].isEdit\":[\"1\"],\"columns[4].isList\":[\"1\"],\"columns[4].isQuery\":[\"1\"],\"columns[4].queryType\":[\"EQ\"],\"columns[4].htmlType\":[\"select\"],\"columns[4].dictType\":[\"customer_stores_type\"],\"columns[5].columnId\":[\"6\"],\"columns[5].sort\":[\"6\"],\"columns[5].columnComment\":[\"门店大小(单位平方)\"],', '{\r\n  \"msg\" : \"操作成功\",\r\n  \"code\" : 0\r\n}', 0, NULL, '2021-08-02 15:17:57');
INSERT INTO `sys_oper_log` VALUES (246, '代码生成', 2, 'com.xy.generator.controller.GenController.editSave()', 'POST', 1, 'admin', '超级管理员', '/tool/gen/edit', '127.0.0.1', '内网IP', '{\"tableId\":[\"1\"],\"tableName\":[\"t_customer\"],\"tableComment\":[\"客户表\"],\"className\":[\"TCustomer\"],\"functionAuthor\":[\"lusifer\"],\"remark\":[\"商拓关联的客户信息表\"],\"columns[0].columnId\":[\"1\"],\"columns[0].sort\":[\"1\"],\"columns[0].columnComment\":[\"客户ID\"],\"columns[0].javaType\":[\"Long\"],\"columns[0].javaField\":[\"customerId\"],\"columns[0].isInsert\":[\"1\"],\"columns[0].queryType\":[\"EQ\"],\"columns[0].htmlType\":[\"input\"],\"columns[0].dictType\":[\"\"],\"columns[1].columnId\":[\"2\"],\"columns[1].sort\":[\"2\"],\"columns[1].columnComment\":[\"商拓用户ID\"],\"columns[1].javaType\":[\"Long\"],\"columns[1].javaField\":[\"userId\"],\"columns[1].isInsert\":[\"1\"],\"columns[1].isEdit\":[\"1\"],\"columns[1].isList\":[\"1\"],\"columns[1].queryType\":[\"EQ\"],\"columns[1].htmlType\":[\"input\"],\"columns[1].dictType\":[\"\"],\"columns[2].columnId\":[\"3\"],\"columns[2].sort\":[\"3\"],\"columns[2].columnComment\":[\"拜访时间\"],\"columns[2].javaType\":[\"Date\"],\"columns[2].javaField\":[\"visitTime\"],\"columns[2].isInsert\":[\"1\"],\"columns[2].isEdit\":[\"1\"],\"columns[2].isList\":[\"1\"],\"columns[2].isQuery\":[\"1\"],\"columns[2].queryType\":[\"EQ\"],\"columns[2].isRequired\":[\"1\"],\"columns[2].htmlType\":[\"datetime\"],\"columns[2].dictType\":[\"\"],\"columns[3].columnId\":[\"4\"],\"columns[3].sort\":[\"4\"],\"columns[3].columnComment\":[\"客户名称\"],\"columns[3].javaType\":[\"String\"],\"columns[3].javaField\":[\"customerName\"],\"columns[3].isInsert\":[\"1\"],\"columns[3].isEdit\":[\"1\"],\"columns[3].isList\":[\"1\"],\"columns[3].isQuery\":[\"1\"],\"columns[3].queryType\":[\"LIKE\"],\"columns[3].isRequired\":[\"1\"],\"columns[3].htmlType\":[\"input\"],\"columns[3].dictType\":[\"\"],\"columns[4].columnId\":[\"5\"],\"columns[4].sort\":[\"5\"],\"columns[4].columnComment\":[\"门店类型(0综合店 1连锁店 )\"],\"columns[4].javaType\":[\"String\"],\"columns[4].javaField\":[\"storesType\"],\"columns[4].isInsert\":[\"1\"],\"columns[4].isEdit\":[\"1\"],\"columns[4].isList\":[\"1\"],\"columns[4].isQuery\":[\"1\"],\"columns[4].queryType\":[\"EQ\"],\"columns[4].htmlType\":[\"select\"],\"columns[4].dictType\":[\"customer_stores_type\"],\"columns[5].columnId\":[\"6\"],\"columns[5].sort\":[\"6\"],\"columns[5].columnComment\":[\"门店大小(单位平方)\"],', '{\r\n  \"msg\" : \"操作成功\",\r\n  \"code\" : 0\r\n}', 0, NULL, '2021-08-02 15:18:26');
INSERT INTO `sys_oper_log` VALUES (247, '代码生成', 6, 'com.xy.generator.controller.GenController.importTableSave()', 'POST', 1, 'admin', '超级管理员', '/tool/gen/importTable', '127.0.0.1', '内网IP', '{\"tables\":[\"t_customer_contact\"]}', '{\r\n  \"msg\" : \"操作成功\",\r\n  \"code\" : 0\r\n}', 0, NULL, '2021-08-02 15:19:35');
INSERT INTO `sys_oper_log` VALUES (248, '代码生成', 8, 'com.xy.generator.controller.GenController.download()', 'GET', 1, 'admin', '超级管理员', '/tool/gen/download/t_customer', '127.0.0.1', '内网IP', '\"t_customer\"', NULL, 0, NULL, '2021-08-02 15:19:53');
INSERT INTO `sys_oper_log` VALUES (249, '代码生成', 2, 'com.xy.generator.controller.GenController.editSave()', 'POST', 1, 'admin', '超级管理员', '/tool/gen/edit', '127.0.0.1', '内网IP', '{\"tableId\":[\"1\"],\"tableName\":[\"t_customer\"],\"tableComment\":[\"客户表\"],\"className\":[\"TCustomer\"],\"functionAuthor\":[\"lusifer\"],\"remark\":[\"\"],\"columns[0].columnId\":[\"1\"],\"columns[0].sort\":[\"1\"],\"columns[0].columnComment\":[\"客户ID\"],\"columns[0].javaType\":[\"Long\"],\"columns[0].javaField\":[\"customerId\"],\"columns[0].isInsert\":[\"1\"],\"columns[0].queryType\":[\"EQ\"],\"columns[0].htmlType\":[\"input\"],\"columns[0].dictType\":[\"\"],\"columns[1].columnId\":[\"2\"],\"columns[1].sort\":[\"2\"],\"columns[1].columnComment\":[\"商拓用户ID\"],\"columns[1].javaType\":[\"Long\"],\"columns[1].javaField\":[\"userId\"],\"columns[1].isInsert\":[\"1\"],\"columns[1].isEdit\":[\"1\"],\"columns[1].isList\":[\"1\"],\"columns[1].queryType\":[\"EQ\"],\"columns[1].htmlType\":[\"input\"],\"columns[1].dictType\":[\"\"],\"columns[2].columnId\":[\"3\"],\"columns[2].sort\":[\"3\"],\"columns[2].columnComment\":[\"拜访时间\"],\"columns[2].javaType\":[\"Date\"],\"columns[2].javaField\":[\"visitTime\"],\"columns[2].isInsert\":[\"1\"],\"columns[2].isEdit\":[\"1\"],\"columns[2].isList\":[\"1\"],\"columns[2].isQuery\":[\"1\"],\"columns[2].queryType\":[\"EQ\"],\"columns[2].isRequired\":[\"1\"],\"columns[2].htmlType\":[\"datetime\"],\"columns[2].dictType\":[\"\"],\"columns[3].columnId\":[\"4\"],\"columns[3].sort\":[\"4\"],\"columns[3].columnComment\":[\"客户名称\"],\"columns[3].javaType\":[\"String\"],\"columns[3].javaField\":[\"customerName\"],\"columns[3].isInsert\":[\"1\"],\"columns[3].isEdit\":[\"1\"],\"columns[3].isList\":[\"1\"],\"columns[3].isQuery\":[\"1\"],\"columns[3].queryType\":[\"LIKE\"],\"columns[3].isRequired\":[\"1\"],\"columns[3].htmlType\":[\"input\"],\"columns[3].dictType\":[\"\"],\"columns[4].columnId\":[\"5\"],\"columns[4].sort\":[\"5\"],\"columns[4].columnComment\":[\"门店类型(0综合店 1连锁店 )\"],\"columns[4].javaType\":[\"String\"],\"columns[4].javaField\":[\"storesType\"],\"columns[4].isInsert\":[\"1\"],\"columns[4].isEdit\":[\"1\"],\"columns[4].isList\":[\"1\"],\"columns[4].isQuery\":[\"1\"],\"columns[4].queryType\":[\"EQ\"],\"columns[4].htmlType\":[\"select\"],\"columns[4].dictType\":[\"customer_stores_type\"],\"columns[5].columnId\":[\"6\"],\"columns[5].sort\":[\"6\"],\"columns[5].columnComment\":[\"门店大小(单位平方)\"],\"columns[5', '{\r\n  \"msg\" : \"操作成功\",\r\n  \"code\" : 0\r\n}', 0, NULL, '2021-08-02 15:30:04');
INSERT INTO `sys_oper_log` VALUES (250, '代码生成', 2, 'com.xy.generator.controller.GenController.synchDb()', 'GET', 1, 'admin', '超级管理员', '/tool/gen/synchDb/t_customer_contact', '127.0.0.1', '内网IP', '\"t_customer_contact\"', '{\r\n  \"msg\" : \"操作成功\",\r\n  \"code\" : 0\r\n}', 0, NULL, '2021-08-02 15:31:35');
INSERT INTO `sys_oper_log` VALUES (251, '代码生成', 2, 'com.xy.generator.controller.GenController.editSave()', 'POST', 1, 'admin', '超级管理员', '/tool/gen/edit', '127.0.0.1', '内网IP', '{\"tableId\":[\"2\"],\"tableName\":[\"t_customer_contact\"],\"tableComment\":[\"客户表的拜访记录表\"],\"className\":[\"TCustomerContact\"],\"functionAuthor\":[\"lusifer\"],\"remark\":[\"\"],\"columns[0].columnId\":[\"27\"],\"columns[0].sort\":[\"1\"],\"columns[0].columnComment\":[\"客户ID\"],\"columns[0].javaType\":[\"Long\"],\"columns[0].javaField\":[\"customerId\"],\"columns[0].isInsert\":[\"1\"],\"columns[0].queryType\":[\"EQ\"],\"columns[0].htmlType\":[\"input\"],\"columns[0].dictType\":[\"\"],\"columns[1].columnId\":[\"28\"],\"columns[1].sort\":[\"2\"],\"columns[1].columnComment\":[\"销售ID\"],\"columns[1].javaType\":[\"Long\"],\"columns[1].javaField\":[\"userId\"],\"columns[1].isInsert\":[\"1\"],\"columns[1].isEdit\":[\"1\"],\"columns[1].isList\":[\"1\"],\"columns[1].isQuery\":[\"1\"],\"columns[1].queryType\":[\"EQ\"],\"columns[1].htmlType\":[\"input\"],\"columns[1].dictType\":[\"\"],\"columns[2].columnId\":[\"29\"],\"columns[2].sort\":[\"3\"],\"columns[2].columnComment\":[\"计划项\"],\"columns[2].javaType\":[\"String\"],\"columns[2].javaField\":[\"plan\"],\"columns[2].isInsert\":[\"1\"],\"columns[2].isEdit\":[\"1\"],\"columns[2].isList\":[\"1\"],\"columns[2].isQuery\":[\"1\"],\"columns[2].queryType\":[\"EQ\"],\"columns[2].htmlType\":[\"input\"],\"columns[2].dictType\":[\"\"],\"columns[3].columnId\":[\"30\"],\"columns[3].sort\":[\"4\"],\"columns[3].columnComment\":[\"计划时间\"],\"columns[3].javaType\":[\"Date\"],\"columns[3].javaField\":[\"planTime\"],\"columns[3].isInsert\":[\"1\"],\"columns[3].isEdit\":[\"1\"],\"columns[3].isList\":[\"1\"],\"columns[3].isQuery\":[\"1\"],\"columns[3].queryType\":[\"EQ\"],\"columns[3].htmlType\":[\"datetime\"],\"columns[3].dictType\":[\"\"],\"columns[4].columnId\":[\"31\"],\"columns[4].sort\":[\"5\"],\"columns[4].columnComment\":[\"执行效果\"],\"columns[4].javaType\":[\"String\"],\"columns[4].javaField\":[\"result\"],\"columns[4].isInsert\":[\"1\"],\"columns[4].isEdit\":[\"1\"],\"columns[4].isList\":[\"1\"],\"columns[4].isQuery\":[\"1\"],\"columns[4].queryType\":[\"EQ\"],\"columns[4].htmlType\":[\"input\"],\"columns[4].dictType\":[\"\"],\"columns[5].columnId\":[\"32\"],\"columns[5].sort\":[\"6\"],\"columns[5].columnComment\":[\"我的解决方案\"],\"columns[5].javaType\":[\"String\"],\"columns[5].javaField\":[\"solution\"],\"c', '{\r\n  \"msg\" : \"操作成功\",\r\n  \"code\" : 0\r\n}', 0, NULL, '2021-08-02 15:32:41');
INSERT INTO `sys_oper_log` VALUES (252, '代码生成', 2, 'com.xy.generator.controller.GenController.synchDb()', 'GET', 1, 'admin', '超级管理员', '/tool/gen/synchDb/t_customer_contact', '127.0.0.1', '内网IP', '\"t_customer_contact\"', '{\r\n  \"msg\" : \"操作成功\",\r\n  \"code\" : 0\r\n}', 0, NULL, '2021-08-02 15:45:08');
INSERT INTO `sys_oper_log` VALUES (253, '代码生成', 2, 'com.xy.generator.controller.GenController.editSave()', 'POST', 1, 'admin', '超级管理员', '/tool/gen/edit', '127.0.0.1', '内网IP', '{\"tableId\":[\"2\"],\"tableName\":[\"t_customer_contact\"],\"tableComment\":[\"客户表的拜访记录表\"],\"className\":[\"TCustomerContact\"],\"functionAuthor\":[\"lusifer\"],\"remark\":[\"\"],\"columns[0].columnId\":[\"39\"],\"columns[0].sort\":[\"1\"],\"columns[0].columnComment\":[\"拜访记录ID\"],\"columns[0].javaType\":[\"Long\"],\"columns[0].javaField\":[\"contactId\"],\"columns[0].isInsert\":[\"1\"],\"columns[0].queryType\":[\"EQ\"],\"columns[0].htmlType\":[\"input\"],\"columns[0].dictType\":[\"\"],\"columns[1].columnId\":[\"28\"],\"columns[1].sort\":[\"2\"],\"columns[1].columnComment\":[\"销售ID\"],\"columns[1].javaType\":[\"Long\"],\"columns[1].javaField\":[\"userId\"],\"columns[1].isInsert\":[\"1\"],\"columns[1].isEdit\":[\"1\"],\"columns[1].isList\":[\"1\"],\"columns[1].isQuery\":[\"1\"],\"columns[1].queryType\":[\"EQ\"],\"columns[1].htmlType\":[\"input\"],\"columns[1].dictType\":[\"\"],\"columns[2].columnId\":[\"29\"],\"columns[2].sort\":[\"3\"],\"columns[2].columnComment\":[\"计划项\"],\"columns[2].javaType\":[\"String\"],\"columns[2].javaField\":[\"plan\"],\"columns[2].isInsert\":[\"1\"],\"columns[2].isEdit\":[\"1\"],\"columns[2].isList\":[\"1\"],\"columns[2].isQuery\":[\"1\"],\"columns[2].queryType\":[\"EQ\"],\"columns[2].htmlType\":[\"input\"],\"columns[2].dictType\":[\"\"],\"columns[3].columnId\":[\"30\"],\"columns[3].sort\":[\"4\"],\"columns[3].columnComment\":[\"计划时间\"],\"columns[3].javaType\":[\"Date\"],\"columns[3].javaField\":[\"planTime\"],\"columns[3].isInsert\":[\"1\"],\"columns[3].isEdit\":[\"1\"],\"columns[3].isList\":[\"1\"],\"columns[3].isQuery\":[\"1\"],\"columns[3].queryType\":[\"EQ\"],\"columns[3].htmlType\":[\"datetime\"],\"columns[3].dictType\":[\"\"],\"columns[4].columnId\":[\"31\"],\"columns[4].sort\":[\"5\"],\"columns[4].columnComment\":[\"执行效果\"],\"columns[4].javaType\":[\"String\"],\"columns[4].javaField\":[\"result\"],\"columns[4].isInsert\":[\"1\"],\"columns[4].isEdit\":[\"1\"],\"columns[4].isList\":[\"1\"],\"columns[4].isQuery\":[\"1\"],\"columns[4].queryType\":[\"EQ\"],\"columns[4].htmlType\":[\"input\"],\"columns[4].dictType\":[\"\"],\"columns[5].columnId\":[\"32\"],\"columns[5].sort\":[\"6\"],\"columns[5].columnComment\":[\"我的解决方案\"],\"columns[5].javaType\":[\"String\"],\"columns[5].javaField\":[\"solution\"],\"', '{\r\n  \"msg\" : \"操作成功\",\r\n  \"code\" : 0\r\n}', 0, NULL, '2021-08-02 15:46:39');
INSERT INTO `sys_oper_log` VALUES (254, '代码生成', 2, 'com.xy.generator.controller.GenController.editSave()', 'POST', 1, 'admin', '超级管理员', '/tool/gen/edit', '127.0.0.1', '内网IP', '{\"tableId\":[\"2\"],\"tableName\":[\"t_customer_contact\"],\"tableComment\":[\"客户表的拜访记录表\"],\"className\":[\"TCustomerContact\"],\"functionAuthor\":[\"lusifer\"],\"remark\":[\"\"],\"columns[0].columnId\":[\"39\"],\"columns[0].sort\":[\"1\"],\"columns[0].columnComment\":[\"拜访记录ID\"],\"columns[0].javaType\":[\"Long\"],\"columns[0].javaField\":[\"contactId\"],\"columns[0].isInsert\":[\"1\"],\"columns[0].queryType\":[\"EQ\"],\"columns[0].htmlType\":[\"input\"],\"columns[0].dictType\":[\"\"],\"columns[1].columnId\":[\"28\"],\"columns[1].sort\":[\"2\"],\"columns[1].columnComment\":[\"销售ID\"],\"columns[1].javaType\":[\"Long\"],\"columns[1].javaField\":[\"userId\"],\"columns[1].isInsert\":[\"1\"],\"columns[1].isEdit\":[\"1\"],\"columns[1].isList\":[\"1\"],\"columns[1].isQuery\":[\"1\"],\"columns[1].queryType\":[\"EQ\"],\"columns[1].htmlType\":[\"input\"],\"columns[1].dictType\":[\"\"],\"columns[2].columnId\":[\"29\"],\"columns[2].sort\":[\"3\"],\"columns[2].columnComment\":[\"计划项\"],\"columns[2].javaType\":[\"String\"],\"columns[2].javaField\":[\"plan\"],\"columns[2].isInsert\":[\"1\"],\"columns[2].isEdit\":[\"1\"],\"columns[2].isList\":[\"1\"],\"columns[2].isQuery\":[\"1\"],\"columns[2].queryType\":[\"EQ\"],\"columns[2].htmlType\":[\"input\"],\"columns[2].dictType\":[\"\"],\"columns[3].columnId\":[\"30\"],\"columns[3].sort\":[\"4\"],\"columns[3].columnComment\":[\"计划时间\"],\"columns[3].javaType\":[\"Date\"],\"columns[3].javaField\":[\"planTime\"],\"columns[3].isInsert\":[\"1\"],\"columns[3].isEdit\":[\"1\"],\"columns[3].isList\":[\"1\"],\"columns[3].isQuery\":[\"1\"],\"columns[3].queryType\":[\"EQ\"],\"columns[3].htmlType\":[\"datetime\"],\"columns[3].dictType\":[\"\"],\"columns[4].columnId\":[\"31\"],\"columns[4].sort\":[\"5\"],\"columns[4].columnComment\":[\"执行效果\"],\"columns[4].javaType\":[\"String\"],\"columns[4].javaField\":[\"result\"],\"columns[4].isInsert\":[\"1\"],\"columns[4].isEdit\":[\"1\"],\"columns[4].isList\":[\"1\"],\"columns[4].isQuery\":[\"1\"],\"columns[4].queryType\":[\"EQ\"],\"columns[4].htmlType\":[\"input\"],\"columns[4].dictType\":[\"\"],\"columns[5].columnId\":[\"32\"],\"columns[5].sort\":[\"6\"],\"columns[5].columnComment\":[\"我的解决方案\"],\"columns[5].javaType\":[\"String\"],\"columns[5].javaField\":[\"solution\"],\"', '{\r\n  \"msg\" : \"操作成功\",\r\n  \"code\" : 0\r\n}', 0, NULL, '2021-08-02 15:47:43');
INSERT INTO `sys_oper_log` VALUES (255, '代码生成', 8, 'com.xy.generator.controller.GenController.download()', 'GET', 1, 'admin', '超级管理员', '/tool/gen/download/t_customer_contact', '127.0.0.1', '内网IP', '\"t_customer_contact\"', NULL, 0, NULL, '2021-08-02 15:48:00');
INSERT INTO `sys_oper_log` VALUES (256, '代码生成', 2, 'com.xy.generator.controller.GenController.editSave()', 'POST', 1, 'admin', '超级管理员', '/tool/gen/edit', '127.0.0.1', '内网IP', '{\"tableId\":[\"1\"],\"tableName\":[\"t_customer\"],\"tableComment\":[\"客户表\"],\"className\":[\"TCustomer\"],\"functionAuthor\":[\"lusifer\"],\"remark\":[\"\"],\"columns[0].columnId\":[\"1\"],\"columns[0].sort\":[\"1\"],\"columns[0].columnComment\":[\"客户ID\"],\"columns[0].javaType\":[\"Long\"],\"columns[0].javaField\":[\"customerId\"],\"columns[0].isInsert\":[\"1\"],\"columns[0].queryType\":[\"EQ\"],\"columns[0].htmlType\":[\"input\"],\"columns[0].dictType\":[\"\"],\"columns[1].columnId\":[\"2\"],\"columns[1].sort\":[\"2\"],\"columns[1].columnComment\":[\"商拓用户ID\"],\"columns[1].javaType\":[\"Long\"],\"columns[1].javaField\":[\"userId\"],\"columns[1].isInsert\":[\"1\"],\"columns[1].isEdit\":[\"1\"],\"columns[1].isList\":[\"1\"],\"columns[1].queryType\":[\"EQ\"],\"columns[1].htmlType\":[\"input\"],\"columns[1].dictType\":[\"\"],\"columns[2].columnId\":[\"3\"],\"columns[2].sort\":[\"3\"],\"columns[2].columnComment\":[\"拜访时间\"],\"columns[2].javaType\":[\"Date\"],\"columns[2].javaField\":[\"visitTime\"],\"columns[2].isInsert\":[\"1\"],\"columns[2].isEdit\":[\"1\"],\"columns[2].isList\":[\"1\"],\"columns[2].isQuery\":[\"1\"],\"columns[2].queryType\":[\"EQ\"],\"columns[2].isRequired\":[\"1\"],\"columns[2].htmlType\":[\"datetime\"],\"columns[2].dictType\":[\"\"],\"columns[3].columnId\":[\"4\"],\"columns[3].sort\":[\"4\"],\"columns[3].columnComment\":[\"客户名称\"],\"columns[3].javaType\":[\"String\"],\"columns[3].javaField\":[\"customerName\"],\"columns[3].isInsert\":[\"1\"],\"columns[3].isEdit\":[\"1\"],\"columns[3].isList\":[\"1\"],\"columns[3].isQuery\":[\"1\"],\"columns[3].queryType\":[\"LIKE\"],\"columns[3].isRequired\":[\"1\"],\"columns[3].htmlType\":[\"input\"],\"columns[3].dictType\":[\"\"],\"columns[4].columnId\":[\"5\"],\"columns[4].sort\":[\"5\"],\"columns[4].columnComment\":[\"门店类型(0综合店 1连锁店 )\"],\"columns[4].javaType\":[\"String\"],\"columns[4].javaField\":[\"storesType\"],\"columns[4].isInsert\":[\"1\"],\"columns[4].isEdit\":[\"1\"],\"columns[4].isList\":[\"1\"],\"columns[4].isQuery\":[\"1\"],\"columns[4].queryType\":[\"EQ\"],\"columns[4].htmlType\":[\"select\"],\"columns[4].dictType\":[\"customer_stores_type\"],\"columns[5].columnId\":[\"6\"],\"columns[5].sort\":[\"6\"],\"columns[5].columnComment\":[\"门店大小(单位平方)\"],\"columns[5', '{\r\n  \"msg\" : \"操作成功\",\r\n  \"code\" : 0\r\n}', 0, NULL, '2021-08-02 15:49:09');
INSERT INTO `sys_oper_log` VALUES (257, '代码生成', 2, 'com.xy.generator.controller.GenController.editSave()', 'POST', 1, 'admin', '超级管理员', '/tool/gen/edit', '127.0.0.1', '内网IP', '{\"tableId\":[\"1\"],\"tableName\":[\"t_customer\"],\"tableComment\":[\"客户表\"],\"className\":[\"TCustomer\"],\"functionAuthor\":[\"lusifer\"],\"remark\":[\"\"],\"columns[0].columnId\":[\"1\"],\"columns[0].sort\":[\"1\"],\"columns[0].columnComment\":[\"客户ID\"],\"columns[0].javaType\":[\"Long\"],\"columns[0].javaField\":[\"customerId\"],\"columns[0].isInsert\":[\"1\"],\"columns[0].queryType\":[\"EQ\"],\"columns[0].htmlType\":[\"input\"],\"columns[0].dictType\":[\"\"],\"columns[1].columnId\":[\"2\"],\"columns[1].sort\":[\"2\"],\"columns[1].columnComment\":[\"商拓用户ID\"],\"columns[1].javaType\":[\"Long\"],\"columns[1].javaField\":[\"userId\"],\"columns[1].isInsert\":[\"1\"],\"columns[1].isEdit\":[\"1\"],\"columns[1].isList\":[\"1\"],\"columns[1].queryType\":[\"EQ\"],\"columns[1].htmlType\":[\"input\"],\"columns[1].dictType\":[\"\"],\"columns[2].columnId\":[\"3\"],\"columns[2].sort\":[\"3\"],\"columns[2].columnComment\":[\"拜访时间\"],\"columns[2].javaType\":[\"Date\"],\"columns[2].javaField\":[\"visitTime\"],\"columns[2].isInsert\":[\"1\"],\"columns[2].isEdit\":[\"1\"],\"columns[2].isList\":[\"1\"],\"columns[2].isQuery\":[\"1\"],\"columns[2].queryType\":[\"EQ\"],\"columns[2].isRequired\":[\"1\"],\"columns[2].htmlType\":[\"datetime\"],\"columns[2].dictType\":[\"\"],\"columns[3].columnId\":[\"4\"],\"columns[3].sort\":[\"4\"],\"columns[3].columnComment\":[\"客户名称\"],\"columns[3].javaType\":[\"String\"],\"columns[3].javaField\":[\"customerName\"],\"columns[3].isInsert\":[\"1\"],\"columns[3].isEdit\":[\"1\"],\"columns[3].isList\":[\"1\"],\"columns[3].isQuery\":[\"1\"],\"columns[3].queryType\":[\"LIKE\"],\"columns[3].isRequired\":[\"1\"],\"columns[3].htmlType\":[\"input\"],\"columns[3].dictType\":[\"\"],\"columns[4].columnId\":[\"5\"],\"columns[4].sort\":[\"5\"],\"columns[4].columnComment\":[\"门店类型(0综合店 1连锁店 )\"],\"columns[4].javaType\":[\"String\"],\"columns[4].javaField\":[\"storesType\"],\"columns[4].isInsert\":[\"1\"],\"columns[4].isEdit\":[\"1\"],\"columns[4].isList\":[\"1\"],\"columns[4].isQuery\":[\"1\"],\"columns[4].queryType\":[\"EQ\"],\"columns[4].htmlType\":[\"select\"],\"columns[4].dictType\":[\"customer_stores_type\"],\"columns[5].columnId\":[\"6\"],\"columns[5].sort\":[\"6\"],\"columns[5].columnComment\":[\"门店大小(单位平方)\"],\"columns[5', '{\r\n  \"msg\" : \"操作成功\",\r\n  \"code\" : 0\r\n}', 0, NULL, '2021-08-02 15:49:44');
INSERT INTO `sys_oper_log` VALUES (258, '代码生成', 8, 'com.xy.generator.controller.GenController.download()', 'GET', 1, 'admin', '超级管理员', '/tool/gen/download/t_customer', '127.0.0.1', '内网IP', '\"t_customer\"', NULL, 0, NULL, '2021-08-02 15:49:50');
INSERT INTO `sys_oper_log` VALUES (259, '客户', 1, 'com.xy.web.controller.system.TCustomerController.addSave()', 'POST', 1, 'admin', '超级管理员', '/system/customer/add', '127.0.0.1', '内网IP', '{\"userId\":[\"201803080239 \"],\"visitTime\":[\"2021-08-04\"],\"customerName\":[\"dd\"],\"storesType\":[\"2\"],\"storesSize\":[\"\"],\"employeesNums\":[\"\"],\"location\":[\"\"],\"addressDesc\":[\"\"],\"isSigned\":[\"\"],\"founder\":[\"\"],\"follower\":[\"\"],\"keyPerson\":[\"\"],\"key personTel\":[\"\"],\"customerSatisfaction\":[\"\"],\"customerLevel\":[\"\"],\"credit\":[\"\"],\"progress\":[\"\"],\"reporter\":[\"\"],\"customerSource\":[\"\"],\"delFlag\":[\"\"],\"remark\":[\"\"],\"index\":[\"1\"],\"tCustomerContactList[0].userId\":[\"123\"],\"tCustomerContactList[0].plan\":[\"d\"],\"tCustomerContactList[0].planTime\":[\"d\"],\"tCustomerContactList[0].result\":[\"d\"],\"tCustomerContactList[0].solution\":[\"d\"],\"tCustomerContactList[0].delFlag\":[\"d\"],\"tCustomerContactList[0].evaluation\":[\"d\"],\"tCustomerContactList[0].createTime\":[\"d\"],\"tCustomerContactList[0].createBy\":[\"d\"],\"tCustomerContactList[0].evaluationBy\":[\"d\"],\"tCustomerContactList[0].evaluationTime\":[\"\"],\"tCustomerContactList[0].updateBy\":[\"\"],\"tCustomerContactList[0].updateTime\":[\"d\"],\"tCustomerContactList[0].remark\":[\"\"],\"btSelectAll\":[\"\"],\"btSelectItem\":[\"\"]}', NULL, 1, 'nested exception is org.apache.ibatis.builder.BuilderException: Error evaluating expression \'key personTel != null\'. Cause: org.apache.ibatis.ognl.ExpressionSyntaxException: Malformed OGNL expression: key personTel != null [org.apache.ibatis.ognl.ParseException: Encountered \" <IDENT> \"personTel \"\" at line 1, column 5.\r\nWas expecting one of:\r\n    <EOF> \r\n    \",\" ...\r\n    \"=\" ...\r\n    \"?\" ...\r\n    \"||\" ...\r\n    \"or\" ...\r\n    \"&&\" ...\r\n    \"and\" ...\r\n    \"|\" ...\r\n    \"bor\" ...\r\n    \"^\" ...\r\n    \"xor\" ...\r\n    \"&\" ...\r\n    \"band\" ...\r\n    \"==\" ...\r\n    \"eq\" ...\r\n    \"!=\" ...\r\n    \"neq\" ...\r\n    \"<\" ...\r\n    \"lt\" ...\r\n    \">\" ...\r\n    \"gt\" ...\r\n    \"<=\" ...\r\n    \"lte\" ...\r\n    \">=\" ...\r\n    \"gte\" ...\r\n    \"in\" ...\r\n    \"not\" ...\r\n    \"<<\" ...\r\n    \"shl\" ...\r\n    \">>\" ...\r\n    \"shr\" ...\r\n    \">>>\" ...\r\n    \"ushr\" ...\r\n    \"+\" ...\r\n    \"-\" ...\r\n    \"*\" ...\r\n    \"/\" ...\r\n    \"%\" ...\r\n    \"instanceof\" ...\r\n    \".\" ...\r\n    \"(\" ...\r\n    \"[\" ...\r\n    <DYNAMIC_SUBSCRIPT> ...\r\n    \"(\" ...\r\n    ]', '2021-08-02 16:05:27');
INSERT INTO `sys_oper_log` VALUES (260, '代码生成', 2, 'com.xy.generator.controller.GenController.synchDb()', 'GET', 1, 'admin', '超级管理员', '/tool/gen/synchDb/t_customer_contact', '127.0.0.1', '内网IP', '\"t_customer_contact\"', '{\r\n  \"msg\" : \"操作成功\",\r\n  \"code\" : 0\r\n}', 0, NULL, '2021-08-02 16:08:07');
INSERT INTO `sys_oper_log` VALUES (261, '代码生成', 2, 'com.xy.generator.controller.GenController.synchDb()', 'GET', 1, 'admin', '超级管理员', '/tool/gen/synchDb/t_customer', '127.0.0.1', '内网IP', '\"t_customer\"', '{\r\n  \"msg\" : \"操作成功\",\r\n  \"code\" : 0\r\n}', 0, NULL, '2021-08-02 16:08:19');
INSERT INTO `sys_oper_log` VALUES (262, '代码生成', 2, 'com.xy.generator.controller.GenController.synchDb()', 'GET', 1, 'admin', '超级管理员', '/tool/gen/synchDb/t_customer', '127.0.0.1', '内网IP', '\"t_customer\"', '{\r\n  \"msg\" : \"操作成功\",\r\n  \"code\" : 0\r\n}', 0, NULL, '2021-08-02 16:08:57');
INSERT INTO `sys_oper_log` VALUES (263, '代码生成', 2, 'com.xy.generator.controller.GenController.synchDb()', 'GET', 1, 'admin', '超级管理员', '/tool/gen/synchDb/t_customer', '127.0.0.1', '内网IP', '\"t_customer\"', '{\r\n  \"msg\" : \"操作成功\",\r\n  \"code\" : 0\r\n}', 0, NULL, '2021-08-02 16:09:16');
INSERT INTO `sys_oper_log` VALUES (264, '代码生成', 2, 'com.xy.generator.controller.GenController.synchDb()', 'GET', 1, 'admin', '超级管理员', '/tool/gen/synchDb/t_customer', '127.0.0.1', '内网IP', '\"t_customer\"', '{\r\n  \"msg\" : \"操作成功\",\r\n  \"code\" : 0\r\n}', 0, NULL, '2021-08-02 16:09:20');
INSERT INTO `sys_oper_log` VALUES (265, '代码生成', 2, 'com.xy.generator.controller.GenController.synchDb()', 'GET', 1, 'admin', '超级管理员', '/tool/gen/synchDb/t_customer', '127.0.0.1', '内网IP', '\"t_customer\"', '{\r\n  \"msg\" : \"操作成功\",\r\n  \"code\" : 0\r\n}', 0, NULL, '2021-08-02 16:11:18');
INSERT INTO `sys_oper_log` VALUES (266, '代码生成', 2, 'com.xy.generator.controller.GenController.editSave()', 'POST', 1, 'admin', '超级管理员', '/tool/gen/edit', '127.0.0.1', '内网IP', '{\"tableId\":[\"1\"],\"tableName\":[\"t_customer\"],\"tableComment\":[\"客户表\"],\"className\":[\"TCustomer\"],\"functionAuthor\":[\"lusifer\"],\"remark\":[\"\"],\"columns[0].columnId\":[\"1\"],\"columns[0].sort\":[\"1\"],\"columns[0].columnComment\":[\"客户ID\"],\"columns[0].javaType\":[\"Long\"],\"columns[0].javaField\":[\"customerId\"],\"columns[0].isInsert\":[\"1\"],\"columns[0].queryType\":[\"EQ\"],\"columns[0].htmlType\":[\"input\"],\"columns[0].dictType\":[\"\"],\"columns[1].columnId\":[\"2\"],\"columns[1].sort\":[\"2\"],\"columns[1].columnComment\":[\"商拓用户ID\"],\"columns[1].javaType\":[\"Long\"],\"columns[1].javaField\":[\"userId\"],\"columns[1].isInsert\":[\"1\"],\"columns[1].isEdit\":[\"1\"],\"columns[1].isList\":[\"1\"],\"columns[1].queryType\":[\"EQ\"],\"columns[1].htmlType\":[\"input\"],\"columns[1].dictType\":[\"\"],\"columns[2].columnId\":[\"3\"],\"columns[2].sort\":[\"3\"],\"columns[2].columnComment\":[\"拜访时间\"],\"columns[2].javaType\":[\"Date\"],\"columns[2].javaField\":[\"visitTime\"],\"columns[2].isInsert\":[\"1\"],\"columns[2].isEdit\":[\"1\"],\"columns[2].isList\":[\"1\"],\"columns[2].isQuery\":[\"1\"],\"columns[2].queryType\":[\"EQ\"],\"columns[2].isRequired\":[\"1\"],\"columns[2].htmlType\":[\"datetime\"],\"columns[2].dictType\":[\"\"],\"columns[3].columnId\":[\"4\"],\"columns[3].sort\":[\"4\"],\"columns[3].columnComment\":[\"客户名称\"],\"columns[3].javaType\":[\"String\"],\"columns[3].javaField\":[\"customerName\"],\"columns[3].isInsert\":[\"1\"],\"columns[3].isEdit\":[\"1\"],\"columns[3].isList\":[\"1\"],\"columns[3].isQuery\":[\"1\"],\"columns[3].queryType\":[\"LIKE\"],\"columns[3].isRequired\":[\"1\"],\"columns[3].htmlType\":[\"input\"],\"columns[3].dictType\":[\"\"],\"columns[4].columnId\":[\"5\"],\"columns[4].sort\":[\"5\"],\"columns[4].columnComment\":[\"门店类型(0综合店 1连锁店 )\"],\"columns[4].javaType\":[\"String\"],\"columns[4].javaField\":[\"storesType\"],\"columns[4].isInsert\":[\"1\"],\"columns[4].isEdit\":[\"1\"],\"columns[4].isList\":[\"1\"],\"columns[4].isQuery\":[\"1\"],\"columns[4].queryType\":[\"EQ\"],\"columns[4].htmlType\":[\"select\"],\"columns[4].dictType\":[\"customer_stores_type\"],\"columns[5].columnId\":[\"6\"],\"columns[5].sort\":[\"6\"],\"columns[5].columnComment\":[\"门店大小(单位平方)\"],\"columns[5', '{\r\n  \"msg\" : \"操作成功\",\r\n  \"code\" : 0\r\n}', 0, NULL, '2021-08-02 16:12:00');
INSERT INTO `sys_oper_log` VALUES (267, '代码生成', 2, 'com.xy.generator.controller.GenController.synchDb()', 'GET', 1, 'admin', '超级管理员', '/tool/gen/synchDb/t_customer', '127.0.0.1', '内网IP', '\"t_customer\"', '{\r\n  \"msg\" : \"操作成功\",\r\n  \"code\" : 0\r\n}', 0, NULL, '2021-08-02 16:12:41');
INSERT INTO `sys_oper_log` VALUES (268, '代码生成', 2, 'com.xy.generator.controller.GenController.synchDb()', 'GET', 1, 'admin', '超级管理员', '/tool/gen/synchDb/t_customer', '127.0.0.1', '内网IP', '\"t_customer\"', '{\r\n  \"msg\" : \"操作成功\",\r\n  \"code\" : 0\r\n}', 0, NULL, '2021-08-02 16:13:14');
INSERT INTO `sys_oper_log` VALUES (269, '代码生成', 2, 'com.xy.generator.controller.GenController.synchDb()', 'GET', 1, 'admin', '超级管理员', '/tool/gen/synchDb/t_customer', '127.0.0.1', '内网IP', '\"t_customer\"', '{\r\n  \"msg\" : \"操作成功\",\r\n  \"code\" : 0\r\n}', 0, NULL, '2021-08-02 16:13:35');
INSERT INTO `sys_oper_log` VALUES (270, '代码生成', 2, 'com.xy.generator.controller.GenController.synchDb()', 'GET', 1, 'admin', '超级管理员', '/tool/gen/synchDb/t_customer', '127.0.0.1', '内网IP', '\"t_customer\"', '{\r\n  \"msg\" : \"操作成功\",\r\n  \"code\" : 0\r\n}', 0, NULL, '2021-08-02 16:19:00');
INSERT INTO `sys_oper_log` VALUES (271, '代码生成', 2, 'com.xy.generator.controller.GenController.editSave()', 'POST', 1, 'admin', '超级管理员', '/tool/gen/edit', '127.0.0.1', '内网IP', '{\"tableId\":[\"1\"],\"tableName\":[\"t_customer\"],\"tableComment\":[\"客户表\"],\"className\":[\"TCustomer\"],\"functionAuthor\":[\"lusifer\"],\"remark\":[\"\"],\"columns[0].columnId\":[\"1\"],\"columns[0].sort\":[\"1\"],\"columns[0].columnComment\":[\"客户ID\"],\"columns[0].javaType\":[\"Long\"],\"columns[0].javaField\":[\"customerId\"],\"columns[0].isInsert\":[\"1\"],\"columns[0].queryType\":[\"EQ\"],\"columns[0].htmlType\":[\"input\"],\"columns[0].dictType\":[\"\"],\"columns[1].columnId\":[\"2\"],\"columns[1].sort\":[\"2\"],\"columns[1].columnComment\":[\"商拓用户ID\"],\"columns[1].javaType\":[\"Long\"],\"columns[1].javaField\":[\"userId\"],\"columns[1].isInsert\":[\"1\"],\"columns[1].isEdit\":[\"1\"],\"columns[1].isList\":[\"1\"],\"columns[1].queryType\":[\"EQ\"],\"columns[1].htmlType\":[\"input\"],\"columns[1].dictType\":[\"\"],\"columns[2].columnId\":[\"3\"],\"columns[2].sort\":[\"3\"],\"columns[2].columnComment\":[\"拜访时间\"],\"columns[2].javaType\":[\"Date\"],\"columns[2].javaField\":[\"visitTime\"],\"columns[2].isInsert\":[\"1\"],\"columns[2].isEdit\":[\"1\"],\"columns[2].isList\":[\"1\"],\"columns[2].isQuery\":[\"1\"],\"columns[2].queryType\":[\"EQ\"],\"columns[2].isRequired\":[\"1\"],\"columns[2].htmlType\":[\"datetime\"],\"columns[2].dictType\":[\"\"],\"columns[3].columnId\":[\"4\"],\"columns[3].sort\":[\"4\"],\"columns[3].columnComment\":[\"客户名称\"],\"columns[3].javaType\":[\"String\"],\"columns[3].javaField\":[\"customerName\"],\"columns[3].isInsert\":[\"1\"],\"columns[3].isEdit\":[\"1\"],\"columns[3].isList\":[\"1\"],\"columns[3].isQuery\":[\"1\"],\"columns[3].queryType\":[\"LIKE\"],\"columns[3].isRequired\":[\"1\"],\"columns[3].htmlType\":[\"input\"],\"columns[3].dictType\":[\"\"],\"columns[4].columnId\":[\"45\"],\"columns[4].sort\":[\"4\"],\"columns[4].columnComment\":[\"门头照片\"],\"columns[4].javaType\":[\"String\"],\"columns[4].javaField\":[\"visitPhoto\"],\"columns[4].isInsert\":[\"1\"],\"columns[4].isEdit\":[\"1\"],\"columns[4].isList\":[\"1\"],\"columns[4].queryType\":[\"EQ\"],\"columns[4].isRequired\":[\"1\"],\"columns[4].htmlType\":[\"upload\"],\"columns[4].dictType\":[\"\"],\"columns[5].columnId\":[\"5\"],\"columns[5].sort\":[\"5\"],\"columns[5].columnComment\":[\"门店类型(0综合店 1连锁店 )\"],\"columns[5].javaType\":[\"String\"]', '{\r\n  \"msg\" : \"操作成功\",\r\n  \"code\" : 0\r\n}', 0, NULL, '2021-08-02 16:19:51');
INSERT INTO `sys_oper_log` VALUES (272, '代码生成', 2, 'com.xy.generator.controller.GenController.editSave()', 'POST', 1, 'admin', '超级管理员', '/tool/gen/edit', '127.0.0.1', '内网IP', '{\"tableId\":[\"1\"],\"tableName\":[\"t_customer\"],\"tableComment\":[\"客户表\"],\"className\":[\"TCustomer\"],\"functionAuthor\":[\"lusifer\"],\"remark\":[\"客户信息表\"],\"columns[0].columnId\":[\"1\"],\"columns[0].sort\":[\"1\"],\"columns[0].columnComment\":[\"客户ID\"],\"columns[0].javaType\":[\"Long\"],\"columns[0].javaField\":[\"customerId\"],\"columns[0].isInsert\":[\"1\"],\"columns[0].queryType\":[\"EQ\"],\"columns[0].htmlType\":[\"input\"],\"columns[0].dictType\":[\"\"],\"columns[1].columnId\":[\"2\"],\"columns[1].sort\":[\"2\"],\"columns[1].columnComment\":[\"商拓用户ID\"],\"columns[1].javaType\":[\"Long\"],\"columns[1].javaField\":[\"userId\"],\"columns[1].isInsert\":[\"1\"],\"columns[1].isEdit\":[\"1\"],\"columns[1].isList\":[\"1\"],\"columns[1].queryType\":[\"EQ\"],\"columns[1].htmlType\":[\"input\"],\"columns[1].dictType\":[\"\"],\"columns[2].columnId\":[\"3\"],\"columns[2].sort\":[\"3\"],\"columns[2].columnComment\":[\"拜访时间\"],\"columns[2].javaType\":[\"Date\"],\"columns[2].javaField\":[\"visitTime\"],\"columns[2].isInsert\":[\"1\"],\"columns[2].isEdit\":[\"1\"],\"columns[2].isList\":[\"1\"],\"columns[2].isQuery\":[\"1\"],\"columns[2].queryType\":[\"EQ\"],\"columns[2].isRequired\":[\"1\"],\"columns[2].htmlType\":[\"datetime\"],\"columns[2].dictType\":[\"\"],\"columns[3].columnId\":[\"4\"],\"columns[3].sort\":[\"4\"],\"columns[3].columnComment\":[\"客户名称\"],\"columns[3].javaType\":[\"String\"],\"columns[3].javaField\":[\"customerName\"],\"columns[3].isInsert\":[\"1\"],\"columns[3].isEdit\":[\"1\"],\"columns[3].isList\":[\"1\"],\"columns[3].isQuery\":[\"1\"],\"columns[3].queryType\":[\"LIKE\"],\"columns[3].isRequired\":[\"1\"],\"columns[3].htmlType\":[\"input\"],\"columns[3].dictType\":[\"\"],\"columns[4].columnId\":[\"45\"],\"columns[4].sort\":[\"4\"],\"columns[4].columnComment\":[\"门头照片\"],\"columns[4].javaType\":[\"String\"],\"columns[4].javaField\":[\"visitPhoto\"],\"columns[4].isInsert\":[\"1\"],\"columns[4].isEdit\":[\"1\"],\"columns[4].isList\":[\"1\"],\"columns[4].queryType\":[\"EQ\"],\"columns[4].isRequired\":[\"1\"],\"columns[4].htmlType\":[\"upload\"],\"columns[4].dictType\":[\"\"],\"columns[5].columnId\":[\"5\"],\"columns[5].sort\":[\"5\"],\"columns[5].columnComment\":[\"门店类型(0综合店 1连锁店 )\"],\"columns[5].javaType\":[\"Str', '{\r\n  \"msg\" : \"操作成功\",\r\n  \"code\" : 0\r\n}', 0, NULL, '2021-08-02 16:20:27');
INSERT INTO `sys_oper_log` VALUES (273, '代码生成', 2, 'com.xy.generator.controller.GenController.editSave()', 'POST', 1, 'admin', '超级管理员', '/tool/gen/edit', '127.0.0.1', '内网IP', '{\"tableId\":[\"1\"],\"tableName\":[\"t_customer\"],\"tableComment\":[\"客户表\"],\"className\":[\"TCustomer\"],\"functionAuthor\":[\"lusifer\"],\"remark\":[\"\"],\"columns[0].columnId\":[\"1\"],\"columns[0].sort\":[\"1\"],\"columns[0].columnComment\":[\"客户ID\"],\"columns[0].javaType\":[\"Long\"],\"columns[0].javaField\":[\"customerId\"],\"columns[0].isInsert\":[\"1\"],\"columns[0].queryType\":[\"EQ\"],\"columns[0].htmlType\":[\"input\"],\"columns[0].dictType\":[\"\"],\"columns[1].columnId\":[\"2\"],\"columns[1].sort\":[\"2\"],\"columns[1].columnComment\":[\"商拓用户ID\"],\"columns[1].javaType\":[\"Long\"],\"columns[1].javaField\":[\"userId\"],\"columns[1].isInsert\":[\"1\"],\"columns[1].isEdit\":[\"1\"],\"columns[1].isList\":[\"1\"],\"columns[1].queryType\":[\"EQ\"],\"columns[1].htmlType\":[\"input\"],\"columns[1].dictType\":[\"\"],\"columns[2].columnId\":[\"3\"],\"columns[2].sort\":[\"3\"],\"columns[2].columnComment\":[\"拜访时间\"],\"columns[2].javaType\":[\"Date\"],\"columns[2].javaField\":[\"visitTime\"],\"columns[2].isInsert\":[\"1\"],\"columns[2].isEdit\":[\"1\"],\"columns[2].isList\":[\"1\"],\"columns[2].isQuery\":[\"1\"],\"columns[2].queryType\":[\"EQ\"],\"columns[2].isRequired\":[\"1\"],\"columns[2].htmlType\":[\"datetime\"],\"columns[2].dictType\":[\"\"],\"columns[3].columnId\":[\"4\"],\"columns[3].sort\":[\"4\"],\"columns[3].columnComment\":[\"客户名称\"],\"columns[3].javaType\":[\"String\"],\"columns[3].javaField\":[\"customerName\"],\"columns[3].isInsert\":[\"1\"],\"columns[3].isEdit\":[\"1\"],\"columns[3].isList\":[\"1\"],\"columns[3].isQuery\":[\"1\"],\"columns[3].queryType\":[\"LIKE\"],\"columns[3].isRequired\":[\"1\"],\"columns[3].htmlType\":[\"input\"],\"columns[3].dictType\":[\"\"],\"columns[4].columnId\":[\"45\"],\"columns[4].sort\":[\"4\"],\"columns[4].columnComment\":[\"门头照片\"],\"columns[4].javaType\":[\"String\"],\"columns[4].javaField\":[\"visitPhoto\"],\"columns[4].isInsert\":[\"1\"],\"columns[4].isEdit\":[\"1\"],\"columns[4].isList\":[\"1\"],\"columns[4].queryType\":[\"EQ\"],\"columns[4].isRequired\":[\"1\"],\"columns[4].htmlType\":[\"upload\"],\"columns[4].dictType\":[\"\"],\"columns[5].columnId\":[\"5\"],\"columns[5].sort\":[\"5\"],\"columns[5].columnComment\":[\"门店类型(0综合店 1连锁店 )\"],\"columns[5].javaType\":[\"String\"]', '{\r\n  \"msg\" : \"操作成功\",\r\n  \"code\" : 0\r\n}', 0, NULL, '2021-08-02 16:21:20');
INSERT INTO `sys_oper_log` VALUES (274, '代码生成', 8, 'com.xy.generator.controller.GenController.download()', 'GET', 1, 'admin', '超级管理员', '/tool/gen/download/t_customer', '127.0.0.1', '内网IP', '\"t_customer\"', NULL, 0, NULL, '2021-08-02 16:21:26');
INSERT INTO `sys_oper_log` VALUES (275, '客户', 1, 'com.xy.web.controller.system.TCustomerController.addSave()', 'POST', 1, 'admin', '超级管理员', '/system/t_customer/add', '127.0.0.1', '内网IP', '{\"userId\":[\"123\"],\"visitTime\":[\"2021-08-02\"],\"visitPhoto\":[\"\"],\"customerName\":[\"北京西湖科技\"],\"storesType\":[\"0\"],\"storesSize\":[\"120\"],\"employeesNums\":[\"0\"],\"location\":[\"杭州\"],\"addressDesc\":[\"浙江省杭州市西湖区蒋村街道公元里4幢4楼\"],\"isSigned\":[\"1\"],\"founder\":[\"\"],\"follower\":[\"\"],\"keyPerson\":[\"韩乐乐\"],\"keyPersonTel\":[\"17633850697\"],\"customerSatisfaction\":[\"3\"],\"customerLevel\":[\"1\"],\"credit\":[\"0\"],\"progress\":[\"0\"],\"reporter\":[\"大家好,我是渣渣辉,是兄弟就来砍我\"],\"customerSource\":[\"\"],\"delFlag\":[\"\"],\"remark\":[\"\"],\"btSelectAll\":[\"\"]}', NULL, 1, '\r\n### Error updating database.  Cause: com.mysql.cj.jdbc.exceptions.MysqlDataTruncation: Data truncation: Data too long for column \'stores_size\' at row 1\r\n### The error may exist in file [D:\\work\\星元\\客户关系管理系统\\crm\\crm-xy\\crm-system\\target\\classes\\mapper\\system\\TCustomerMapper.xml]\r\n### The error may involve com.xy.system.mapper.TCustomerMapper.insertTCustomer-Inline\r\n### The error occurred while setting parameters\r\n### SQL: insert into t_customer          ( user_id,             visit_time,                          customer_name,             stores_type,             stores_size,             employees_nums,             location,             address_desc,             is_signed,             founder,             follower,             key_person,             key_person_tel,             customer_satisfaction,             customer_level,             credit,             progress,             reporter,             customer_source,             del_flag,                          create_time,                                       remark )           values ( ?,             ?,                          ?,             ?,             ?,             ?,             ?,             ?,             ?,             ?,             ?,             ?,             ?,             ?,             ?,             ?,             ?,             ?,             ?,             ?,                          ?,                                       ? )\r\n### Cause: com.mysql.cj.jdbc.exceptions.MysqlDataTruncation: Data truncation: Data too long for column \'stores_size\' at row 1\n; Data truncation: Data too long for column \'stores_size\' at row 1; nested exception is com.mysql.cj.jdbc.exceptions.MysqlDataTruncation: Data truncation: Data too long for column \'stores_size\' at row 1', '2021-08-02 16:31:07');
INSERT INTO `sys_oper_log` VALUES (276, '客户', 1, 'com.xy.web.controller.system.TCustomerController.addSave()', 'POST', 1, 'admin', '超级管理员', '/system/t_customer/add', '127.0.0.1', '内网IP', '{\"userId\":[\"123\"],\"visitTime\":[\"2021-08-02\"],\"visitPhoto\":[\"\"],\"customerName\":[\"北京西湖科技\"],\"storesType\":[\"0\"],\"storesSize\":[\"120\"],\"employeesNums\":[\"0\"],\"location\":[\"杭州\"],\"addressDesc\":[\"浙江省杭州市西湖区蒋村街道公元里4幢4楼\"],\"isSigned\":[\"1\"],\"founder\":[\"\"],\"follower\":[\"\"],\"keyPerson\":[\"韩乐乐\"],\"keyPersonTel\":[\"17633850697\"],\"customerSatisfaction\":[\"3\"],\"customerLevel\":[\"1\"],\"credit\":[\"0\"],\"progress\":[\"0\"],\"reporter\":[\"大家好,我是渣渣辉,是兄弟就来砍我\"],\"customerSource\":[\"\"],\"delFlag\":[\"\"],\"remark\":[\"\"],\"index\":[\"1\"],\"tCustomerContactList[0].userId\":[\"12\"],\"tCustomerContactList[0].plan\":[\"大家好\"],\"tCustomerContactList[0].planTime\":[\"时间\"],\"tCustomerContactList[0].result\":[\"\"],\"tCustomerContactList[0].solution\":[\"\"],\"tCustomerContactList[0].delFlag\":[\"\"],\"tCustomerContactList[0].evaluation\":[\"\"],\"tCustomerContactList[0].createTime\":[\"\"],\"tCustomerContactList[0].createBy\":[\"\"],\"tCustomerContactList[0].evaluationBy\":[\"\"],\"tCustomerContactList[0].evaluationTime\":[\"\"],\"tCustomerContactList[0].updateBy\":[\"\"],\"tCustomerContactList[0].updateTime\":[\"\"],\"tCustomerContactList[0].remark\":[\"\"],\"btSelectAll\":[\"\"],\"btSelectItem\":[\"\"]}', NULL, 1, '\r\n### Error updating database.  Cause: com.mysql.cj.jdbc.exceptions.MysqlDataTruncation: Data truncation: Data too long for column \'stores_size\' at row 1\r\n### The error may exist in file [D:\\work\\星元\\客户关系管理系统\\crm\\crm-xy\\crm-system\\target\\classes\\mapper\\system\\TCustomerMapper.xml]\r\n### The error may involve com.xy.system.mapper.TCustomerMapper.insertTCustomer-Inline\r\n### The error occurred while setting parameters\r\n### SQL: insert into t_customer          ( user_id,             visit_time,                          customer_name,             stores_type,             stores_size,             employees_nums,             location,             address_desc,             is_signed,             founder,             follower,             key_person,             key_person_tel,             customer_satisfaction,             customer_level,             credit,             progress,             reporter,             customer_source,             del_flag,                          create_time,                                       remark )           values ( ?,             ?,                          ?,             ?,             ?,             ?,             ?,             ?,             ?,             ?,             ?,             ?,             ?,             ?,             ?,             ?,             ?,             ?,             ?,             ?,                          ?,                                       ? )\r\n### Cause: com.mysql.cj.jdbc.exceptions.MysqlDataTruncation: Data truncation: Data too long for column \'stores_size\' at row 1\n; Data truncation: Data too long for column \'stores_size\' at row 1; nested exception is com.mysql.cj.jdbc.exceptions.MysqlDataTruncation: Data truncation: Data too long for column \'stores_size\' at row 1', '2021-08-02 16:31:44');
INSERT INTO `sys_oper_log` VALUES (277, '客户', 1, 'com.xy.web.controller.system.TCustomerController.addSave()', 'POST', 1, 'admin', '超级管理员', '/system/t_customer/add', '127.0.0.1', '内网IP', '{\"userId\":[\"123\"],\"visitTime\":[\"2021-08-02\"],\"visitPhoto\":[\"\"],\"customerName\":[\"北京西湖科技\"],\"storesType\":[\"0\"],\"storesSize\":[\"120\"],\"employeesNums\":[\"0\"],\"location\":[\"杭州\"],\"addressDesc\":[\"浙江省杭州市西湖区蒋村街道公元里4幢4楼\"],\"isSigned\":[\"1\"],\"founder\":[\"\"],\"follower\":[\"\"],\"keyPerson\":[\"韩乐乐\"],\"keyPersonTel\":[\"17633850697\"],\"customerSatisfaction\":[\"3\"],\"customerLevel\":[\"1\"],\"credit\":[\"0\"],\"progress\":[\"0\"],\"reporter\":[\"大家好,我是渣渣辉,是兄弟就来砍我\"],\"customerSource\":[\"\"],\"delFlag\":[\"\"],\"remark\":[\"\"],\"index\":[\"1\"],\"tCustomerContactList[0].userId\":[\"\"],\"tCustomerContactList[0].plan\":[\"\"],\"tCustomerContactList[0].planTime\":[\"\"],\"tCustomerContactList[0].result\":[\"\"],\"tCustomerContactList[0].solution\":[\"\"],\"tCustomerContactList[0].delFlag\":[\"\"],\"tCustomerContactList[0].evaluation\":[\"\"],\"tCustomerContactList[0].createTime\":[\"\"],\"tCustomerContactList[0].createBy\":[\"\"],\"tCustomerContactList[0].evaluationBy\":[\"\"],\"tCustomerContactList[0].evaluationTime\":[\"\"],\"tCustomerContactList[0].updateBy\":[\"\"],\"tCustomerContactList[0].updateTime\":[\"\"],\"tCustomerContactList[0].remark\":[\"\"],\"btSelectAll\":[\"\"],\"btSelectItem\":[\"\"]}', NULL, 1, '\r\n### Error updating database.  Cause: com.mysql.cj.jdbc.exceptions.MysqlDataTruncation: Data truncation: Data too long for column \'stores_size\' at row 1\r\n### The error may exist in file [D:\\work\\星元\\客户关系管理系统\\crm\\crm-xy\\crm-system\\target\\classes\\mapper\\system\\TCustomerMapper.xml]\r\n### The error may involve com.xy.system.mapper.TCustomerMapper.insertTCustomer-Inline\r\n### The error occurred while setting parameters\r\n### SQL: insert into t_customer          ( user_id,             visit_time,                          customer_name,             stores_type,             stores_size,             employees_nums,             location,             address_desc,             is_signed,             founder,             follower,             key_person,             key_person_tel,             customer_satisfaction,             customer_level,             credit,             progress,             reporter,             customer_source,             del_flag,                          create_time,                                       remark )           values ( ?,             ?,                          ?,             ?,             ?,             ?,             ?,             ?,             ?,             ?,             ?,             ?,             ?,             ?,             ?,             ?,             ?,             ?,             ?,             ?,                          ?,                                       ? )\r\n### Cause: com.mysql.cj.jdbc.exceptions.MysqlDataTruncation: Data truncation: Data too long for column \'stores_size\' at row 1\n; Data truncation: Data too long for column \'stores_size\' at row 1; nested exception is com.mysql.cj.jdbc.exceptions.MysqlDataTruncation: Data truncation: Data too long for column \'stores_size\' at row 1', '2021-08-02 16:32:45');
INSERT INTO `sys_oper_log` VALUES (278, '客户', 1, 'com.xy.web.controller.system.TCustomerController.addSave()', 'POST', 1, 'admin', '超级管理员', '/system/t_customer/add', '127.0.0.1', '内网IP', '{\"userId\":[\"123\"],\"visitTime\":[\"2021-08-02\"],\"visitPhoto\":[\"\"],\"customerName\":[\"北京西湖科技\"],\"storesType\":[\"1\"],\"storesSize\":[\"120\"],\"employeesNums\":[\"0\"],\"location\":[\"杭州\"],\"addressDesc\":[\"浙江省杭州市西湖区蒋村街道公元里4幢4楼\"],\"isSigned\":[\"1\"],\"founder\":[\"\"],\"follower\":[\"\"],\"keyPerson\":[\"韩乐乐\"],\"keyPersonTel\":[\"17633850697\"],\"customerSatisfaction\":[\"3\"],\"customerLevel\":[\"1\"],\"credit\":[\"0\"],\"progress\":[\"0\"],\"reporter\":[\"大家好,我是渣渣辉,是兄弟就来砍我\"],\"customerSource\":[\"\"],\"delFlag\":[\"\"],\"remark\":[\"\"],\"index\":[\"1\"],\"tCustomerContactList[0].userId\":[\"\"],\"tCustomerContactList[0].plan\":[\"\"],\"tCustomerContactList[0].planTime\":[\"\"],\"tCustomerContactList[0].result\":[\"\"],\"tCustomerContactList[0].solution\":[\"\"],\"tCustomerContactList[0].delFlag\":[\"\"],\"tCustomerContactList[0].evaluation\":[\"\"],\"tCustomerContactList[0].createTime\":[\"\"],\"tCustomerContactList[0].createBy\":[\"\"],\"tCustomerContactList[0].evaluationBy\":[\"\"],\"tCustomerContactList[0].evaluationTime\":[\"\"],\"tCustomerContactList[0].updateBy\":[\"\"],\"tCustomerContactList[0].updateTime\":[\"\"],\"tCustomerContactList[0].remark\":[\"\"],\"btSelectAll\":[\"\"],\"btSelectItem\":[\"\"]}', NULL, 1, '\r\n### Error updating database.  Cause: com.mysql.cj.jdbc.exceptions.MysqlDataTruncation: Data truncation: Data too long for column \'stores_size\' at row 1\r\n### The error may exist in file [D:\\work\\星元\\客户关系管理系统\\crm\\crm-xy\\crm-system\\target\\classes\\mapper\\system\\TCustomerMapper.xml]\r\n### The error may involve com.xy.system.mapper.TCustomerMapper.insertTCustomer-Inline\r\n### The error occurred while setting parameters\r\n### SQL: insert into t_customer          ( user_id,             visit_time,                          customer_name,             stores_type,             stores_size,             employees_nums,             location,             address_desc,             is_signed,             founder,             follower,             key_person,             key_person_tel,             customer_satisfaction,             customer_level,             credit,             progress,             reporter,             customer_source,             del_flag,                          create_time,                                       remark )           values ( ?,             ?,                          ?,             ?,             ?,             ?,             ?,             ?,             ?,             ?,             ?,             ?,             ?,             ?,             ?,             ?,             ?,             ?,             ?,             ?,                          ?,                                       ? )\r\n### Cause: com.mysql.cj.jdbc.exceptions.MysqlDataTruncation: Data truncation: Data too long for column \'stores_size\' at row 1\n; Data truncation: Data too long for column \'stores_size\' at row 1; nested exception is com.mysql.cj.jdbc.exceptions.MysqlDataTruncation: Data truncation: Data too long for column \'stores_size\' at row 1', '2021-08-02 16:33:29');
INSERT INTO `sys_oper_log` VALUES (279, '客户', 1, 'com.xy.web.controller.system.TCustomerController.addSave()', 'POST', 1, 'admin', '超级管理员', '/system/t_customer/add', '127.0.0.1', '内网IP', '{\"userId\":[\"123\"],\"visitTime\":[\"2021-08-02\"],\"visitPhoto\":[\"\"],\"customerName\":[\"北京西湖科技\"],\"storesType\":[\"1\"],\"storesSize\":[\"120\"],\"employeesNums\":[\"0\"],\"location\":[\"杭州\"],\"addressDesc\":[\"浙江省杭州市西湖区蒋村街道公元里4幢4楼\"],\"isSigned\":[\"1\"],\"founder\":[\"\"],\"follower\":[\"\"],\"keyPerson\":[\"韩乐乐\"],\"keyPersonTel\":[\"17633850697\"],\"customerSatisfaction\":[\"3\"],\"customerLevel\":[\"1\"],\"credit\":[\"0\"],\"progress\":[\"0\"],\"reporter\":[\"大家好,我是渣渣辉,是兄弟就来砍我\"],\"customerSource\":[\"\"],\"delFlag\":[\"\"],\"remark\":[\"\"],\"index\":[\"1\"],\"tCustomerContactList[0].userId\":[\"\"],\"tCustomerContactList[0].plan\":[\"\"],\"tCustomerContactList[0].planTime\":[\"\"],\"tCustomerContactList[0].result\":[\"\"],\"tCustomerContactList[0].solution\":[\"\"],\"tCustomerContactList[0].delFlag\":[\"\"],\"tCustomerContactList[0].evaluation\":[\"\"],\"tCustomerContactList[0].createTime\":[\"\"],\"tCustomerContactList[0].createBy\":[\"\"],\"tCustomerContactList[0].evaluationBy\":[\"\"],\"tCustomerContactList[0].evaluationTime\":[\"\"],\"tCustomerContactList[0].updateBy\":[\"\"],\"tCustomerContactList[0].updateTime\":[\"\"],\"tCustomerContactList[0].remark\":[\"\"],\"btSelectAll\":[\"\"],\"btSelectItem\":[\"\"]}', NULL, 1, '\r\n### Error updating database.  Cause: com.mysql.cj.jdbc.exceptions.MysqlDataTruncation: Data truncation: Out of range value for column \'key_person_tel\' at row 1\r\n### The error may exist in file [D:\\work\\星元\\客户关系管理系统\\crm\\crm-xy\\crm-system\\target\\classes\\mapper\\system\\TCustomerMapper.xml]\r\n### The error may involve com.xy.system.mapper.TCustomerMapper.insertTCustomer-Inline\r\n### The error occurred while setting parameters\r\n### SQL: insert into t_customer          ( user_id,             visit_time,                          customer_name,             stores_type,             stores_size,             employees_nums,             location,             address_desc,             is_signed,             founder,             follower,             key_person,             key_person_tel,             customer_satisfaction,             customer_level,             credit,             progress,             reporter,             customer_source,             del_flag,                          create_time,                                       remark )           values ( ?,             ?,                          ?,             ?,             ?,             ?,             ?,             ?,             ?,             ?,             ?,             ?,             ?,             ?,             ?,             ?,             ?,             ?,             ?,             ?,                          ?,                                       ? )\r\n### Cause: com.mysql.cj.jdbc.exceptions.MysqlDataTruncation: Data truncation: Out of range value for column \'key_person_tel\' at row 1\n; Data truncation: Out of range value for column \'key_person_tel\' at row 1; nested exception is com.mysql.cj.jdbc.exceptions.MysqlDataTruncation: Data truncation: Out of range value for column \'key_person_tel\' at row 1', '2021-08-02 16:34:40');
INSERT INTO `sys_oper_log` VALUES (280, '客户', 1, 'com.xy.web.controller.system.TCustomerController.addSave()', 'POST', 1, 'admin', '超级管理员', '/system/t_customer/add', '127.0.0.1', '内网IP', '{\"userId\":[\"123\"],\"visitTime\":[\"2021-08-02\"],\"visitPhoto\":[\"\"],\"customerName\":[\"北京西湖科技\"],\"storesType\":[\"1\"],\"storesSize\":[\"120\"],\"employeesNums\":[\"0\"],\"location\":[\"杭州\"],\"addressDesc\":[\"浙江省杭州市西湖区蒋村街道公元里4幢4楼\"],\"isSigned\":[\"1\"],\"founder\":[\"\"],\"follower\":[\"\"],\"keyPerson\":[\"韩乐乐\"],\"keyPersonTel\":[\"17633850697\"],\"customerSatisfaction\":[\"3\"],\"customerLevel\":[\"1\"],\"credit\":[\"0\"],\"progress\":[\"0\"],\"reporter\":[\"大家好,我是渣渣辉,是兄弟就来砍我\"],\"customerSource\":[\"\"],\"delFlag\":[\"\"],\"remark\":[\"\"],\"index\":[\"1\"],\"tCustomerContactList[0].userId\":[\"\"],\"tCustomerContactList[0].plan\":[\"\"],\"tCustomerContactList[0].planTime\":[\"\"],\"tCustomerContactList[0].result\":[\"\"],\"tCustomerContactList[0].solution\":[\"\"],\"tCustomerContactList[0].delFlag\":[\"\"],\"tCustomerContactList[0].evaluation\":[\"\"],\"tCustomerContactList[0].createTime\":[\"\"],\"tCustomerContactList[0].createBy\":[\"\"],\"tCustomerContactList[0].evaluationBy\":[\"\"],\"tCustomerContactList[0].evaluationTime\":[\"\"],\"tCustomerContactList[0].updateBy\":[\"\"],\"tCustomerContactList[0].updateTime\":[\"\"],\"tCustomerContactList[0].remark\":[\"\"],\"btSelectAll\":[\"\"],\"btSelectItem\":[\"\"]}', NULL, 1, '\r\n### Error updating database.  Cause: com.mysql.cj.jdbc.exceptions.MysqlDataTruncation: Data truncation: Out of range value for column \'key_person_tel\' at row 1\r\n### The error may exist in file [D:\\work\\星元\\客户关系管理系统\\crm\\crm-xy\\crm-system\\target\\classes\\mapper\\system\\TCustomerMapper.xml]\r\n### The error may involve com.xy.system.mapper.TCustomerMapper.insertTCustomer-Inline\r\n### The error occurred while setting parameters\r\n### SQL: insert into t_customer          ( user_id,             visit_time,                          customer_name,             stores_type,             stores_size,             employees_nums,             location,             address_desc,             is_signed,             founder,             follower,             key_person,             key_person_tel,             customer_satisfaction,             customer_level,             credit,             progress,             reporter,             customer_source,             del_flag,                          create_time,                                       remark )           values ( ?,             ?,                          ?,             ?,             ?,             ?,             ?,             ?,             ?,             ?,             ?,             ?,             ?,             ?,             ?,             ?,             ?,             ?,             ?,             ?,                          ?,                                       ? )\r\n### Cause: com.mysql.cj.jdbc.exceptions.MysqlDataTruncation: Data truncation: Out of range value for column \'key_person_tel\' at row 1\n; Data truncation: Out of range value for column \'key_person_tel\' at row 1; nested exception is com.mysql.cj.jdbc.exceptions.MysqlDataTruncation: Data truncation: Out of range value for column \'key_person_tel\' at row 1', '2021-08-02 16:35:24');
INSERT INTO `sys_oper_log` VALUES (281, '客户', 1, 'com.xy.web.controller.system.TCustomerController.addSave()', 'POST', 1, 'admin', '超级管理员', '/system/t_customer/add', '127.0.0.1', '内网IP', '{\"userId\":[\"123\"],\"visitTime\":[\"2021-08-02\"],\"visitPhoto\":[\"\"],\"customerName\":[\"北京西湖科技\"],\"storesType\":[\"1\"],\"storesSize\":[\"120\"],\"employeesNums\":[\"0\"],\"location\":[\"杭州\"],\"addressDesc\":[\"浙江省杭州市西湖区蒋村街道公元里4幢4楼\"],\"isSigned\":[\"1\"],\"founder\":[\"\"],\"follower\":[\"\"],\"keyPerson\":[\"韩乐乐\"],\"keyPersonTel\":[\"17633850697\"],\"customerSatisfaction\":[\"3\"],\"customerLevel\":[\"1\"],\"credit\":[\"0\"],\"progress\":[\"0\"],\"reporter\":[\"大家好,我是渣渣辉,是兄弟就来砍我\"],\"customerSource\":[\"\"],\"delFlag\":[\"\"],\"remark\":[\"\"],\"index\":[\"1\"],\"tCustomerContactList[0].userId\":[\"\"],\"tCustomerContactList[0].plan\":[\"\"],\"tCustomerContactList[0].planTime\":[\"\"],\"tCustomerContactList[0].result\":[\"\"],\"tCustomerContactList[0].solution\":[\"\"],\"tCustomerContactList[0].delFlag\":[\"\"],\"tCustomerContactList[0].evaluation\":[\"\"],\"tCustomerContactList[0].createTime\":[\"\"],\"tCustomerContactList[0].createBy\":[\"\"],\"tCustomerContactList[0].evaluationBy\":[\"\"],\"tCustomerContactList[0].evaluationTime\":[\"\"],\"tCustomerContactList[0].updateBy\":[\"\"],\"tCustomerContactList[0].updateTime\":[\"\"],\"tCustomerContactList[0].remark\":[\"\"],\"btSelectAll\":[\"\"],\"btSelectItem\":[\"\"]}', NULL, 1, '\r\n### Error updating database.  Cause: com.mysql.cj.jdbc.exceptions.MysqlDataTruncation: Data truncation: Out of range value for column \'key_person_tel\' at row 1\r\n### The error may exist in file [D:\\work\\星元\\客户关系管理系统\\crm\\crm-xy\\crm-system\\target\\classes\\mapper\\system\\TCustomerMapper.xml]\r\n### The error may involve com.xy.system.mapper.TCustomerMapper.insertTCustomer-Inline\r\n### The error occurred while setting parameters\r\n### SQL: insert into t_customer          ( user_id,             visit_time,                          customer_name,             stores_type,             stores_size,             employees_nums,             location,             address_desc,             is_signed,             founder,             follower,             key_person,             key_person_tel,             customer_satisfaction,             customer_level,             credit,             progress,             reporter,             customer_source,             del_flag,                          create_time,                                       remark )           values ( ?,             ?,                          ?,             ?,             ?,             ?,             ?,             ?,             ?,             ?,             ?,             ?,             ?,             ?,             ?,             ?,             ?,             ?,             ?,             ?,                          ?,                                       ? )\r\n### Cause: com.mysql.cj.jdbc.exceptions.MysqlDataTruncation: Data truncation: Out of range value for column \'key_person_tel\' at row 1\n; Data truncation: Out of range value for column \'key_person_tel\' at row 1; nested exception is com.mysql.cj.jdbc.exceptions.MysqlDataTruncation: Data truncation: Out of range value for column \'key_person_tel\' at row 1', '2021-08-02 16:35:44');
INSERT INTO `sys_oper_log` VALUES (282, '客户', 1, 'com.xy.web.controller.system.TCustomerController.addSave()', 'POST', 1, 'admin', '超级管理员', '/system/t_customer/add', '127.0.0.1', '内网IP', '{\"userId\":[\"123\"],\"visitTime\":[\"2021-08-02\"],\"visitPhoto\":[\"\"],\"customerName\":[\"北京西湖科技\"],\"storesType\":[\"1\"],\"storesSize\":[\"120\"],\"employeesNums\":[\"0\"],\"location\":[\"杭州\"],\"addressDesc\":[\"浙江省杭州市西湖区蒋村街道公元里4幢4楼\"],\"isSigned\":[\"1\"],\"founder\":[\"\"],\"follower\":[\"\"],\"keyPerson\":[\"韩乐乐\"],\"keyPersonTel\":[\"17633850697\"],\"customerSatisfaction\":[\"3\"],\"customerLevel\":[\"1\"],\"credit\":[\"0\"],\"progress\":[\"0\"],\"reporter\":[\"大家好,我是渣渣辉,是兄弟就来砍我\"],\"customerSource\":[\"\"],\"delFlag\":[\"\"],\"remark\":[\"\"],\"index\":[\"1\"],\"tCustomerContactList[0].userId\":[\"\"],\"tCustomerContactList[0].plan\":[\"\"],\"tCustomerContactList[0].planTime\":[\"\"],\"tCustomerContactList[0].result\":[\"\"],\"tCustomerContactList[0].solution\":[\"\"],\"tCustomerContactList[0].delFlag\":[\"\"],\"tCustomerContactList[0].evaluation\":[\"\"],\"tCustomerContactList[0].createTime\":[\"\"],\"tCustomerContactList[0].createBy\":[\"\"],\"tCustomerContactList[0].evaluationBy\":[\"\"],\"tCustomerContactList[0].evaluationTime\":[\"\"],\"tCustomerContactList[0].updateBy\":[\"\"],\"tCustomerContactList[0].updateTime\":[\"\"],\"tCustomerContactList[0].remark\":[\"\"],\"btSelectAll\":[\"\"],\"btSelectItem\":[\"\"]}', NULL, 1, '\r\n### Error updating database.  Cause: com.mysql.cj.jdbc.exceptions.MysqlDataTruncation: Data truncation: Out of range value for column \'key_person_tel\' at row 1\r\n### The error may exist in file [D:\\work\\星元\\客户关系管理系统\\crm\\crm-xy\\crm-system\\target\\classes\\mapper\\system\\TCustomerMapper.xml]\r\n### The error may involve com.xy.system.mapper.TCustomerMapper.insertTCustomer-Inline\r\n### The error occurred while setting parameters\r\n### SQL: insert into t_customer          ( user_id,             visit_time,                          customer_name,             stores_type,             stores_size,             employees_nums,             location,             address_desc,             is_signed,             founder,             follower,             key_person,             key_person_tel,             customer_satisfaction,             customer_level,             credit,             progress,             reporter,             customer_source,             del_flag,                          create_time,                                       remark )           values ( ?,             ?,                          ?,             ?,             ?,             ?,             ?,             ?,             ?,             ?,             ?,             ?,             ?,             ?,             ?,             ?,             ?,             ?,             ?,             ?,                          ?,                                       ? )\r\n### Cause: com.mysql.cj.jdbc.exceptions.MysqlDataTruncation: Data truncation: Out of range value for column \'key_person_tel\' at row 1\n; Data truncation: Out of range value for column \'key_person_tel\' at row 1; nested exception is com.mysql.cj.jdbc.exceptions.MysqlDataTruncation: Data truncation: Out of range value for column \'key_person_tel\' at row 1', '2021-08-02 16:36:04');
INSERT INTO `sys_oper_log` VALUES (283, '客户', 1, 'com.xy.web.controller.system.TCustomerController.addSave()', 'POST', 1, 'admin', '超级管理员', '/system/t_customer/add', '127.0.0.1', '内网IP', '{\"userId\":[\"201803080239 \"],\"visitTime\":[\"2021-08-02\"],\"visitPhoto\":[\"\"],\"customerName\":[\"双方各\"],\"storesType\":[\"0\"],\"storesSize\":[\"123\"],\"employeesNums\":[\"0\"],\"location\":[\"213\"],\"addressDesc\":[\"12312\"],\"isSigned\":[\"0\"],\"founder\":[\"231\"],\"follower\":[\"2132\"],\"keyPerson\":[\"1231\"],\"keyPersonTel\":[\"1231\"],\"customerSatisfaction\":[\"1231\"],\"customerLevel\":[\"0\"],\"credit\":[\"123\"],\"progress\":[\"123\"],\"reporter\":[\"123\"],\"customerSource\":[\"13\"],\"delFlag\":[\"\"],\"remark\":[\"\"],\"index\":[\"1\"],\"tCustomerContactList[0].userId\":[\"123\"],\"tCustomerContactList[0].plan\":[\"\"],\"tCustomerContactList[0].planTime\":[\"\"],\"tCustomerContactList[0].result\":[\"\"],\"tCustomerContactList[0].solution\":[\"\"],\"tCustomerContactList[0].delFlag\":[\"\"],\"tCustomerContactList[0].evaluation\":[\"\"],\"tCustomerContactList[0].createTime\":[\"\"],\"tCustomerContactList[0].createBy\":[\"\"],\"tCustomerContactList[0].evaluationBy\":[\"\"],\"tCustomerContactList[0].evaluationTime\":[\"\"],\"tCustomerContactList[0].updateBy\":[\"\"],\"tCustomerContactList[0].updateTime\":[\"\"],\"tCustomerContactList[0].remark\":[\"\"],\"btSelectAll\":[\"\"],\"btSelectItem\":[\"\"]}', NULL, 1, '\r\n### Error updating database.  Cause: java.sql.SQLException: Field \'visit_photo\' doesn\'t have a default value\r\n### The error may exist in file [D:\\work\\星元\\客户关系管理系统\\crm\\crm-xy\\crm-system\\target\\classes\\mapper\\system\\TCustomerMapper.xml]\r\n### The error may involve com.xy.system.mapper.TCustomerMapper.insertTCustomer-Inline\r\n### The error occurred while setting parameters\r\n### SQL: insert into t_customer          ( user_id,             visit_time,                          customer_name,             stores_type,             stores_size,             employees_nums,             location,             address_desc,             is_signed,             founder,             follower,             key_person,             key_person_tel,             customer_satisfaction,             customer_level,             credit,             progress,             reporter,             customer_source,             del_flag,                          create_time,                                       remark )           values ( ?,             ?,                          ?,             ?,             ?,             ?,             ?,             ?,             ?,             ?,             ?,             ?,             ?,             ?,             ?,             ?,             ?,             ?,             ?,             ?,                          ?,                                       ? )\r\n### Cause: java.sql.SQLException: Field \'visit_photo\' doesn\'t have a default value\n; Field \'visit_photo\' doesn\'t have a default value; nested exception is java.sql.SQLException: Field \'visit_photo\' doesn\'t have a default value', '2021-08-02 16:37:20');
INSERT INTO `sys_oper_log` VALUES (284, '客户', 1, 'com.xy.web.controller.system.TCustomerController.addSave()', 'POST', 1, 'admin', '超级管理员', '/system/t_customer/add', '127.0.0.1', '内网IP', '{\"userId\":[\"201803080239 \"],\"visitTime\":[\"2021-08-02\"],\"visitPhoto\":[\"\"],\"customerName\":[\"双方各\"],\"storesType\":[\"0\"],\"storesSize\":[\"123\"],\"employeesNums\":[\"0\"],\"location\":[\"213\"],\"addressDesc\":[\"12312\"],\"isSigned\":[\"0\"],\"founder\":[\"231\"],\"follower\":[\"2132\"],\"keyPerson\":[\"1231\"],\"keyPersonTel\":[\"1231\"],\"customerSatisfaction\":[\"1231\"],\"customerLevel\":[\"0\"],\"credit\":[\"123\"],\"progress\":[\"123\"],\"reporter\":[\"123\"],\"customerSource\":[\"13\"],\"delFlag\":[\"\"],\"remark\":[\"\"],\"index\":[\"1\"],\"tCustomerContactList[0].userId\":[\"123\"],\"tCustomerContactList[0].plan\":[\"\"],\"tCustomerContactList[0].planTime\":[\"\"],\"tCustomerContactList[0].result\":[\"\"],\"tCustomerContactList[0].solution\":[\"\"],\"tCustomerContactList[0].delFlag\":[\"\"],\"tCustomerContactList[0].evaluation\":[\"\"],\"tCustomerContactList[0].createTime\":[\"\"],\"tCustomerContactList[0].createBy\":[\"\"],\"tCustomerContactList[0].evaluationBy\":[\"\"],\"tCustomerContactList[0].evaluationTime\":[\"\"],\"tCustomerContactList[0].updateBy\":[\"\"],\"tCustomerContactList[0].updateTime\":[\"\"],\"tCustomerContactList[0].remark\":[\"\"],\"btSelectAll\":[\"\"],\"btSelectItem\":[\"\"]}', NULL, 1, '\r\n### Error updating database.  Cause: java.sql.SQLException: Field \'visit_photo\' doesn\'t have a default value\r\n### The error may exist in file [D:\\work\\星元\\客户关系管理系统\\crm\\crm-xy\\crm-system\\target\\classes\\mapper\\system\\TCustomerMapper.xml]\r\n### The error may involve com.xy.system.mapper.TCustomerMapper.insertTCustomer-Inline\r\n### The error occurred while setting parameters\r\n### SQL: insert into t_customer          ( user_id,             visit_time,                          customer_name,             stores_type,             stores_size,             employees_nums,             location,             address_desc,             is_signed,             founder,             follower,             key_person,             key_person_tel,             customer_satisfaction,             customer_level,             credit,             progress,             reporter,             customer_source,             del_flag,                          create_time,                                       remark )           values ( ?,             ?,                          ?,             ?,             ?,             ?,             ?,             ?,             ?,             ?,             ?,             ?,             ?,             ?,             ?,             ?,             ?,             ?,             ?,             ?,                          ?,                                       ? )\r\n### Cause: java.sql.SQLException: Field \'visit_photo\' doesn\'t have a default value\n; Field \'visit_photo\' doesn\'t have a default value; nested exception is java.sql.SQLException: Field \'visit_photo\' doesn\'t have a default value', '2021-08-02 16:38:58');
INSERT INTO `sys_oper_log` VALUES (285, '客户', 1, 'com.xy.web.controller.system.TCustomerController.addSave()', 'POST', 1, 'admin', '超级管理员', '/system/t_customer/add', '127.0.0.1', '内网IP', '{\"userId\":[\"123\"],\"visitTime\":[\"2021-08-20\"],\"visitPhoto\":[\"http://127.0.0.1:8081/profile/upload/2021/08/02/3770e2ef-3b78-41f8-889d-2bc6bf2c460f.png\"],\"customerName\":[\"地方\"],\"storesType\":[\"0\"],\"storesSize\":[\"\"],\"employeesNums\":[\"0\"],\"location\":[\"\"],\"addressDesc\":[\"\"],\"isSigned\":[\"0\"],\"founder\":[\"\"],\"follower\":[\"\"],\"keyPerson\":[\"\"],\"keyPersonTel\":[\"\"],\"customerSatisfaction\":[\"\"],\"customerLevel\":[\"0\"],\"credit\":[\"\"],\"progress\":[\"\"],\"reporter\":[\"\"],\"customerSource\":[\"\"],\"delFlag\":[\"\"],\"remark\":[\"\"],\"index\":[\"1\"],\"tCustomerContactList[0].userId\":[\"123\"],\"tCustomerContactList[0].plan\":[\"\"],\"tCustomerContactList[0].planTime\":[\"\"],\"tCustomerContactList[0].result\":[\"\"],\"tCustomerContactList[0].solution\":[\"\"],\"tCustomerContactList[0].delFlag\":[\"\"],\"tCustomerContactList[0].evaluation\":[\"\"],\"tCustomerContactList[0].createTime\":[\"\"],\"tCustomerContactList[0].createBy\":[\"\"],\"tCustomerContactList[0].evaluationBy\":[\"\"],\"tCustomerContactList[0].evaluationTime\":[\"\"],\"tCustomerContactList[0].updateBy\":[\"\"],\"tCustomerContactList[0].updateTime\":[\"\"],\"tCustomerContactList[0].remark\":[\"\"],\"btSelectAll\":[\"\"],\"btSelectItem\":[\"\"]}', '{\r\n  \"msg\" : \"操作成功\",\r\n  \"code\" : 0\r\n}', 0, NULL, '2021-08-02 17:12:20');
INSERT INTO `sys_oper_log` VALUES (286, '客户', 3, 'com.xy.web.controller.system.TCustomerController.remove()', 'POST', 1, 'admin', '超级管理员', '/system/t_customer/remove', '127.0.0.1', '内网IP', '{\"ids\":[\"1\"]}', '{\r\n  \"msg\" : \"操作成功\",\r\n  \"code\" : 0\r\n}', 0, NULL, '2021-08-02 17:12:51');
INSERT INTO `sys_oper_log` VALUES (287, '客户', 1, 'com.xy.web.controller.system.TCustomerController.addSave()', 'POST', 1, 'admin', '超级管理员', '/system/t_customer/add', '127.0.0.1', '内网IP', '{\"userId\":[\"\"],\"visitTime\":[\"2021-08-02\"],\"visitPhoto\":[\"http://127.0.0.1:8081/profile/upload/2021/08/02/42c8385f-8a7c-4a88-9743-b93e8884e23e.jpg\"],\"customerName\":[\"手动阀\"],\"storesType\":[\"0\"],\"storesSize\":[\"\"],\"employeesNums\":[\"0\"],\"location\":[\"\"],\"addressDesc\":[\"\"],\"isSigned\":[\"0\"],\"founder\":[\"\"],\"follower\":[\"\"],\"keyPerson\":[\"\"],\"keyPersonTel\":[\"\"],\"customerSatisfaction\":[\"\"],\"customerLevel\":[\"0\"],\"credit\":[\"\"],\"progress\":[\"\"],\"reporter\":[\"\"],\"customerSource\":[\"\"],\"delFlag\":[\"\"],\"remark\":[\"\"],\"index\":[\"1\"],\"tCustomerContactList[0].userId\":[\"123\"],\"tCustomerContactList[0].plan\":[\"\"],\"tCustomerContactList[0].planTime\":[\"\"],\"tCustomerContactList[0].result\":[\"\"],\"tCustomerContactList[0].solution\":[\"\"],\"tCustomerContactList[0].delFlag\":[\"\"],\"tCustomerContactList[0].evaluation\":[\"\"],\"tCustomerContactList[0].createTime\":[\"\"],\"tCustomerContactList[0].createBy\":[\"\"],\"tCustomerContactList[0].evaluationBy\":[\"\"],\"tCustomerContactList[0].evaluationTime\":[\"\"],\"tCustomerContactList[0].updateBy\":[\"\"],\"tCustomerContactList[0].updateTime\":[\"\"],\"tCustomerContactList[0].remark\":[\"\"],\"btSelectAll\":[\"\"],\"btSelectItem\":[\"\"]}', '{\r\n  \"msg\" : \"操作成功\",\r\n  \"code\" : 0\r\n}', 0, NULL, '2021-08-02 17:14:48');
INSERT INTO `sys_oper_log` VALUES (288, '客户', 3, 'com.xy.web.controller.system.TCustomerController.remove()', 'POST', 1, 'admin', '超级管理员', '/system/t_customer/remove', '127.0.0.1', '内网IP', '{\"ids\":[\"2\"]}', '{\r\n  \"msg\" : \"操作成功\",\r\n  \"code\" : 0\r\n}', 0, NULL, '2021-08-02 18:05:03');
INSERT INTO `sys_oper_log` VALUES (289, '用户管理', 3, 'com.xy.web.controller.system.SysUserController.remove()', 'POST', 1, 'admin', '超级管理员', '/system/user/remove', '127.0.0.1', '内网IP', '{\"ids\":[\"2\"]}', '{\r\n  \"msg\" : \"操作成功\",\r\n  \"code\" : 0\r\n}', 0, NULL, '2021-08-02 18:05:49');
INSERT INTO `sys_oper_log` VALUES (290, '客户', 3, 'com.xy.web.controller.system.TCustomerController.remove()', 'POST', 1, 'admin', '超级管理员', '/system/t_customer/remove', '127.0.0.1', '内网IP', '{\"ids\":[\"2\"]}', '{\r\n  \"msg\" : \"操作成功\",\r\n  \"code\" : 0\r\n}', 0, NULL, '2021-08-02 18:25:06');
INSERT INTO `sys_oper_log` VALUES (291, '客户', 3, 'com.xy.web.controller.system.TCustomerController.remove()', 'POST', 1, 'admin', '超级管理员', '/system/t_customer/remove', '127.0.0.1', '内网IP', '{\"ids\":[\"2\"]}', '{\r\n  \"msg\" : \"操作成功\",\r\n  \"code\" : 0\r\n}', 0, NULL, '2021-08-03 14:59:49');
INSERT INTO `sys_oper_log` VALUES (292, '客户', 1, 'com.xy.web.controller.system.TCustomerController.addSave()', 'POST', 1, 'admin', '超级管理员', '/system/t_customer/add', '127.0.0.1', '内网IP', '{\"userId\":[\"\"],\"visitTime\":[\"2021-08-17\"],\"visitPhoto\":[\"http://127.0.0.1:8081/profile/upload/2021/08/03/c314e4ba-34a6-4308-b458-885c21633798.png\"],\"customerName\":[\"不知火舞\"],\"storesType\":[\"0\"],\"storesSize\":[\"\"],\"employeesNums\":[\"0\"],\"location\":[\"\"],\"addressDesc\":[\"\"],\"isSigned\":[\"0\"],\"founder\":[\"\"],\"follower\":[\"\"],\"keyPerson\":[\"\"],\"keyPersonTel\":[\"\"],\"customerSatisfaction\":[\"\"],\"customerLevel\":[\"0\"],\"credit\":[\"\"],\"progress\":[\"\"],\"reporter\":[\"\"],\"customerSource\":[\"\"],\"delFlag\":[\"\"],\"remark\":[\"\"],\"btSelectAll\":[\"\"]}', '{\r\n  \"msg\" : \"操作成功\",\r\n  \"code\" : 0\r\n}', 0, NULL, '2021-08-03 15:03:05');
INSERT INTO `sys_oper_log` VALUES (293, '客户', 1, 'com.xy.web.controller.system.TCustomerController.addSave()', 'POST', 1, 'admin', '超级管理员', '/system/t_customer/add', '127.0.0.1', '内网IP', '{\"userId\":[\"123144\"],\"visitTime\":[\"2021-08-03\"],\"visitPhoto\":[\"\"],\"customerName\":[\"发的\"],\"storesType\":[\"0\"],\"storesSize\":[\"\"],\"employeesNums\":[\"0\"],\"location\":[\"\"],\"addressDesc\":[\"\"],\"isSigned\":[\"0\"],\"founder\":[\"\"],\"follower\":[\"\"],\"keyPerson\":[\"\"],\"keyPersonTel\":[\"\"],\"customerSatisfaction\":[\"\"],\"customerLevel\":[\"0\"],\"credit\":[\"\"],\"progress\":[\"\"],\"reporter\":[\"\"],\"customerSource\":[\"\"],\"delFlag\":[\"\"],\"remark\":[\"\"],\"btSelectAll\":[\"\"]}', '{\r\n  \"msg\" : \"操作成功\",\r\n  \"code\" : 0\r\n}', 0, NULL, '2021-08-03 15:05:38');
INSERT INTO `sys_oper_log` VALUES (294, '字典数据', 2, 'com.xy.web.controller.system.SysDictDataController.editSave()', 'POST', 1, 'admin', '超级管理员', '/system/dict/data/edit', '127.0.0.1', '内网IP', '{\"dictCode\":[\"33\"],\"dictLabel\":[\"1-10人\"],\"dictValue\":[\"0\"],\"dictType\":[\"customer_employees_nums\"],\"cssClass\":[\"\"],\"dictSort\":[\"0\"],\"listClass\":[\"primary\"],\"isDefault\":[\"Y\"],\"status\":[\"0\"],\"remark\":[\"客户门店员工人数\"]}', '{\r\n  \"msg\" : \"操作成功\",\r\n  \"code\" : 0\r\n}', 0, NULL, '2021-08-03 15:14:44');
INSERT INTO `sys_oper_log` VALUES (295, '字典数据', 2, 'com.xy.web.controller.system.SysDictDataController.editSave()', 'POST', 1, 'admin', '超级管理员', '/system/dict/data/edit', '127.0.0.1', '内网IP', '{\"dictCode\":[\"34\"],\"dictLabel\":[\"11-20人\"],\"dictValue\":[\"1\"],\"dictType\":[\"customer_employees_nums\"],\"cssClass\":[\"\"],\"dictSort\":[\"1\"],\"listClass\":[\"primary\"],\"isDefault\":[\"Y\"],\"status\":[\"0\"],\"remark\":[\"客户门店员工人数\"]}', '{\r\n  \"msg\" : \"操作成功\",\r\n  \"code\" : 0\r\n}', 0, NULL, '2021-08-03 15:14:54');
INSERT INTO `sys_oper_log` VALUES (296, '字典数据', 2, 'com.xy.web.controller.system.SysDictDataController.editSave()', 'POST', 1, 'admin', '超级管理员', '/system/dict/data/edit', '127.0.0.1', '内网IP', '{\"dictCode\":[\"35\"],\"dictLabel\":[\"21-30人\"],\"dictValue\":[\"2\"],\"dictType\":[\"customer_employees_nums\"],\"cssClass\":[\"\"],\"dictSort\":[\"2\"],\"listClass\":[\"primary\"],\"isDefault\":[\"Y\"],\"status\":[\"0\"],\"remark\":[\"客户门店员工人数\"]}', '{\r\n  \"msg\" : \"操作成功\",\r\n  \"code\" : 0\r\n}', 0, NULL, '2021-08-03 15:14:58');
INSERT INTO `sys_oper_log` VALUES (297, '字典数据', 2, 'com.xy.web.controller.system.SysDictDataController.editSave()', 'POST', 1, 'admin', '超级管理员', '/system/dict/data/edit', '127.0.0.1', '内网IP', '{\"dictCode\":[\"36\"],\"dictLabel\":[\"31-50人\"],\"dictValue\":[\"3\"],\"dictType\":[\"customer_employees_nums\"],\"cssClass\":[\"\"],\"dictSort\":[\"3\"],\"listClass\":[\"primary\"],\"isDefault\":[\"Y\"],\"status\":[\"0\"],\"remark\":[\"客户门店员工人数\"]}', '{\r\n  \"msg\" : \"操作成功\",\r\n  \"code\" : 0\r\n}', 0, NULL, '2021-08-03 15:15:04');
INSERT INTO `sys_oper_log` VALUES (298, '字典数据', 2, 'com.xy.web.controller.system.SysDictDataController.editSave()', 'POST', 1, 'admin', '超级管理员', '/system/dict/data/edit', '127.0.0.1', '内网IP', '{\"dictCode\":[\"37\"],\"dictLabel\":[\"51-100人\"],\"dictValue\":[\"4\"],\"dictType\":[\"customer_employees_nums\"],\"cssClass\":[\"\"],\"dictSort\":[\"4\"],\"listClass\":[\"primary\"],\"isDefault\":[\"Y\"],\"status\":[\"0\"],\"remark\":[\"客户门店员工人数\"]}', '{\r\n  \"msg\" : \"操作成功\",\r\n  \"code\" : 0\r\n}', 0, NULL, '2021-08-03 15:15:08');
INSERT INTO `sys_oper_log` VALUES (299, '字典数据', 2, 'com.xy.web.controller.system.SysDictDataController.editSave()', 'POST', 1, 'admin', '超级管理员', '/system/dict/data/edit', '127.0.0.1', '内网IP', '{\"dictCode\":[\"38\"],\"dictLabel\":[\"100人以上\"],\"dictValue\":[\"5\"],\"dictType\":[\"customer_employees_nums\"],\"cssClass\":[\"\"],\"dictSort\":[\"5\"],\"listClass\":[\"primary\"],\"isDefault\":[\"Y\"],\"status\":[\"0\"],\"remark\":[\"客户门店员工人数\"]}', '{\r\n  \"msg\" : \"操作成功\",\r\n  \"code\" : 0\r\n}', 0, NULL, '2021-08-03 15:15:14');
INSERT INTO `sys_oper_log` VALUES (300, '客户', 1, 'com.xy.web.controller.system.TCustomerController.addSave()', 'POST', 1, 'admin', '超级管理员', '/system/t_customer/add', '127.0.0.1', '内网IP', '{\"userId\":[\"46546\"],\"visitTime\":[\"2021-08-04\"],\"visitPhoto\":[\"http://127.0.0.1:8081/profile/upload/2021/08/03/a740db72-e8aa-4dca-971c-74ff6737e99a.png\"],\"customerName\":[\"24245更符合\"],\"storesType\":[\"0\"],\"storesSize\":[\"\"],\"employeesNums\":[\"0\"],\"location\":[\"\"],\"addressDesc\":[\"\"],\"isSigned\":[\"0\"],\"founder\":[\"\"],\"follower\":[\"\"],\"keyPerson\":[\"\"],\"keyPersonTel\":[\"\"],\"customerSatisfaction\":[\"\"],\"customerLevel\":[\"0\"],\"credit\":[\"\"],\"progress\":[\"\"],\"reporter\":[\"\"],\"customerSource\":[\"\"],\"remark\":[\"\"],\"btSelectAll\":[\"\"]}', '{\r\n  \"msg\" : \"操作成功\",\r\n  \"code\" : 0\r\n}', 0, NULL, '2021-08-03 15:38:38');
INSERT INTO `sys_oper_log` VALUES (301, '客户', 3, 'com.xy.web.controller.system.TCustomerController.remove()', 'POST', 1, 'admin', '超级管理员', '/system/t_customer/remove', '127.0.0.1', '内网IP', '{\"ids\":[\"4\"]}', '{\r\n  \"msg\" : \"操作成功\",\r\n  \"code\" : 0\r\n}', 0, NULL, '2021-08-03 15:44:06');
INSERT INTO `sys_oper_log` VALUES (302, '客户', 5, 'com.xy.web.controller.system.TCustomerController.export()', 'POST', 1, 'admin', '超级管理员', '/system/t_customer/export', '127.0.0.1', '内网IP', '{\"visitTime\":[\"\"],\"customerName\":[\"\"],\"storesType\":[\"\"],\"orderByColumn\":[\"\"],\"isAsc\":[\"asc\"]}', '{\r\n  \"msg\" : \"8398a490-c423-477c-81b3-b42c5aa90074_客户数据.xlsx\",\r\n  \"code\" : 0\r\n}', 0, NULL, '2021-08-03 15:55:46');
INSERT INTO `sys_oper_log` VALUES (303, '客户', 1, 'com.xy.web.controller.system.TCustomerController.addSave()', 'POST', 1, 'admin', '超级管理员', '/system/t_customer/add', '127.0.0.1', '内网IP', '{\"userId\":[\"1231\"],\"visitTime\":[\"2021-八月-05 04:08:44\"],\"visitPhoto\":[\"\"],\"customerName\":[\"1234134123413\"],\"storesType\":[\"0\"],\"storesSize\":[\"\"],\"employeesNums\":[\"0\"],\"location\":[\"\"],\"addressDesc\":[\"\"],\"isSigned\":[\"0\"],\"founder\":[\"\"],\"follower\":[\"\"],\"keyPerson\":[\"\"],\"keyPersonTel\":[\"\"],\"customerSatisfaction\":[\"\"],\"customerLevel\":[\"0\"],\"credit\":[\"\"],\"progress\":[\"\"],\"reporter\":[\"\"],\"customerSource\":[\"\"],\"remark\":[\"\"],\"btSelectAll\":[\"\"]}', NULL, 1, '\r\n### Error updating database.  Cause: java.sql.SQLException: Field \'visit_time\' doesn\'t have a default value\r\n### The error may exist in file [D:\\work\\星元\\客户关系管理系统\\crm\\crm-xy\\crm-system\\target\\classes\\mapper\\system\\TCustomerMapper.xml]\r\n### The error may involve com.xy.system.mapper.TCustomerMapper.insertTCustomer-Inline\r\n### The error occurred while setting parameters\r\n### SQL: insert into t_customer          ( user_id,                                       customer_name,             stores_type,             stores_size,             employees_nums,             location,             address_desc,             is_signed,             founder,             follower,             key_person,                          customer_satisfaction,             customer_level,             credit,             progress,             reporter,             customer_source,                                       create_time,                                       remark )           values ( ?,                                       ?,             ?,             ?,             ?,             ?,             ?,             ?,             ?,             ?,             ?,                          ?,             ?,             ?,             ?,             ?,             ?,                                       ?,                                       ? )\r\n### Cause: java.sql.SQLException: Field \'visit_time\' doesn\'t have a default value\n; Field \'visit_time\' doesn\'t have a default value; nested exception is java.sql.SQLException: Field \'visit_time\' doesn\'t have a default value', '2021-08-03 16:10:30');
INSERT INTO `sys_oper_log` VALUES (304, '客户', 1, 'com.xy.web.controller.system.TCustomerController.addSave()', 'POST', 1, 'admin', '超级管理员', '/system/t_customer/add', '127.0.0.1', '内网IP', '{\"userId\":[\"201803080239 \"],\"visitTime\":[\"2021-八月-11 09:08:54\"],\"visitPhoto\":[\"http://127.0.0.1:8081/profile/upload/2021/08/03/8f83db4c-887b-416e-9b73-a1c358291d89.png\"],\"customerName\":[\"戊二醛翁日期\"],\"storesType\":[\"0\"],\"storesSize\":[\"\"],\"employeesNums\":[\"0\"],\"location\":[\"\"],\"addressDesc\":[\"\"],\"isSigned\":[\"0\"],\"founder\":[\"\"],\"follower\":[\"\"],\"keyPerson\":[\"\"],\"keyPersonTel\":[\"\"],\"customerSatisfaction\":[\"\"],\"customerLevel\":[\"0\"],\"credit\":[\"\"],\"progress\":[\"\"],\"reporter\":[\"\"],\"customerSource\":[\"\"],\"remark\":[\"\"],\"btSelectAll\":[\"\"]}', NULL, 1, '\r\n### Error updating database.  Cause: java.sql.SQLException: Field \'visit_time\' doesn\'t have a default value\r\n### The error may exist in file [D:\\work\\星元\\客户关系管理系统\\crm\\crm-xy\\crm-system\\target\\classes\\mapper\\system\\TCustomerMapper.xml]\r\n### The error may involve com.xy.system.mapper.TCustomerMapper.insertTCustomer-Inline\r\n### The error occurred while setting parameters\r\n### SQL: insert into t_customer          ( user_id,                          visit_photo,             customer_name,             stores_type,             stores_size,             employees_nums,             location,             address_desc,             is_signed,             founder,             follower,             key_person,                          customer_satisfaction,             customer_level,             credit,             progress,             reporter,             customer_source,                                       create_time,                                       remark )           values ( ?,                          ?,             ?,             ?,             ?,             ?,             ?,             ?,             ?,             ?,             ?,             ?,                          ?,             ?,             ?,             ?,             ?,             ?,                                       ?,                                       ? )\r\n### Cause: java.sql.SQLException: Field \'visit_time\' doesn\'t have a default value\n; Field \'visit_time\' doesn\'t have a default value; nested exception is java.sql.SQLException: Field \'visit_time\' doesn\'t have a default value', '2021-08-03 16:13:21');
INSERT INTO `sys_oper_log` VALUES (305, '客户', 1, 'com.xy.web.controller.system.TCustomerController.addSave()', 'POST', 1, 'admin', '超级管理员', '/system/t_customer/add', '127.0.0.1', '内网IP', '{\"userId\":[\"\"],\"visitTime\":[\"2021-八月-12 06:08:23\"],\"visitPhoto\":[\"\"],\"customerName\":[\"爱的发到付\"],\"storesType\":[\"0\"],\"storesSize\":[\"\"],\"employeesNums\":[\"0\"],\"location\":[\"\"],\"addressDesc\":[\"\"],\"isSigned\":[\"0\"],\"founder\":[\"\"],\"follower\":[\"\"],\"keyPerson\":[\"\"],\"keyPersonTel\":[\"\"],\"customerSatisfaction\":[\"\"],\"customerLevel\":[\"0\"],\"credit\":[\"\"],\"progress\":[\"\"],\"reporter\":[\"\"],\"customerSource\":[\"\"],\"remark\":[\"\"],\"btSelectAll\":[\"\"]}', NULL, 1, '\r\n### Error updating database.  Cause: java.sql.SQLException: Field \'visit_time\' doesn\'t have a default value\r\n### The error may exist in file [D:\\work\\星元\\客户关系管理系统\\crm\\crm-xy\\crm-system\\target\\classes\\mapper\\system\\TCustomerMapper.xml]\r\n### The error may involve com.xy.system.mapper.TCustomerMapper.insertTCustomer-Inline\r\n### The error occurred while setting parameters\r\n### SQL: insert into t_customer          ( customer_name,             stores_type,             stores_size,             employees_nums,             location,             address_desc,             is_signed,             founder,             follower,             key_person,                          customer_satisfaction,             customer_level,             credit,             progress,             reporter,             customer_source,                                       create_time,                                       remark )           values ( ?,             ?,             ?,             ?,             ?,             ?,             ?,             ?,             ?,             ?,                          ?,             ?,             ?,             ?,             ?,             ?,                                       ?,                                       ? )\r\n### Cause: java.sql.SQLException: Field \'visit_time\' doesn\'t have a default value\n; Field \'visit_time\' doesn\'t have a default value; nested exception is java.sql.SQLException: Field \'visit_time\' doesn\'t have a default value', '2021-08-03 16:15:42');
INSERT INTO `sys_oper_log` VALUES (306, '客户', 1, 'com.xy.web.controller.system.TCustomerController.addSave()', 'POST', 1, 'admin', '超级管理员', '/system/t_customer/add', '127.0.0.1', '内网IP', '{\"userId\":[\"1233\"],\"visitTime\":[\"2021-08-04 04:50:00\"],\"visitPhoto\":[\"\"],\"customerName\":[\"大沙发大法师打发\"],\"storesType\":[\"0\"],\"storesSize\":[\"\"],\"employeesNums\":[\"0\"],\"location\":[\"\"],\"addressDesc\":[\"\"],\"isSigned\":[\"0\"],\"founder\":[\"\"],\"follower\":[\"\"],\"keyPerson\":[\"\"],\"keyPersonTel\":[\"\"],\"customerSatisfaction\":[\"\"],\"customerLevel\":[\"0\"],\"credit\":[\"\"],\"progress\":[\"\"],\"reporter\":[\"\"],\"customerSource\":[\"\"],\"remark\":[\"\"],\"btSelectAll\":[\"\"]}', '{\r\n  \"msg\" : \"操作成功\",\r\n  \"code\" : 0\r\n}', 0, NULL, '2021-08-03 16:17:27');
INSERT INTO `sys_oper_log` VALUES (307, '客户', 3, 'com.xy.web.controller.system.TCustomerController.remove()', 'POST', 1, 'admin', '超级管理员', '/system/t_customer/remove', '127.0.0.1', '内网IP', '{\"ids\":[\"2,6\"]}', '{\r\n  \"msg\" : \"操作成功\",\r\n  \"code\" : 0\r\n}', 0, NULL, '2021-08-03 16:23:12');
INSERT INTO `sys_oper_log` VALUES (308, '重置密码', 2, 'com.xy.web.controller.system.SysUserController.resetPwdSave()', 'POST', 1, 'admin', '超级管理员', '/system/user/resetPwd', '127.0.0.1', '内网IP', '{\"userId\":[\"101\"],\"loginName\":[\"lijiyang\"]}', '{\r\n  \"msg\" : \"操作成功\",\r\n  \"code\" : 0\r\n}', 0, NULL, '2021-08-03 17:33:40');
INSERT INTO `sys_oper_log` VALUES (309, '菜单管理', 2, 'com.xy.web.controller.system.SysMenuController.editSave()', 'POST', 1, 'admin', '超级管理员', '/system/menu/edit', '127.0.0.1', '内网IP', '{\"menuId\":[\"4\"],\"parentId\":[\"0\"],\"menuType\":[\"M\"],\"menuName\":[\"内部员工管理\"],\"url\":[\"#\"],\"target\":[\"menuItem\"],\"perms\":[\"\"],\"orderNum\":[\"4\"],\"icon\":[\"fa fa-address-book\"],\"visible\":[\"0\"],\"isRefresh\":[\"0\"]}', '{\r\n  \"msg\" : \"操作成功\",\r\n  \"code\" : 0\r\n}', 0, NULL, '2021-08-03 17:36:11');
INSERT INTO `sys_oper_log` VALUES (310, '菜单管理', 1, 'com.xy.web.controller.system.SysMenuController.addSave()', 'POST', 1, 'admin', '超级管理员', '/system/menu/add', '127.0.0.1', '内网IP', '{\"parentId\":[\"0\"],\"menuType\":[\"C\"],\"menuName\":[\"客户关系管理\"],\"url\":[\"\"],\"target\":[\"menuItem\"],\"perms\":[\"\"],\"orderNum\":[\"5\"],\"icon\":[\"fa fa-tty\"],\"visible\":[\"0\"],\"isRefresh\":[\"1\"]}', '{\r\n  \"msg\" : \"操作成功\",\r\n  \"code\" : 0\r\n}', 0, NULL, '2021-08-03 17:37:32');
INSERT INTO `sys_oper_log` VALUES (311, '菜单管理', 2, 'com.xy.web.controller.system.SysMenuController.editSave()', 'POST', 1, 'admin', '超级管理员', '/system/menu/edit', '127.0.0.1', '内网IP', '{\"menuId\":[\"1074\"],\"parentId\":[\"1080\"],\"menuType\":[\"C\"],\"menuName\":[\"客户\"],\"url\":[\"/system/t_customer\"],\"target\":[\"menuItem\"],\"perms\":[\"system:t_customer:view\"],\"orderNum\":[\"1\"],\"icon\":[\"#\"],\"visible\":[\"0\"],\"isRefresh\":[\"1\"]}', '{\r\n  \"msg\" : \"操作成功\",\r\n  \"code\" : 0\r\n}', 0, NULL, '2021-08-03 17:37:59');
INSERT INTO `sys_oper_log` VALUES (312, '菜单管理', 2, 'com.xy.web.controller.system.SysMenuController.editSave()', 'POST', 1, 'admin', '超级管理员', '/system/menu/edit', '127.0.0.1', '内网IP', '{\"menuId\":[\"1080\"],\"parentId\":[\"0\"],\"menuType\":[\"M\"],\"menuName\":[\"客户关系管理\"],\"url\":[\"#\"],\"target\":[\"menuItem\"],\"perms\":[\"\"],\"orderNum\":[\"5\"],\"icon\":[\"fa fa-tty\"],\"visible\":[\"0\"],\"isRefresh\":[\"1\"]}', '{\r\n  \"msg\" : \"操作成功\",\r\n  \"code\" : 0\r\n}', 0, NULL, '2021-08-03 17:38:56');
INSERT INTO `sys_oper_log` VALUES (313, '角色管理', 2, 'com.xy.web.controller.system.SysRoleController.editSave()', 'POST', 1, 'admin', '超级管理员', '/system/role/edit', '127.0.0.1', '内网IP', '{\"roleId\":[\"2\"],\"roleName\":[\"总经办\"],\"roleKey\":[\"CEO\"],\"roleSort\":[\"2\"],\"status\":[\"0\"],\"remark\":[\"\"],\"menuIds\":[\"1,107,1035,108,500,1039,501,1043,4,100,1000,1001,1002,1003,1004,1005,1006,101,1007,1008,1009,1010,1011,103,1016,1017,1018,1019,104,1020,1021,1022,1023,1024,1080,1074,1075,1076,1077,1078,1079\"]}', '{\r\n  \"msg\" : \"操作成功\",\r\n  \"code\" : 0\r\n}', 0, NULL, '2021-08-03 17:40:40');
INSERT INTO `sys_oper_log` VALUES (314, '角色管理', 2, 'com.xy.web.controller.system.SysRoleController.editSave()', 'POST', 1, 'admin', '超级管理员', '/system/role/edit', '127.0.0.1', '内网IP', '{\"roleId\":[\"3\"],\"roleName\":[\"经理\"],\"roleKey\":[\"PM\"],\"roleSort\":[\"3\"],\"status\":[\"0\"],\"remark\":[\"\"],\"menuIds\":[\"4,100,1000,1001,1002,1003,1004,1005,1006,101,1007,1008,1009,1010,1011,103,1016,1017,1018,1019,104,1020,1080,1074,1075,1076,1077,1078,1079\"]}', '{\r\n  \"msg\" : \"操作成功\",\r\n  \"code\" : 0\r\n}', 0, NULL, '2021-08-03 17:43:17');
INSERT INTO `sys_oper_log` VALUES (315, '角色管理', 2, 'com.xy.web.controller.system.SysRoleController.editSave()', 'POST', 1, 'admin', '超级管理员', '/system/role/edit', '127.0.0.1', '内网IP', '{\"roleId\":[\"4\"],\"roleName\":[\"商拓\"],\"roleKey\":[\"BP\"],\"roleSort\":[\"4\"],\"status\":[\"0\"],\"remark\":[\"普通角色\"],\"menuIds\":[\"4,100,1000,1080,1074,1075,1076,1077,1078,1079\"]}', '{\r\n  \"msg\" : \"操作成功\",\r\n  \"code\" : 0\r\n}', 0, NULL, '2021-08-03 17:43:21');
INSERT INTO `sys_oper_log` VALUES (316, '客户', 1, 'com.xy.web.controller.system.TCustomerController.addSave()', 'POST', 1, 'admin', '超级管理员', '/system/t_customer/add', '127.0.0.1', '内网IP', '{\"userId\":[\"2018030802391234\"],\"visitTime\":[\"2021-08-03 17:47:00\"],\"visitPhoto\":[\"\"],\"customerName\":[\"发送的\"],\"storesType\":[\"0\"],\"storesSize\":[\"\"],\"employeesNums\":[\"0\"],\"location\":[\"\"],\"addressDesc\":[\"\"],\"isSigned\":[\"0\"],\"founder\":[\"\"],\"follower\":[\"\"],\"keyPerson\":[\"\"],\"keyPersonTel\":[\"\"],\"customerSatisfaction\":[\"\"],\"customerLevel\":[\"0\"],\"credit\":[\"\"],\"progress\":[\"\"],\"reporter\":[\"\"],\"customerSource\":[\"\"],\"remark\":[\"\"],\"btSelectAll\":[\"\"]}', '{\r\n  \"msg\" : \"操作成功\",\r\n  \"code\" : 0\r\n}', 0, NULL, '2021-08-03 17:47:08');
INSERT INTO `sys_oper_log` VALUES (317, '客户', 5, 'com.xy.web.controller.system.TCustomerController.export()', 'POST', 1, 'admin', '超级管理员', '/system/t_customer/export', '127.0.0.1', '内网IP', '{\"visitTime\":[\"\"],\"customerName\":[\"\"],\"storesType\":[\"\"],\"orderByColumn\":[\"\"],\"isAsc\":[\"asc\"]}', '{\r\n  \"msg\" : \"49414241-412a-4f85-8b62-b7485e5aefaa_客户数据.xlsx\",\r\n  \"code\" : 0\r\n}', 0, NULL, '2021-08-03 17:47:20');
INSERT INTO `sys_oper_log` VALUES (318, '客户', 5, 'com.xy.web.controller.system.TCustomerController.export()', 'POST', 1, 'admin', '超级管理员', '/system/t_customer/export', '127.0.0.1', '内网IP', '{\"visitTime\":[\"\"],\"customerName\":[\"\"],\"storesType\":[\"\"],\"orderByColumn\":[\"\"],\"isAsc\":[\"asc\"]}', '{\r\n  \"msg\" : \"2c263162-216d-45ad-9acd-4d9e2d6f5d87_客户数据.xlsx\",\r\n  \"code\" : 0\r\n}', 0, NULL, '2021-08-03 19:16:06');
INSERT INTO `sys_oper_log` VALUES (319, '客户', 5, 'com.xy.web.controller.system.TCustomerController.export()', 'POST', 1, 'admin', '超级管理员', '/system/t_customer/export', '127.0.0.1', '内网IP', '{\"visitTime\":[\"\"],\"customerName\":[\"\"],\"storesType\":[\"\"],\"orderByColumn\":[\"\"],\"isAsc\":[\"asc\"]}', '{\r\n  \"msg\" : \"af529ae7-6849-47a2-b335-310d16016046_客户数据.xlsx\",\r\n  \"code\" : 0\r\n}', 0, NULL, '2021-08-03 19:19:07');
INSERT INTO `sys_oper_log` VALUES (320, '客户', 3, 'com.xy.web.controller.system.TCustomerController.remove()', 'POST', 1, 'admin', '超级管理员', '/system/t_customer/remove', '127.0.0.1', '内网IP', '{\"ids\":[\"7\"]}', '{\r\n  \"msg\" : \"操作成功\",\r\n  \"code\" : 0\r\n}', 0, NULL, '2021-08-03 19:24:15');
INSERT INTO `sys_oper_log` VALUES (321, '客户', 3, 'com.xy.web.controller.system.TCustomerController.remove()', 'POST', 1, 'admin', '超级管理员', '/system/t_customer/remove', '127.0.0.1', '内网IP', '{\"ids\":[\"6\"]}', '{\r\n  \"msg\" : \"操作成功\",\r\n  \"code\" : 0\r\n}', 0, NULL, '2021-08-03 19:24:23');
INSERT INTO `sys_oper_log` VALUES (322, '客户', 3, 'com.xy.web.controller.system.TCustomerController.remove()', 'POST', 1, 'admin', '超级管理员', '/system/t_customer/remove', '127.0.0.1', '内网IP', '{\"ids\":[\"2\"]}', '{\r\n  \"msg\" : \"操作成功\",\r\n  \"code\" : 0\r\n}', 0, NULL, '2021-08-03 19:24:36');
INSERT INTO `sys_oper_log` VALUES (323, '客户', 1, 'com.xy.web.controller.system.TCustomerController.addSave()', 'POST', 1, 'admin', '超级管理员', '/system/t_customer/add', '127.0.0.1', '内网IP', '{\"userId\":[\"12323412\"],\"visitTime\":[\"2021-09-01 10:30:32\"],\"visitPhoto\":[\"\"],\"customerName\":[\"1341234\"],\"storesType\":[\"0\"],\"storesSize\":[\"34\"],\"employeesNums\":[\"0\"],\"location\":[\"北京\"],\"addressDesc\":[\"杭州市江干区第二大街月雅苑\"],\"isSigned\":[\"1\"],\"founder\":[\"乐乐乐\"],\"follower\":[\"菲菲\"],\"keyPerson\":[\"重本冲\"],\"keyPersonTel\":[\"17633850690\"],\"customerSatisfaction\":[\"3\"],\"customerLevel\":[\"1\"],\"credit\":[\"123\"],\"progress\":[\"30%\"],\"reporter\":[\"3\"],\"customerSource\":[\"\"],\"remark\":[\"\"],\"index\":[\"1\"],\"tCustomerContactList[0].userId\":[\"123\"],\"tCustomerContactList[0].plan\":[\"A计划\"],\"tCustomerContactList[0].planTime\":[\"2021年8月3日22:02:53\"],\"tCustomerContactList[0].result\":[\"不太灵香\"],\"tCustomerContactList[0].solution\":[\"加油我最棒\"],\"tCustomerContactList[0].delFlag\":[\"0\"],\"tCustomerContactList[0].evaluation\":[\"0\"],\"tCustomerContactList[0].createTime\":[\"2021-8-3 22:03:11\"],\"tCustomerContactList[0].createBy\":[\"\"],\"tCustomerContactList[0].evaluationBy\":[\"\"],\"tCustomerContactList[0].evaluationTime\":[\"\"],\"tCustomerContactList[0].updateBy\":[\"\"],\"tCustomerContactList[0].updateTime\":[\"\"],\"tCustomerContactList[0].remark\":[\"\"],\"btSelectAll\":[\"\"],\"btSelectItem\":[\"\"]}', NULL, 1, '\r\n### Error updating database.  Cause: com.mysql.cj.jdbc.exceptions.MysqlDataTruncation: Data truncation: Out of range value for column \'key_person_tel\' at row 1\r\n### The error may exist in file [D:\\work\\星元\\客户关系管理系统\\crm\\crm-xy\\crm-system\\target\\classes\\mapper\\system\\TCustomerMapper.xml]\r\n### The error may involve com.xy.system.mapper.TCustomerMapper.insertTCustomer-Inline\r\n### The error occurred while setting parameters\r\n### SQL: insert into t_customer          ( user_id,             visit_time,                          customer_name,             stores_type,             stores_size,             employees_nums,             location,             address_desc,             is_signed,             founder,             follower,             key_person,             key_person_tel,             customer_satisfaction,             customer_level,             credit,             progress,             reporter,             customer_source,                                       create_time,                                       remark )           values ( ?,             ?,                          ?,             ?,             ?,             ?,             ?,             ?,             ?,             ?,             ?,             ?,             ?,             ?,             ?,             ?,             ?,             ?,             ?,                                       ?,                                       ? )\r\n### Cause: com.mysql.cj.jdbc.exceptions.MysqlDataTruncation: Data truncation: Out of range value for column \'key_person_tel\' at row 1\n; Data truncation: Out of range value for column \'key_person_tel\' at row 1; nested exception is com.mysql.cj.jdbc.exceptions.MysqlDataTruncation: Data truncation: Out of range value for column \'key_person_tel\' at row 1', '2021-08-03 22:03:18');
INSERT INTO `sys_oper_log` VALUES (324, '客户', 1, 'com.xy.web.controller.system.TCustomerController.addSave()', 'POST', 1, 'admin', '超级管理员', '/system/t_customer/add', '127.0.0.1', '内网IP', '{\"userId\":[\"12323412\"],\"visitTime\":[\"2021-09-01 10:30:32\"],\"visitPhoto\":[\"\"],\"customerName\":[\"1341234\"],\"storesType\":[\"0\"],\"storesSize\":[\"34\"],\"employeesNums\":[\"0\"],\"location\":[\"北京\"],\"addressDesc\":[\"杭州市江干区第二大街月雅苑\"],\"isSigned\":[\"1\"],\"founder\":[\"乐乐乐\"],\"follower\":[\"菲菲\"],\"keyPerson\":[\"重本冲\"],\"keyPersonTel\":[\"17633850690\"],\"customerSatisfaction\":[\"3\"],\"customerLevel\":[\"1\"],\"credit\":[\"123\"],\"progress\":[\"30%\"],\"reporter\":[\"3\"],\"customerSource\":[\"\"],\"remark\":[\"\"],\"index\":[\"1\"],\"tCustomerContactList[0].userId\":[\"123\"],\"tCustomerContactList[0].plan\":[\"A计划\"],\"tCustomerContactList[0].planTime\":[\"2021年8月3日22:02:53\"],\"tCustomerContactList[0].result\":[\"不太灵香\"],\"tCustomerContactList[0].solution\":[\"加油我最棒\"],\"tCustomerContactList[0].delFlag\":[\"0\"],\"tCustomerContactList[0].evaluation\":[\"0\"],\"tCustomerContactList[0].createTime\":[\"2021-8-3 22:03:11\"],\"tCustomerContactList[0].createBy\":[\"\"],\"tCustomerContactList[0].evaluationBy\":[\"\"],\"tCustomerContactList[0].evaluationTime\":[\"\"],\"tCustomerContactList[0].updateBy\":[\"\"],\"tCustomerContactList[0].updateTime\":[\"\"],\"tCustomerContactList[0].remark\":[\"\"],\"btSelectAll\":[\"\"],\"btSelectItem\":[\"\"]}', NULL, 1, '\r\n### Error updating database.  Cause: com.mysql.cj.jdbc.exceptions.MysqlDataTruncation: Data truncation: Out of range value for column \'key_person_tel\' at row 1\r\n### The error may exist in file [D:\\work\\星元\\客户关系管理系统\\crm\\crm-xy\\crm-system\\target\\classes\\mapper\\system\\TCustomerMapper.xml]\r\n### The error may involve com.xy.system.mapper.TCustomerMapper.insertTCustomer-Inline\r\n### The error occurred while setting parameters\r\n### SQL: insert into t_customer          ( user_id,             visit_time,                          customer_name,             stores_type,             stores_size,             employees_nums,             location,             address_desc,             is_signed,             founder,             follower,             key_person,             key_person_tel,             customer_satisfaction,             customer_level,             credit,             progress,             reporter,             customer_source,                                       create_time,                                       remark )           values ( ?,             ?,                          ?,             ?,             ?,             ?,             ?,             ?,             ?,             ?,             ?,             ?,             ?,             ?,             ?,             ?,             ?,             ?,             ?,                                       ?,                                       ? )\r\n### Cause: com.mysql.cj.jdbc.exceptions.MysqlDataTruncation: Data truncation: Out of range value for column \'key_person_tel\' at row 1\n; Data truncation: Out of range value for column \'key_person_tel\' at row 1; nested exception is com.mysql.cj.jdbc.exceptions.MysqlDataTruncation: Data truncation: Out of range value for column \'key_person_tel\' at row 1', '2021-08-03 22:03:28');
INSERT INTO `sys_oper_log` VALUES (325, '客户', 1, 'com.xy.web.controller.system.TCustomerController.addSave()', 'POST', 1, 'admin', '超级管理员', '/system/t_customer/add', '127.0.0.1', '内网IP', '{\"userId\":[\"12323412\"],\"visitTime\":[\"2021-09-01 10:30:32\"],\"visitPhoto\":[\"\"],\"customerName\":[\"1341234\"],\"storesType\":[\"0\"],\"storesSize\":[\"34\"],\"employeesNums\":[\"0\"],\"location\":[\"北京\"],\"addressDesc\":[\"杭州市江干区第二大街月雅苑\"],\"isSigned\":[\"1\"],\"founder\":[\"乐乐乐\"],\"follower\":[\"菲菲\"],\"keyPerson\":[\"重本冲\"],\"keyPersonTel\":[\"17633850690\"],\"customerSatisfaction\":[\"3\"],\"customerLevel\":[\"1\"],\"credit\":[\"123\"],\"progress\":[\"30%\"],\"reporter\":[\"3\"],\"customerSource\":[\"\"],\"remark\":[\"\"],\"index\":[\"1\"],\"tCustomerContactList[0].userId\":[\"123\"],\"tCustomerContactList[0].plan\":[\"A计划\"],\"tCustomerContactList[0].planTime\":[\"2021年8月3日22:02:53\"],\"tCustomerContactList[0].result\":[\"不太灵香\"],\"tCustomerContactList[0].solution\":[\"加油我最棒\"],\"tCustomerContactList[0].delFlag\":[\"0\"],\"tCustomerContactList[0].evaluation\":[\"0\"],\"tCustomerContactList[0].createTime\":[\"2021-8-3 22:03:11\"],\"tCustomerContactList[0].createBy\":[\"\"],\"tCustomerContactList[0].evaluationBy\":[\"\"],\"tCustomerContactList[0].evaluationTime\":[\"\"],\"tCustomerContactList[0].updateBy\":[\"\"],\"tCustomerContactList[0].updateTime\":[\"\"],\"tCustomerContactList[0].remark\":[\"\"],\"btSelectAll\":[\"\"],\"btSelectItem\":[\"\"]}', NULL, 1, '\r\n### Error updating database.  Cause: com.mysql.cj.jdbc.exceptions.MysqlDataTruncation: Data truncation: Out of range value for column \'key_person_tel\' at row 1\r\n### The error may exist in file [D:\\work\\星元\\客户关系管理系统\\crm\\crm-xy\\crm-system\\target\\classes\\mapper\\system\\TCustomerMapper.xml]\r\n### The error may involve com.xy.system.mapper.TCustomerMapper.insertTCustomer-Inline\r\n### The error occurred while setting parameters\r\n### SQL: insert into t_customer          ( user_id,             visit_time,                          customer_name,             stores_type,             stores_size,             employees_nums,             location,             address_desc,             is_signed,             founder,             follower,             key_person,             key_person_tel,             customer_satisfaction,             customer_level,             credit,             progress,             reporter,             customer_source,                                       create_time,                                       remark )           values ( ?,             ?,                          ?,             ?,             ?,             ?,             ?,             ?,             ?,             ?,             ?,             ?,             ?,             ?,             ?,             ?,             ?,             ?,             ?,                                       ?,                                       ? )\r\n### Cause: com.mysql.cj.jdbc.exceptions.MysqlDataTruncation: Data truncation: Out of range value for column \'key_person_tel\' at row 1\n; Data truncation: Out of range value for column \'key_person_tel\' at row 1; nested exception is com.mysql.cj.jdbc.exceptions.MysqlDataTruncation: Data truncation: Out of range value for column \'key_person_tel\' at row 1', '2021-08-03 22:03:43');
INSERT INTO `sys_oper_log` VALUES (326, '客户', 1, 'com.xy.web.controller.system.TCustomerController.addSave()', 'POST', 1, 'admin', '超级管理员', '/system/t_customer/add', '127.0.0.1', '内网IP', '{\"userId\":[\"12323412\"],\"visitTime\":[\"2021-09-01 10:30:32\"],\"visitPhoto\":[\"\"],\"customerName\":[\"1341234\"],\"storesType\":[\"0\"],\"storesSize\":[\"34\"],\"employeesNums\":[\"0\"],\"location\":[\"北京\"],\"addressDesc\":[\"杭州市江干区第二大街月雅苑\"],\"isSigned\":[\"1\"],\"founder\":[\"乐乐乐\"],\"follower\":[\"菲菲\"],\"keyPerson\":[\"重本冲\"],\"keyPersonTel\":[\"123\"],\"customerSatisfaction\":[\"3\"],\"customerLevel\":[\"1\"],\"credit\":[\"123\"],\"progress\":[\"30%\"],\"reporter\":[\"3\"],\"customerSource\":[\"\"],\"remark\":[\"\"],\"index\":[\"1\"],\"tCustomerContactList[0].userId\":[\"123\"],\"tCustomerContactList[0].plan\":[\"A计划\"],\"tCustomerContactList[0].planTime\":[\"2021年8月3日22:02:53\"],\"tCustomerContactList[0].result\":[\"不太灵香\"],\"tCustomerContactList[0].solution\":[\"加油我最棒\"],\"tCustomerContactList[0].delFlag\":[\"0\"],\"tCustomerContactList[0].evaluation\":[\"0\"],\"tCustomerContactList[0].createTime\":[\"2021-8-3 22:03:11\"],\"tCustomerContactList[0].createBy\":[\"\"],\"tCustomerContactList[0].evaluationBy\":[\"\"],\"tCustomerContactList[0].evaluationTime\":[\"\"],\"tCustomerContactList[0].updateBy\":[\"\"],\"tCustomerContactList[0].updateTime\":[\"\"],\"tCustomerContactList[0].remark\":[\"\"],\"btSelectAll\":[\"\"],\"btSelectItem\":[\"\"]}', '{\r\n  \"msg\" : \"操作成功\",\r\n  \"code\" : 0\r\n}', 0, NULL, '2021-08-03 22:04:01');
INSERT INTO `sys_oper_log` VALUES (327, '客户', 3, 'com.xy.web.controller.system.TCustomerController.remove()', 'POST', 1, 'admin', '超级管理员', '/system/t_customer/remove', '127.0.0.1', '内网IP', '{\"ids\":[\"8\"]}', '{\r\n  \"msg\" : \"操作成功\",\r\n  \"code\" : 0\r\n}', 0, NULL, '2021-08-03 22:04:50');
INSERT INTO `sys_oper_log` VALUES (328, '客户', 2, 'com.xy.web.controller.system.TCustomerController.editSave()', 'POST', 1, 'admin', '超级管理员', '/system/t_customer/edit', '127.0.0.1', '内网IP', '{\"customerId\":[\"2\"],\"userId\":[\"\"],\"visitTime\":[\"2021-08-03 05:25:00\"],\"visitPhoto\":[\"http://127.0.0.1:8081/profile/upload/2021/08/02/42c8385f-8a7c-4a88-9743-b93e8884e23e.jpg\"],\"customerName\":[\"手动阀\"],\"storesType\":[\"0\"],\"storesSize\":[\"\"],\"employeesNums\":[\"0\"],\"location\":[\"\"],\"addressDesc\":[\"\"],\"isSigned\":[\"0\"],\"founder\":[\"\"],\"follower\":[\"\"],\"keyPerson\":[\"\"],\"keyPersonTel\":[\"\"],\"customerSatisfaction\":[\"\"],\"customerLevel\":[\"0\"],\"credit\":[\"\"],\"progress\":[\"\"],\"reporter\":[\"\"],\"customerSource\":[\"\"],\"remark\":[\"\"],\"index\":[\"1\"],\"tCustomerContactList[0].userId\":[\"12\"],\"tCustomerContactList[0].plan\":[\"1\"],\"tCustomerContactList[0].planTime\":[\"\"],\"tCustomerContactList[0].result\":[\"\"],\"tCustomerContactList[0].solution\":[\"\"],\"tCustomerContactList[0].delFlag\":[\"\"],\"tCustomerContactList[0].evaluation\":[\"\"],\"tCustomerContactList[0].createTime\":[\"\"],\"tCustomerContactList[0].createBy\":[\"\"],\"tCustomerContactList[0].evaluationBy\":[\"\"],\"tCustomerContactList[0].evaluationTime\":[\"\"],\"tCustomerContactList[0].updateBy\":[\"\"],\"tCustomerContactList[0].updateTime\":[\"\"],\"tCustomerContactList[0].remark\":[\"\"],\"btSelectAll\":[\"\"],\"btSelectItem\":[\"\"]}', NULL, 1, '\r\n### Error updating database.  Cause: java.sql.SQLSyntaxErrorException: Unknown column \'t.del_flag\' in \'where clause\'\r\n### The error may exist in file [D:\\work\\星元\\客户关系管理系统\\crm\\crm-xy\\crm-system\\target\\classes\\mapper\\system\\TCustomerMapper.xml]\r\n### The error may involve com.xy.system.mapper.TCustomerMapper.updateTCustomer-Inline\r\n### The error occurred while setting parameters\r\n### SQL: update t_customer          SET visit_time = ?,             visit_photo = ?,             customer_name = ?,             stores_type = ?,             stores_size = ?,             employees_nums = ?,             location = ?,             address_desc = ?,             is_signed = ?,             founder = ?,             follower = ?,             key_person = ?,                          customer_satisfaction = ?,             customer_level = ?,             credit = ?,             progress = ?,             reporter = ?,             customer_source = ?,                                                                 update_time = ?,             remark = ?          where t.del_flag = \'0\' and customer_id = ?\r\n### Cause: java.sql.SQLSyntaxErrorException: Unknown column \'t.del_flag\' in \'where clause\'\n; bad SQL grammar []; nested exception is java.sql.SQLSyntaxErrorException: Unknown column \'t.del_flag\' in \'where clause\'', '2021-08-03 22:14:37');
INSERT INTO `sys_oper_log` VALUES (329, '客户', 2, 'com.xy.web.controller.system.TCustomerController.editSave()', 'POST', 1, 'admin', '超级管理员', '/system/t_customer/edit', '127.0.0.1', '内网IP', '{\"customerId\":[\"2\"],\"userId\":[\"12312341234\"],\"visitTime\":[\"2021-08-03 22:15:24\"],\"visitPhoto\":[\"http://127.0.0.1:8081/profile/upload/2021/08/02/42c8385f-8a7c-4a88-9743-b93e8884e23e.jpg\"],\"customerName\":[\"手动阀\"],\"storesType\":[\"0\"],\"storesSize\":[\"\"],\"employeesNums\":[\"0\"],\"location\":[\"\"],\"addressDesc\":[\"\"],\"isSigned\":[\"0\"],\"founder\":[\"\"],\"follower\":[\"\"],\"keyPerson\":[\"\"],\"keyPersonTel\":[\"\"],\"customerSatisfaction\":[\"\"],\"customerLevel\":[\"0\"],\"credit\":[\"\"],\"progress\":[\"\"],\"reporter\":[\"\"],\"customerSource\":[\"\"],\"remark\":[\"\"],\"index\":[\"1\"],\"tCustomerContactList[0].userId\":[\"\"],\"tCustomerContactList[0].plan\":[\"\"],\"tCustomerContactList[0].planTime\":[\"\"],\"tCustomerContactList[0].result\":[\"\"],\"tCustomerContactList[0].solution\":[\"\"],\"tCustomerContactList[0].evaluation\":[\"\"],\"tCustomerContactList[0].createTime\":[\"\"],\"tCustomerContactList[0].createBy\":[\"\"],\"tCustomerContactList[0].evaluationBy\":[\"\"],\"tCustomerContactList[0].evaluationTime\":[\"\"],\"tCustomerContactList[0].updateBy\":[\"\"],\"tCustomerContactList[0].updateTime\":[\"\"],\"tCustomerContactList[0].remark\":[\"\"],\"btSelectAll\":[\"\"],\"btSelectItem\":[\"\"]}', NULL, 1, '\r\n### Error updating database.  Cause: java.sql.SQLSyntaxErrorException: Unknown column \'t.del_flag\' in \'where clause\'\r\n### The error may exist in file [D:\\work\\星元\\客户关系管理系统\\crm\\crm-xy\\crm-system\\target\\classes\\mapper\\system\\TCustomerMapper.xml]\r\n### The error may involve com.xy.system.mapper.TCustomerMapper.updateTCustomer-Inline\r\n### The error occurred while setting parameters\r\n### SQL: update t_customer          SET user_id = ?,             visit_time = ?,             visit_photo = ?,             customer_name = ?,             stores_type = ?,             stores_size = ?,             employees_nums = ?,             location = ?,             address_desc = ?,             is_signed = ?,             founder = ?,             follower = ?,             key_person = ?,                          customer_satisfaction = ?,             customer_level = ?,             credit = ?,             progress = ?,             reporter = ?,             customer_source = ?,                                                                 update_time = ?,             remark = ?          where t.del_flag = \'0\' and customer_id = ?\r\n### Cause: java.sql.SQLSyntaxErrorException: Unknown column \'t.del_flag\' in \'where clause\'\n; bad SQL grammar []; nested exception is java.sql.SQLSyntaxErrorException: Unknown column \'t.del_flag\' in \'where clause\'', '2021-08-03 22:15:33');
INSERT INTO `sys_oper_log` VALUES (330, '客户', 2, 'com.xy.web.controller.system.TCustomerController.editSave()', 'POST', 1, 'admin', '超级管理员', '/system/t_customer/edit', '127.0.0.1', '内网IP', '{\"customerId\":[\"2\"],\"userId\":[\"1231341341354\"],\"visitTime\":[\"2021-08-03 22:17:56\"],\"visitPhoto\":[\"http://127.0.0.1:8081/profile/upload/2021/08/02/42c8385f-8a7c-4a88-9743-b93e8884e23e.jpg\"],\"customerName\":[\"手动阀\"],\"storesType\":[\"0\"],\"storesSize\":[\"\"],\"employeesNums\":[\"0\"],\"location\":[\"\"],\"addressDesc\":[\"\"],\"isSigned\":[\"0\"],\"founder\":[\"\"],\"follower\":[\"\"],\"keyPerson\":[\"\"],\"keyPersonTel\":[\"\"],\"customerSatisfaction\":[\"\"],\"customerLevel\":[\"0\"],\"credit\":[\"\"],\"progress\":[\"\"],\"reporter\":[\"\"],\"customerSource\":[\"\"],\"remark\":[\"\"],\"btSelectAll\":[\"\"]}', NULL, 1, '\r\n### Error updating database.  Cause: java.sql.SQLSyntaxErrorException: Unknown column \'t.del_flag\' in \'where clause\'\r\n### The error may exist in file [D:\\work\\星元\\客户关系管理系统\\crm\\crm-xy\\crm-system\\target\\classes\\mapper\\system\\TCustomerMapper.xml]\r\n### The error may involve com.xy.system.mapper.TCustomerMapper.updateTCustomer-Inline\r\n### The error occurred while setting parameters\r\n### SQL: update t_customer          SET user_id = ?,             visit_time = ?,             visit_photo = ?,             customer_name = ?,             stores_type = ?,             stores_size = ?,             employees_nums = ?,             location = ?,             address_desc = ?,             is_signed = ?,             founder = ?,             follower = ?,             key_person = ?,                          customer_satisfaction = ?,             customer_level = ?,             credit = ?,             progress = ?,             reporter = ?,             customer_source = ?,                                                    update_time = ?,             remark = ?          where t.del_flag = \'0\' and customer_id = ?\r\n### Cause: java.sql.SQLSyntaxErrorException: Unknown column \'t.del_flag\' in \'where clause\'\n; bad SQL grammar []; nested exception is java.sql.SQLSyntaxErrorException: Unknown column \'t.del_flag\' in \'where clause\'', '2021-08-03 22:18:03');
INSERT INTO `sys_oper_log` VALUES (331, '客户', 2, 'com.xy.web.controller.system.TCustomerController.editSave()', 'POST', 1, 'admin', '超级管理员', '/system/t_customer/edit', '127.0.0.1', '内网IP', '{\"customerId\":[\"2\"],\"userId\":[\"\"],\"visitTime\":[\"2021-08-03 13:55:00\"],\"visitPhoto\":[\"http://127.0.0.1:8081/profile/upload/2021/08/02/42c8385f-8a7c-4a88-9743-b93e8884e23e.jpg\"],\"customerName\":[\"手动阀\"],\"storesType\":[\"0\"],\"storesSize\":[\"\"],\"employeesNums\":[\"0\"],\"location\":[\"\"],\"addressDesc\":[\"\"],\"isSigned\":[\"0\"],\"founder\":[\"\"],\"follower\":[\"\"],\"keyPerson\":[\"\"],\"keyPersonTel\":[\"\"],\"customerSatisfaction\":[\"\"],\"customerLevel\":[\"0\"],\"credit\":[\"\"],\"progress\":[\"\"],\"reporter\":[\"\"],\"customerSource\":[\"\"],\"remark\":[\"\"],\"btSelectAll\":[\"\"]}', '{\r\n  \"msg\" : \"操作成功\",\r\n  \"code\" : 0\r\n}', 0, NULL, '2021-08-03 22:19:33');
INSERT INTO `sys_oper_log` VALUES (332, '客户', 2, 'com.xy.web.controller.system.TCustomerController.editSave()', 'POST', 1, 'admin', '超级管理员', '/system/t_customer/edit', '127.0.0.1', '内网IP', '{\"customerId\":[\"7\"],\"userId\":[\"2018030802391234\"],\"visitTime\":[\"2021-08-03 22:19:44\"],\"visitPhoto\":[\"\"],\"customerName\":[\"发送的\"],\"storesType\":[\"0\"],\"storesSize\":[\"\"],\"employeesNums\":[\"0\"],\"location\":[\"\"],\"addressDesc\":[\"\"],\"isSigned\":[\"0\"],\"founder\":[\"\"],\"follower\":[\"\"],\"keyPerson\":[\"\"],\"keyPersonTel\":[\"\"],\"customerSatisfaction\":[\"\"],\"customerLevel\":[\"0\"],\"credit\":[\"\"],\"progress\":[\"\"],\"reporter\":[\"\"],\"customerSource\":[\"\"],\"remark\":[\"\"],\"index\":[\"1\"],\"tCustomerContactList[0].userId\":[\"1\"],\"tCustomerContactList[0].plan\":[\"1\"],\"tCustomerContactList[0].planTime\":[\"\"],\"tCustomerContactList[0].result\":[\"1\"],\"tCustomerContactList[0].solution\":[\"\"],\"tCustomerContactList[0].evaluation\":[\"\"],\"tCustomerContactList[0].createTime\":[\"\"],\"tCustomerContactList[0].createBy\":[\"\"],\"tCustomerContactList[0].evaluationBy\":[\"\"],\"tCustomerContactList[0].evaluationTime\":[\"\"],\"tCustomerContactList[0].updateBy\":[\"\"],\"tCustomerContactList[0].updateTime\":[\"\"],\"tCustomerContactList[0].remark\":[\"\"],\"btSelectAll\":[\"\"],\"btSelectItem\":[\"\"]}', '{\r\n  \"msg\" : \"操作成功\",\r\n  \"code\" : 0\r\n}', 0, NULL, '2021-08-03 22:19:53');
INSERT INTO `sys_oper_log` VALUES (333, '客户', 2, 'com.xy.web.controller.system.TCustomerController.editSave()', 'POST', 1, 'admin', '超级管理员', '/system/t_customer/edit', '127.0.0.1', '内网IP', '{\"customerId\":[\"7\"],\"userId\":[\"2018030802391234\"],\"visitTime\":[\"2021-08-03 22:19:44\"],\"visitPhoto\":[\"\"],\"customerName\":[\"发送的\"],\"storesType\":[\"0\"],\"storesSize\":[\"\"],\"employeesNums\":[\"0\"],\"location\":[\"\"],\"addressDesc\":[\"\"],\"isSigned\":[\"0\"],\"founder\":[\"\"],\"follower\":[\"\"],\"keyPerson\":[\"\"],\"keyPersonTel\":[\"\"],\"customerSatisfaction\":[\"\"],\"customerLevel\":[\"0\"],\"credit\":[\"\"],\"progress\":[\"\"],\"reporter\":[\"\"],\"customerSource\":[\"\"],\"remark\":[\"\"],\"index\":[\"1\",\"2\"],\"tCustomerContactList[0].userId\":[\"1\"],\"tCustomerContactList[0].plan\":[\"1\"],\"tCustomerContactList[0].planTime\":[\"\"],\"tCustomerContactList[0].result\":[\"1\"],\"tCustomerContactList[0].solution\":[\"\"],\"tCustomerContactList[0].evaluation\":[\"\"],\"tCustomerContactList[0].createTime\":[\"\"],\"tCustomerContactList[0].createBy\":[\"\"],\"tCustomerContactList[0].evaluationBy\":[\"\"],\"tCustomerContactList[0].evaluationTime\":[\"\"],\"tCustomerContactList[0].updateBy\":[\"\"],\"tCustomerContactList[0].updateTime\":[\"\"],\"tCustomerContactList[0].remark\":[\"\"],\"tCustomerContactList[1].userId\":[\"2\"],\"tCustomerContactList[1].plan\":[\"2\"],\"tCustomerContactList[1].planTime\":[\"\"],\"tCustomerContactList[1].result\":[\"2\"],\"tCustomerContactList[1].solution\":[\"\"],\"tCustomerContactList[1].evaluation\":[\"\"],\"tCustomerContactList[1].createTime\":[\"\"],\"tCustomerContactList[1].createBy\":[\"\"],\"tCustomerContactList[1].evaluationBy\":[\"\"],\"tCustomerContactList[1].evaluationTime\":[\"\"],\"tCustomerContactList[1].updateBy\":[\"\"],\"tCustomerContactList[1].updateTime\":[\"\"],\"tCustomerContactList[1].remark\":[\"\"],\"btSelectAll\":[\"\"],\"btSelectItem\":[\"\"]}', NULL, 1, '\r\n### Error updating database.  Cause: java.sql.SQLIntegrityConstraintViolationException: Duplicate entry \'7\' for key \'PRIMARY\'\r\n### The error may exist in file [D:\\work\\星元\\客户关系管理系统\\crm\\crm-xy\\crm-system\\target\\classes\\mapper\\system\\TCustomerMapper.xml]\r\n### The error may involve defaultParameterMap\r\n### The error occurred while setting parameters\r\n### SQL: insert into t_customer_contact( contact_id, user_id, plan, plan_time, result, solution, del_flag, evaluation, create_time, create_by, evaluation_by, evaluation_time, update_by, update_time, remark) values                  ( ?, ?, ?, ?, ?, ?, ?, ?, ?, ?, ?, ?, ?, ?, ?)          ,              ( ?, ?, ?, ?, ?, ?, ?, ?, ?, ?, ?, ?, ?, ?, ?)\r\n### Cause: java.sql.SQLIntegrityConstraintViolationException: Duplicate entry \'7\' for key \'PRIMARY\'\n; Duplicate entry \'7\' for key \'PRIMARY\'; nested exception is java.sql.SQLIntegrityConstraintViolationException: Duplicate entry \'7\' for key \'PRIMARY\'', '2021-08-03 22:20:04');
INSERT INTO `sys_oper_log` VALUES (334, '客户', 2, 'com.xy.web.controller.system.TCustomerController.editSave()', 'POST', 1, 'admin', '超级管理员', '/system/t_customer/edit', '127.0.0.1', '内网IP', '{\"customerId\":[\"7\"],\"userId\":[\"2018030802391234\"],\"visitTime\":[\"2021-08-03 22:19:44\"],\"visitPhoto\":[\"\"],\"customerName\":[\"发送的\"],\"storesType\":[\"0\"],\"storesSize\":[\"\"],\"employeesNums\":[\"0\"],\"location\":[\"\"],\"addressDesc\":[\"\"],\"isSigned\":[\"0\"],\"founder\":[\"\"],\"follower\":[\"\"],\"keyPerson\":[\"\"],\"keyPersonTel\":[\"\"],\"customerSatisfaction\":[\"\"],\"customerLevel\":[\"0\"],\"credit\":[\"\"],\"progress\":[\"\"],\"reporter\":[\"\"],\"customerSource\":[\"\"],\"remark\":[\"\"],\"index\":[\"1\",\"2\"],\"tCustomerContactList[0].userId\":[\"1\"],\"tCustomerContactList[0].plan\":[\"1\"],\"tCustomerContactList[0].planTime\":[\"\"],\"tCustomerContactList[0].result\":[\"1\"],\"tCustomerContactList[0].solution\":[\"\"],\"tCustomerContactList[0].evaluation\":[\"\"],\"tCustomerContactList[0].createTime\":[\"\"],\"tCustomerContactList[0].createBy\":[\"\"],\"tCustomerContactList[0].evaluationBy\":[\"\"],\"tCustomerContactList[0].evaluationTime\":[\"\"],\"tCustomerContactList[0].updateBy\":[\"\"],\"tCustomerContactList[0].updateTime\":[\"\"],\"tCustomerContactList[0].remark\":[\"\"],\"tCustomerContactList[1].userId\":[\"2\"],\"tCustomerContactList[1].plan\":[\"2\"],\"tCustomerContactList[1].planTime\":[\"\"],\"tCustomerContactList[1].result\":[\"2\"],\"tCustomerContactList[1].solution\":[\"\"],\"tCustomerContactList[1].evaluation\":[\"\"],\"tCustomerContactList[1].createTime\":[\"\"],\"tCustomerContactList[1].createBy\":[\"\"],\"tCustomerContactList[1].evaluationBy\":[\"\"],\"tCustomerContactList[1].evaluationTime\":[\"\"],\"tCustomerContactList[1].updateBy\":[\"\"],\"tCustomerContactList[1].updateTime\":[\"\"],\"tCustomerContactList[1].remark\":[\"\"],\"btSelectAll\":[\"\"],\"btSelectItem\":[\"\"]}', NULL, 1, '\r\n### Error updating database.  Cause: java.sql.SQLIntegrityConstraintViolationException: Duplicate entry \'7\' for key \'PRIMARY\'\r\n### The error may exist in file [D:\\work\\星元\\客户关系管理系统\\crm\\crm-xy\\crm-system\\target\\classes\\mapper\\system\\TCustomerMapper.xml]\r\n### The error may involve defaultParameterMap\r\n### The error occurred while setting parameters\r\n### SQL: insert into t_customer_contact( contact_id, user_id, plan, plan_time, result, solution, del_flag, evaluation, create_time, create_by, evaluation_by, evaluation_time, update_by, update_time, remark) values                  ( ?, ?, ?, ?, ?, ?, ?, ?, ?, ?, ?, ?, ?, ?, ?)          ,              ( ?, ?, ?, ?, ?, ?, ?, ?, ?, ?, ?, ?, ?, ?, ?)\r\n### Cause: java.sql.SQLIntegrityConstraintViolationException: Duplicate entry \'7\' for key \'PRIMARY\'\n; Duplicate entry \'7\' for key \'PRIMARY\'; nested exception is java.sql.SQLIntegrityConstraintViolationException: Duplicate entry \'7\' for key \'PRIMARY\'', '2021-08-03 22:20:13');
INSERT INTO `sys_oper_log` VALUES (335, '客户', 2, 'com.xy.web.controller.system.TCustomerController.editSave()', 'POST', 1, 'admin', '超级管理员', '/system/t_customer/edit', '127.0.0.1', '内网IP', '{\"customerId\":[\"7\"],\"userId\":[\"2018030802391234\"],\"visitTime\":[\"2021-08-03 22:19:44\"],\"visitPhoto\":[\"\"],\"customerName\":[\"发送的\"],\"storesType\":[\"0\"],\"storesSize\":[\"\"],\"employeesNums\":[\"0\"],\"location\":[\"\"],\"addressDesc\":[\"\"],\"isSigned\":[\"0\"],\"founder\":[\"\"],\"follower\":[\"\"],\"keyPerson\":[\"\"],\"keyPersonTel\":[\"\"],\"customerSatisfaction\":[\"\"],\"customerLevel\":[\"0\"],\"credit\":[\"\"],\"progress\":[\"\"],\"reporter\":[\"\"],\"customerSource\":[\"\"],\"remark\":[\"\"],\"index\":[\"1\",\"2\"],\"tCustomerContactList[0].userId\":[\"1\"],\"tCustomerContactList[0].plan\":[\"1\"],\"tCustomerContactList[0].planTime\":[\"\"],\"tCustomerContactList[0].result\":[\"1\"],\"tCustomerContactList[0].solution\":[\"\"],\"tCustomerContactList[0].evaluation\":[\"\"],\"tCustomerContactList[0].createTime\":[\"\"],\"tCustomerContactList[0].createBy\":[\"\"],\"tCustomerContactList[0].evaluationBy\":[\"\"],\"tCustomerContactList[0].evaluationTime\":[\"\"],\"tCustomerContactList[0].updateBy\":[\"\"],\"tCustomerContactList[0].updateTime\":[\"\"],\"tCustomerContactList[0].remark\":[\"\"],\"tCustomerContactList[1].userId\":[\"23\"],\"tCustomerContactList[1].plan\":[\"23\"],\"tCustomerContactList[1].planTime\":[\"\"],\"tCustomerContactList[1].result\":[\"23\"],\"tCustomerContactList[1].solution\":[\"\"],\"tCustomerContactList[1].evaluation\":[\"\"],\"tCustomerContactList[1].createTime\":[\"\"],\"tCustomerContactList[1].createBy\":[\"\"],\"tCustomerContactList[1].evaluationBy\":[\"\"],\"tCustomerContactList[1].evaluationTime\":[\"\"],\"tCustomerContactList[1].updateBy\":[\"\"],\"tCustomerContactList[1].updateTime\":[\"\"],\"tCustomerContactList[1].remark\":[\"\"],\"btSelectAll\":[\"\"],\"btSelectItem\":[\"\"]}', NULL, 1, '\r\n### Error updating database.  Cause: java.sql.SQLIntegrityConstraintViolationException: Duplicate entry \'7\' for key \'PRIMARY\'\r\n### The error may exist in file [D:\\work\\星元\\客户关系管理系统\\crm\\crm-xy\\crm-system\\target\\classes\\mapper\\system\\TCustomerMapper.xml]\r\n### The error may involve defaultParameterMap\r\n### The error occurred while setting parameters\r\n### SQL: insert into t_customer_contact( contact_id, user_id, plan, plan_time, result, solution, del_flag, evaluation, create_time, create_by, evaluation_by, evaluation_time, update_by, update_time, remark) values                  ( ?, ?, ?, ?, ?, ?, ?, ?, ?, ?, ?, ?, ?, ?, ?)          ,              ( ?, ?, ?, ?, ?, ?, ?, ?, ?, ?, ?, ?, ?, ?, ?)\r\n### Cause: java.sql.SQLIntegrityConstraintViolationException: Duplicate entry \'7\' for key \'PRIMARY\'\n; Duplicate entry \'7\' for key \'PRIMARY\'; nested exception is java.sql.SQLIntegrityConstraintViolationException: Duplicate entry \'7\' for key \'PRIMARY\'', '2021-08-03 22:20:26');
INSERT INTO `sys_oper_log` VALUES (336, '客户', 2, 'com.xy.web.controller.system.TCustomerController.editSave()', 'POST', 1, 'admin', '超级管理员', '/system/t_customer/edit', '127.0.0.1', '内网IP', '{\"customerId\":[\"7\"],\"userId\":[\"2018030802391234\"],\"visitTime\":[\"2021-08-03 22:19:44\"],\"visitPhoto\":[\"\"],\"customerName\":[\"发送的\"],\"storesType\":[\"0\"],\"storesSize\":[\"\"],\"employeesNums\":[\"0\"],\"location\":[\"\"],\"addressDesc\":[\"\"],\"isSigned\":[\"0\"],\"founder\":[\"\"],\"follower\":[\"\"],\"keyPerson\":[\"\"],\"keyPersonTel\":[\"\"],\"customerSatisfaction\":[\"\"],\"customerLevel\":[\"0\"],\"credit\":[\"\"],\"progress\":[\"\"],\"reporter\":[\"\"],\"customerSource\":[\"\"],\"remark\":[\"\"],\"index\":[\"1\",\"2\"],\"tCustomerContactList[0].userId\":[\"1\"],\"tCustomerContactList[0].plan\":[\"1\"],\"tCustomerContactList[0].planTime\":[\"\"],\"tCustomerContactList[0].result\":[\"1\"],\"tCustomerContactList[0].solution\":[\"\"],\"tCustomerContactList[0].evaluation\":[\"\"],\"tCustomerContactList[0].createTime\":[\"\"],\"tCustomerContactList[0].createBy\":[\"\"],\"tCustomerContactList[0].evaluationBy\":[\"\"],\"tCustomerContactList[0].evaluationTime\":[\"\"],\"tCustomerContactList[0].updateBy\":[\"\"],\"tCustomerContactList[0].updateTime\":[\"\"],\"tCustomerContactList[0].remark\":[\"\"],\"tCustomerContactList[1].userId\":[\"134123\"],\"tCustomerContactList[1].plan\":[\"23\"],\"tCustomerContactList[1].planTime\":[\"\"],\"tCustomerContactList[1].result\":[\"23\"],\"tCustomerContactList[1].solution\":[\"\"],\"tCustomerContactList[1].evaluation\":[\"\"],\"tCustomerContactList[1].createTime\":[\"\"],\"tCustomerContactList[1].createBy\":[\"\"],\"tCustomerContactList[1].evaluationBy\":[\"\"],\"tCustomerContactList[1].evaluationTime\":[\"\"],\"tCustomerContactList[1].updateBy\":[\"\"],\"tCustomerContactList[1].updateTime\":[\"\"],\"tCustomerContactList[1].remark\":[\"\"],\"btSelectAll\":[\"\"],\"btSelectItem\":[\"\"]}', NULL, 1, '\r\n### Error updating database.  Cause: java.sql.SQLIntegrityConstraintViolationException: Duplicate entry \'7\' for key \'PRIMARY\'\r\n### The error may exist in file [D:\\work\\星元\\客户关系管理系统\\crm\\crm-xy\\crm-system\\target\\classes\\mapper\\system\\TCustomerMapper.xml]\r\n### The error may involve defaultParameterMap\r\n### The error occurred while setting parameters\r\n### SQL: insert into t_customer_contact( contact_id, user_id, plan, plan_time, result, solution, del_flag, evaluation, create_time, create_by, evaluation_by, evaluation_time, update_by, update_time, remark) values                  ( ?, ?, ?, ?, ?, ?, ?, ?, ?, ?, ?, ?, ?, ?, ?)          ,              ( ?, ?, ?, ?, ?, ?, ?, ?, ?, ?, ?, ?, ?, ?, ?)\r\n### Cause: java.sql.SQLIntegrityConstraintViolationException: Duplicate entry \'7\' for key \'PRIMARY\'\n; Duplicate entry \'7\' for key \'PRIMARY\'; nested exception is java.sql.SQLIntegrityConstraintViolationException: Duplicate entry \'7\' for key \'PRIMARY\'', '2021-08-03 22:20:34');
INSERT INTO `sys_oper_log` VALUES (337, '客户', 2, 'com.xy.web.controller.system.TCustomerController.editSave()', 'POST', 1, 'admin', '超级管理员', '/system/t_customer/edit', '127.0.0.1', '内网IP', '{\"customerId\":[\"7\"],\"userId\":[\"2018030802391234\"],\"visitTime\":[\"2021-08-03 22:19:44\"],\"visitPhoto\":[\"\"],\"customerName\":[\"发送的\"],\"storesType\":[\"0\"],\"storesSize\":[\"\"],\"employeesNums\":[\"0\"],\"location\":[\"\"],\"addressDesc\":[\"\"],\"isSigned\":[\"0\"],\"founder\":[\"\"],\"follower\":[\"\"],\"keyPerson\":[\"\"],\"keyPersonTel\":[\"\"],\"customerSatisfaction\":[\"\"],\"customerLevel\":[\"0\"],\"credit\":[\"\"],\"progress\":[\"\"],\"reporter\":[\"\"],\"customerSource\":[\"\"],\"remark\":[\"\"],\"index\":[\"1\",\"2\"],\"tCustomerContactList[0].userId\":[\"1\"],\"tCustomerContactList[0].plan\":[\"1\"],\"tCustomerContactList[0].planTime\":[\"\"],\"tCustomerContactList[0].result\":[\"1\"],\"tCustomerContactList[0].solution\":[\"\"],\"tCustomerContactList[0].evaluation\":[\"\"],\"tCustomerContactList[0].createTime\":[\"\"],\"tCustomerContactList[0].createBy\":[\"\"],\"tCustomerContactList[0].evaluationBy\":[\"\"],\"tCustomerContactList[0].evaluationTime\":[\"\"],\"tCustomerContactList[0].updateBy\":[\"\"],\"tCustomerContactList[0].updateTime\":[\"\"],\"tCustomerContactList[0].remark\":[\"\"],\"tCustomerContactList[1].userId\":[\"134\"],\"tCustomerContactList[1].plan\":[\"3414\"],\"tCustomerContactList[1].planTime\":[\"\"],\"tCustomerContactList[1].result\":[\"\"],\"tCustomerContactList[1].solution\":[\"\"],\"tCustomerContactList[1].evaluation\":[\"\"],\"tCustomerContactList[1].createTime\":[\"\"],\"tCustomerContactList[1].createBy\":[\"\"],\"tCustomerContactList[1].evaluationBy\":[\"\"],\"tCustomerContactList[1].evaluationTime\":[\"\"],\"tCustomerContactList[1].updateBy\":[\"\"],\"tCustomerContactList[1].updateTime\":[\"\"],\"tCustomerContactList[1].remark\":[\"\"],\"btSelectAll\":[\"\"],\"btSelectItem\":[\"\"]}', NULL, 1, '\r\n### Error updating database.  Cause: java.sql.SQLIntegrityConstraintViolationException: Duplicate entry \'7\' for key \'PRIMARY\'\r\n### The error may exist in file [D:\\work\\星元\\客户关系管理系统\\crm\\crm-xy\\crm-system\\target\\classes\\mapper\\system\\TCustomerMapper.xml]\r\n### The error may involve defaultParameterMap\r\n### The error occurred while setting parameters\r\n### SQL: insert into t_customer_contact( contact_id, user_id, plan, plan_time, result, solution, del_flag, evaluation, create_time, create_by, evaluation_by, evaluation_time, update_by, update_time, remark) values                  ( ?, ?, ?, ?, ?, ?, ?, ?, ?, ?, ?, ?, ?, ?, ?)          ,              ( ?, ?, ?, ?, ?, ?, ?, ?, ?, ?, ?, ?, ?, ?, ?)\r\n### Cause: java.sql.SQLIntegrityConstraintViolationException: Duplicate entry \'7\' for key \'PRIMARY\'\n; Duplicate entry \'7\' for key \'PRIMARY\'; nested exception is java.sql.SQLIntegrityConstraintViolationException: Duplicate entry \'7\' for key \'PRIMARY\'', '2021-08-03 22:21:48');
INSERT INTO `sys_oper_log` VALUES (338, '客户', 2, 'com.xy.web.controller.system.TCustomerController.editSave()', 'POST', 1, 'admin', '超级管理员', '/system/t_customer/edit', '127.0.0.1', '内网IP', '{\"customerId\":[\"7\"],\"userId\":[\"2018030802391234\"],\"visitTime\":[\"2021-08-03 22:19:44\"],\"visitPhoto\":[\"\"],\"customerName\":[\"发送的\"],\"storesType\":[\"0\"],\"storesSize\":[\"\"],\"employeesNums\":[\"0\"],\"location\":[\"\"],\"addressDesc\":[\"\"],\"isSigned\":[\"0\"],\"founder\":[\"\"],\"follower\":[\"\"],\"keyPerson\":[\"\"],\"keyPersonTel\":[\"\"],\"customerSatisfaction\":[\"\"],\"customerLevel\":[\"0\"],\"credit\":[\"\"],\"progress\":[\"\"],\"reporter\":[\"\"],\"customerSource\":[\"\"],\"remark\":[\"\"],\"index\":[\"1\",\"2\"],\"tCustomerContactList[0].userId\":[\"1\"],\"tCustomerContactList[0].plan\":[\"1\"],\"tCustomerContactList[0].planTime\":[\"\"],\"tCustomerContactList[0].result\":[\"1\"],\"tCustomerContactList[0].solution\":[\"\"],\"tCustomerContactList[0].evaluation\":[\"\"],\"tCustomerContactList[0].createTime\":[\"\"],\"tCustomerContactList[0].createBy\":[\"\"],\"tCustomerContactList[0].evaluationBy\":[\"\"],\"tCustomerContactList[0].evaluationTime\":[\"\"],\"tCustomerContactList[0].updateBy\":[\"\"],\"tCustomerContactList[0].updateTime\":[\"\"],\"tCustomerContactList[0].remark\":[\"\"],\"tCustomerContactList[1].userId\":[\"2\"],\"tCustomerContactList[1].plan\":[\"2\"],\"tCustomerContactList[1].planTime\":[\"\"],\"tCustomerContactList[1].result\":[\"2\"],\"tCustomerContactList[1].solution\":[\"\"],\"tCustomerContactList[1].evaluation\":[\"\"],\"tCustomerContactList[1].createTime\":[\"\"],\"tCustomerContactList[1].createBy\":[\"\"],\"tCustomerContactList[1].evaluationBy\":[\"\"],\"tCustomerContactList[1].evaluationTime\":[\"\"],\"tCustomerContactList[1].updateBy\":[\"\"],\"tCustomerContactList[1].updateTime\":[\"\"],\"tCustomerContactList[1].remark\":[\"\"],\"btSelectAll\":[\"\"],\"btSelectItem\":[\"\"]}', '{\r\n  \"msg\" : \"操作成功\",\r\n  \"code\" : 0\r\n}', 0, NULL, '2021-08-03 22:23:38');
INSERT INTO `sys_oper_log` VALUES (339, '客户', 3, 'com.xy.web.controller.system.TCustomerController.remove()', 'POST', 1, 'admin', '超级管理员', '/system/t_customer/remove', '127.0.0.1', '内网IP', '{\"ids\":[\"7\"]}', '{\r\n  \"msg\" : \"操作成功\",\r\n  \"code\" : 0\r\n}', 0, NULL, '2021-08-03 22:26:57');
INSERT INTO `sys_oper_log` VALUES (340, '角色管理', 2, 'com.xy.web.controller.system.SysRoleController.editSave()', 'POST', 1, 'admin', '超级管理员', '/system/role/edit', '127.0.0.1', '内网IP', '{\"roleId\":[\"2\"],\"roleName\":[\"总经办\"],\"roleKey\":[\"CEO\"],\"roleSort\":[\"2\"],\"status\":[\"0\"],\"remark\":[\"\"],\"menuIds\":[\"4,100,1000,1001,1002,1003,1004,1005,1006,101,1007,1008,1009,1010,1011,103,1016,1017,1018,1019,104,1020,1021,1022,1023,1024,1080,1074,1075,1076,1077,1078,1079\"]}', '{\r\n  \"msg\" : \"操作成功\",\r\n  \"code\" : 0\r\n}', 0, NULL, '2021-08-03 22:41:23');
INSERT INTO `sys_oper_log` VALUES (341, '部门管理', 3, 'com.xy.web.controller.system.SysDeptController.remove()', 'GET', 1, 'lijiyang', '总经办', '/system/dept/remove/200', '127.0.0.1', '内网IP', '200', '{\r\n  \"msg\" : \"操作成功\",\r\n  \"code\" : 0\r\n}', 0, NULL, '2021-08-03 22:46:03');
INSERT INTO `sys_oper_log` VALUES (342, '客户', 2, 'com.xy.web.controller.system.TCustomerController.editSave()', 'POST', 1, 'lijiyang', '总经办', '/system/t_customer/edit', '127.0.0.1', '内网IP', '{\"customerId\":[\"2\"],\"userId\":[\"\"],\"visitTime\":[\"2021-08-03 13:55:00\"],\"visitPhoto\":[\"http://127.0.0.1:8081/profile/upload/2021/08/02/42c8385f-8a7c-4a88-9743-b93e8884e23e.jpg\"],\"customerName\":[\"手动阀\"],\"storesType\":[\"0\"],\"storesSize\":[\"\"],\"employeesNums\":[\"0\"],\"location\":[\"\"],\"addressDesc\":[\"\"],\"isSigned\":[\"0\"],\"founder\":[\"\"],\"follower\":[\"\"],\"keyPerson\":[\"\"],\"keyPersonTel\":[\"\"],\"customerSatisfaction\":[\"\"],\"customerLevel\":[\"0\"],\"credit\":[\"\"],\"progress\":[\"\"],\"reporter\":[\"\"],\"customerSource\":[\"\"],\"remark\":[\"\"],\"index\":[\"1\"],\"tCustomerContactList[0].userId\":[\"11\"],\"tCustomerContactList[0].plan\":[\"11\"],\"tCustomerContactList[0].planTime\":[\"13\"],\"tCustomerContactList[0].result\":[\"\"],\"tCustomerContactList[0].solution\":[\"\"],\"tCustomerContactList[0].evaluation\":[\"\"],\"tCustomerContactList[0].createTime\":[\"\"],\"tCustomerContactList[0].createBy\":[\"\"],\"tCustomerContactList[0].evaluationBy\":[\"\"],\"tCustomerContactList[0].evaluationTime\":[\"\"],\"tCustomerContactList[0].updateBy\":[\"\"],\"tCustomerContactList[0].updateTime\":[\"\"],\"tCustomerContactList[0].remark\":[\"\"],\"btSelectAll\":[\"\"],\"btSelectItem\":[\"\"]}', '{\r\n  \"msg\" : \"操作成功\",\r\n  \"code\" : 0\r\n}', 0, NULL, '2021-08-03 22:54:07');
INSERT INTO `sys_oper_log` VALUES (343, '客户', 2, 'com.xy.web.controller.system.TCustomerController.editSave()', 'POST', 1, 'admin', '超级管理员', '/system/t_customer/edit', '127.0.0.1', '内网IP', '{\"customerId\":[\"2\"],\"userId\":[\"\"],\"visitTime\":[\"2021-08-03 13:55:00\"],\"visitPhoto\":[\"http://127.0.0.1:8081/profile/upload/2021/08/02/42c8385f-8a7c-4a88-9743-b93e8884e23e.jpg\"],\"customerName\":[\"手动阀\"],\"storesType\":[\"0\"],\"storesSize\":[\"\"],\"employeesNums\":[\"0\"],\"location\":[\"\"],\"addressDesc\":[\"\"],\"isSigned\":[\"0\"],\"founder\":[\"\"],\"follower\":[\"\"],\"keyPerson\":[\"\"],\"keyPersonTel\":[\"\"],\"customerSatisfaction\":[\"\"],\"customerLevel\":[\"0\"],\"credit\":[\"\"],\"progress\":[\"\"],\"reporter\":[\"\"],\"customerSource\":[\"\"],\"remark\":[\"\"],\"index\":[\"1\",\"2\"],\"tCustomerContactList[0].userId\":[\"11\"],\"tCustomerContactList[0].plan\":[\"11\"],\"tCustomerContactList[0].planTime\":[\"\"],\"tCustomerContactList[0].result\":[\"\"],\"tCustomerContactList[0].solution\":[\"\"],\"tCustomerContactList[0].evaluation\":[\"\"],\"tCustomerContactList[0].createTime\":[\"\"],\"tCustomerContactList[0].createBy\":[\"\"],\"tCustomerContactList[0].evaluationBy\":[\"\"],\"tCustomerContactList[0].evaluationTime\":[\"\"],\"tCustomerContactList[0].updateBy\":[\"\"],\"tCustomerContactList[0].updateTime\":[\"\"],\"tCustomerContactList[0].remark\":[\"\"],\"tCustomerContactList[1].userId\":[\"22\"],\"tCustomerContactList[1].plan\":[\"22\"],\"tCustomerContactList[1].planTime\":[\"\"],\"tCustomerContactList[1].result\":[\"\"],\"tCustomerContactList[1].solution\":[\"\"],\"tCustomerContactList[1].evaluation\":[\"\"],\"tCustomerContactList[1].createTime\":[\"\"],\"tCustomerContactList[1].createBy\":[\"\"],\"tCustomerContactList[1].evaluationBy\":[\"\"],\"tCustomerContactList[1].evaluationTime\":[\"\"],\"tCustomerContactList[1].updateBy\":[\"\"],\"tCustomerContactList[1].updateTime\":[\"\"],\"tCustomerContactList[1].remark\":[\"\"],\"btSelectAll\":[\"\"],\"btSelectItem\":[\"\"]}', '{\r\n  \"msg\" : \"操作成功\",\r\n  \"code\" : 0\r\n}', 0, NULL, '2021-08-03 23:09:26');
INSERT INTO `sys_oper_log` VALUES (344, '客户', 2, 'com.xy.web.controller.system.TCustomerController.editSave()', 'POST', 1, 'admin', '超级管理员', '/system/t_customer/edit', '127.0.0.1', '内网IP', '{\"customerId\":[\"3\"],\"userId\":[\"\"],\"visitTime\":[\"2021-08-17 00:00:00\"],\"visitPhoto\":[\"http://127.0.0.1:8081/profile/upload/2021/08/03/c314e4ba-34a6-4308-b458-885c21633798.png\"],\"customerName\":[\"不知火舞\"],\"storesType\":[\"0\"],\"storesSize\":[\"\"],\"employeesNums\":[\"0\"],\"location\":[\"\"],\"addressDesc\":[\"\"],\"isSigned\":[\"0\"],\"founder\":[\"\"],\"follower\":[\"\"],\"keyPerson\":[\"\"],\"keyPersonTel\":[\"\"],\"customerSatisfaction\":[\"\"],\"customerLevel\":[\"0\"],\"credit\":[\"\"],\"progress\":[\"\"],\"reporter\":[\"\"],\"customerSource\":[\"\"],\"remark\":[\"\"],\"index\":[\"1\"],\"tCustomerContactList[0].userId\":[\"2\"],\"tCustomerContactList[0].plan\":[\"2\"],\"tCustomerContactList[0].planTime\":[\"\"],\"tCustomerContactList[0].result\":[\"2\"],\"tCustomerContactList[0].solution\":[\"2\"],\"tCustomerContactList[0].evaluation\":[\"2\"],\"tCustomerContactList[0].createTime\":[\"\"],\"tCustomerContactList[0].createBy\":[\"\"],\"tCustomerContactList[0].evaluationBy\":[\"\"],\"tCustomerContactList[0].evaluationTime\":[\"\"],\"tCustomerContactList[0].updateBy\":[\"\"],\"tCustomerContactList[0].updateTime\":[\"\"],\"tCustomerContactList[0].remark\":[\"\"],\"btSelectAll\":[\"\"],\"btSelectItem\":[\"\"]}', '{\r\n  \"msg\" : \"操作成功\",\r\n  \"code\" : 0\r\n}', 0, NULL, '2021-08-03 23:09:58');
INSERT INTO `sys_oper_log` VALUES (345, '客户', 2, 'com.xy.web.controller.system.TCustomerController.editSave()', 'POST', 1, 'admin', '超级管理员', '/system/t_customer/edit', '127.0.0.1', '内网IP', '{\"customerId\":[\"2\"],\"userId\":[\"\"],\"visitTime\":[\"2021-08-03 13:55:00\"],\"visitPhoto\":[\"http://127.0.0.1:8081/profile/upload/2021/08/02/42c8385f-8a7c-4a88-9743-b93e8884e23e.jpg\"],\"customerName\":[\"手动阀\"],\"storesType\":[\"0\"],\"storesSize\":[\"\"],\"employeesNums\":[\"0\"],\"location\":[\"\"],\"addressDesc\":[\"\"],\"isSigned\":[\"0\"],\"founder\":[\"\"],\"follower\":[\"\"],\"keyPerson\":[\"\"],\"keyPersonTel\":[\"\"],\"customerSatisfaction\":[\"\"],\"customerLevel\":[\"0\"],\"credit\":[\"\"],\"progress\":[\"\"],\"reporter\":[\"\"],\"customerSource\":[\"\"],\"remark\":[\"\"],\"index\":[\"1\",\"2\",\"3\"],\"tCustomerContactList[0].userId\":[\"11\"],\"tCustomerContactList[0].plan\":[\"11\"],\"tCustomerContactList[0].planTime\":[\"\"],\"tCustomerContactList[0].result\":[\"\"],\"tCustomerContactList[0].solution\":[\"\"],\"tCustomerContactList[0].evaluation\":[\"\"],\"tCustomerContactList[0].createTime\":[\"\"],\"tCustomerContactList[0].createBy\":[\"\"],\"tCustomerContactList[0].evaluationBy\":[\"\"],\"tCustomerContactList[0].evaluationTime\":[\"\"],\"tCustomerContactList[0].updateBy\":[\"\"],\"tCustomerContactList[0].updateTime\":[\"\"],\"tCustomerContactList[0].remark\":[\"\"],\"tCustomerContactList[1].userId\":[\"22\"],\"tCustomerContactList[1].plan\":[\"22\"],\"tCustomerContactList[1].planTime\":[\"\"],\"tCustomerContactList[1].result\":[\"\"],\"tCustomerContactList[1].solution\":[\"\"],\"tCustomerContactList[1].evaluation\":[\"\"],\"tCustomerContactList[1].createTime\":[\"\"],\"tCustomerContactList[1].createBy\":[\"\"],\"tCustomerContactList[1].evaluationBy\":[\"\"],\"tCustomerContactList[1].evaluationTime\":[\"\"],\"tCustomerContactList[1].updateBy\":[\"\"],\"tCustomerContactList[1].updateTime\":[\"\"],\"tCustomerContactList[1].remark\":[\"\"],\"tCustomerContactList[2].userId\":[\"33\"],\"tCustomerContactList[2].plan\":[\"33\"],\"tCustomerContactList[2].planTime\":[\"\"],\"tCustomerContactList[2].result\":[\"\"],\"tCustomerContactList[2].solution\":[\"\"],\"tCustomerContactList[2].evaluation\":[\"\"],\"tCustomerContactList[2].createTime\":[\"\"],\"tCustomerContactList[2].createBy\":[\"\"],\"tCustomerContactList[2].evaluationBy\":[\"\"],\"tCustomerContactList[2].evaluationTime\":[\"\"', '{\r\n  \"msg\" : \"操作成功\",\r\n  \"code\" : 0\r\n}', 0, NULL, '2021-08-03 23:10:27');

-- ----------------------------
-- Table structure for sys_post
-- ----------------------------
DROP TABLE IF EXISTS `sys_post`;
CREATE TABLE `sys_post`  (
  `post_id` bigint(20) NOT NULL AUTO_INCREMENT COMMENT '岗位ID',
  `post_code` varchar(64) CHARACTER SET utf8mb4 COLLATE utf8mb4_general_ci NOT NULL COMMENT '岗位编码',
  `post_name` varchar(50) CHARACTER SET utf8mb4 COLLATE utf8mb4_general_ci NOT NULL COMMENT '岗位名称',
  `post_sort` int(4) NOT NULL COMMENT '显示顺序',
  `status` char(1) CHARACTER SET utf8mb4 COLLATE utf8mb4_general_ci NOT NULL COMMENT '状态（0正常 1停用）',
  `create_by` varchar(64) CHARACTER SET utf8mb4 COLLATE utf8mb4_general_ci NULL DEFAULT '' COMMENT '创建者',
  `create_time` datetime(0) NULL DEFAULT NULL COMMENT '创建时间',
  `update_by` varchar(64) CHARACTER SET utf8mb4 COLLATE utf8mb4_general_ci NULL DEFAULT '' COMMENT '更新者',
  `update_time` datetime(0) NULL DEFAULT NULL COMMENT '更新时间',
  `remark` varchar(500) CHARACTER SET utf8mb4 COLLATE utf8mb4_general_ci NULL DEFAULT NULL COMMENT '备注',
  PRIMARY KEY (`post_id`) USING BTREE
) ENGINE = InnoDB AUTO_INCREMENT = 5 CHARACTER SET = utf8mb4 COLLATE = utf8mb4_general_ci COMMENT = '岗位信息表' ROW_FORMAT = Dynamic;

-- ----------------------------
-- Records of sys_post
-- ----------------------------
INSERT INTO `sys_post` VALUES (1, 'ceo', '董事长', 1, '0', 'admin', '2021-07-28 20:55:32', '', NULL, '');
INSERT INTO `sys_post` VALUES (2, 'se', '项目经理', 2, '0', 'admin', '2021-07-28 20:55:32', '', NULL, '');
INSERT INTO `sys_post` VALUES (3, 'hr', '人力资源/人事', 3, '0', 'admin', '2021-07-28 20:55:32', 'lijiyang', '2021-07-31 17:57:42', '');
INSERT INTO `sys_post` VALUES (4, 'user', '普通员工/商拓', 4, '0', 'admin', '2021-07-28 20:55:32', 'lijiyang', '2021-07-31 17:57:32', '');

-- ----------------------------
-- Table structure for sys_role
-- ----------------------------
DROP TABLE IF EXISTS `sys_role`;
CREATE TABLE `sys_role`  (
  `role_id` bigint(20) NOT NULL AUTO_INCREMENT COMMENT '角色ID',
  `role_name` varchar(30) CHARACTER SET utf8mb4 COLLATE utf8mb4_general_ci NOT NULL COMMENT '角色名称',
  `role_key` varchar(100) CHARACTER SET utf8mb4 COLLATE utf8mb4_general_ci NOT NULL COMMENT '角色权限字符串',
  `role_sort` int(4) NOT NULL COMMENT '显示顺序',
  `data_scope` char(1) CHARACTER SET utf8mb4 COLLATE utf8mb4_general_ci NULL DEFAULT '1' COMMENT '数据范围（1：全部数据权限 2：自定数据权限 3：本部门数据权限 4：本部门及以下数据权限）',
  `status` char(1) CHARACTER SET utf8mb4 COLLATE utf8mb4_general_ci NOT NULL COMMENT '角色状态（0正常 1停用）',
  `del_flag` char(1) CHARACTER SET utf8mb4 COLLATE utf8mb4_general_ci NULL DEFAULT '0' COMMENT '删除标志（0代表存在 2代表删除）',
  `create_by` varchar(64) CHARACTER SET utf8mb4 COLLATE utf8mb4_general_ci NULL DEFAULT '' COMMENT '创建者',
  `create_time` datetime(0) NULL DEFAULT NULL COMMENT '创建时间',
  `update_by` varchar(64) CHARACTER SET utf8mb4 COLLATE utf8mb4_general_ci NULL DEFAULT '' COMMENT '更新者',
  `update_time` datetime(0) NULL DEFAULT NULL COMMENT '更新时间',
  `remark` varchar(500) CHARACTER SET utf8mb4 COLLATE utf8mb4_general_ci NULL DEFAULT NULL COMMENT '备注',
  PRIMARY KEY (`role_id`) USING BTREE
) ENGINE = InnoDB AUTO_INCREMENT = 7 CHARACTER SET = utf8mb4 COLLATE = utf8mb4_general_ci COMMENT = '角色信息表' ROW_FORMAT = Dynamic;

-- ----------------------------
-- Records of sys_role
-- ----------------------------
INSERT INTO `sys_role` VALUES (1, '超级管理员', 'admin', 1, '1', '0', '0', 'admin', '2021-07-28 20:55:32', '', NULL, '超级管理员');
INSERT INTO `sys_role` VALUES (2, '总经办', 'CEO', 2, '2', '0', '0', 'admin', '2021-07-31 15:36:50', 'admin', '2021-08-03 22:41:23', '');
INSERT INTO `sys_role` VALUES (3, '经理', 'PM', 3, '3', '0', '0', 'admin', '2021-07-31 15:38:42', 'admin', '2021-08-03 17:43:17', '');
INSERT INTO `sys_role` VALUES (4, '商拓', 'BP', 4, '2', '0', '0', 'admin', '2021-07-28 20:55:32', 'admin', '2021-08-03 17:43:21', '普通角色');
INSERT INTO `sys_role` VALUES (5, '普通员工', 'common', 4, '1', '0', '2', 'lijiyang', '2021-07-31 16:03:58', '', NULL, NULL);
INSERT INTO `sys_role` VALUES (6, '超级管理', 'administrator', 5, '1', '0', '2', 'admin', '2021-07-31 17:52:59', '', NULL, NULL);

-- ----------------------------
-- Table structure for sys_role_dept
-- ----------------------------
DROP TABLE IF EXISTS `sys_role_dept`;
CREATE TABLE `sys_role_dept`  (
  `role_id` bigint(20) NOT NULL COMMENT '角色ID',
  `dept_id` bigint(20) NOT NULL COMMENT '部门ID',
  PRIMARY KEY (`role_id`, `dept_id`) USING BTREE
) ENGINE = InnoDB CHARACTER SET = utf8mb4 COLLATE = utf8mb4_general_ci COMMENT = '角色和部门关联表' ROW_FORMAT = Dynamic;

-- ----------------------------
-- Records of sys_role_dept
-- ----------------------------
INSERT INTO `sys_role_dept` VALUES (2, 101);
INSERT INTO `sys_role_dept` VALUES (2, 103);
INSERT INTO `sys_role_dept` VALUES (2, 104);
INSERT INTO `sys_role_dept` VALUES (2, 105);
INSERT INTO `sys_role_dept` VALUES (2, 200);
INSERT INTO `sys_role_dept` VALUES (3, 100);
INSERT INTO `sys_role_dept` VALUES (3, 101);
INSERT INTO `sys_role_dept` VALUES (3, 102);
INSERT INTO `sys_role_dept` VALUES (3, 103);
INSERT INTO `sys_role_dept` VALUES (3, 104);
INSERT INTO `sys_role_dept` VALUES (3, 105);
INSERT INTO `sys_role_dept` VALUES (3, 108);
INSERT INTO `sys_role_dept` VALUES (3, 109);
INSERT INTO `sys_role_dept` VALUES (3, 200);

-- ----------------------------
-- Table structure for sys_role_menu
-- ----------------------------
DROP TABLE IF EXISTS `sys_role_menu`;
CREATE TABLE `sys_role_menu`  (
  `role_id` bigint(20) NOT NULL COMMENT '角色ID',
  `menu_id` bigint(20) NOT NULL COMMENT '菜单ID',
  PRIMARY KEY (`role_id`, `menu_id`) USING BTREE
) ENGINE = InnoDB CHARACTER SET = utf8mb4 COLLATE = utf8mb4_general_ci COMMENT = '角色和菜单关联表' ROW_FORMAT = Dynamic;

-- ----------------------------
-- Records of sys_role_menu
-- ----------------------------
INSERT INTO `sys_role_menu` VALUES (2, 4);
INSERT INTO `sys_role_menu` VALUES (2, 100);
INSERT INTO `sys_role_menu` VALUES (2, 101);
INSERT INTO `sys_role_menu` VALUES (2, 103);
INSERT INTO `sys_role_menu` VALUES (2, 104);
INSERT INTO `sys_role_menu` VALUES (2, 1000);
INSERT INTO `sys_role_menu` VALUES (2, 1001);
INSERT INTO `sys_role_menu` VALUES (2, 1002);
INSERT INTO `sys_role_menu` VALUES (2, 1003);
INSERT INTO `sys_role_menu` VALUES (2, 1004);
INSERT INTO `sys_role_menu` VALUES (2, 1005);
INSERT INTO `sys_role_menu` VALUES (2, 1006);
INSERT INTO `sys_role_menu` VALUES (2, 1007);
INSERT INTO `sys_role_menu` VALUES (2, 1008);
INSERT INTO `sys_role_menu` VALUES (2, 1009);
INSERT INTO `sys_role_menu` VALUES (2, 1010);
INSERT INTO `sys_role_menu` VALUES (2, 1011);
INSERT INTO `sys_role_menu` VALUES (2, 1016);
INSERT INTO `sys_role_menu` VALUES (2, 1017);
INSERT INTO `sys_role_menu` VALUES (2, 1018);
INSERT INTO `sys_role_menu` VALUES (2, 1019);
INSERT INTO `sys_role_menu` VALUES (2, 1020);
INSERT INTO `sys_role_menu` VALUES (2, 1021);
INSERT INTO `sys_role_menu` VALUES (2, 1022);
INSERT INTO `sys_role_menu` VALUES (2, 1023);
INSERT INTO `sys_role_menu` VALUES (2, 1024);
INSERT INTO `sys_role_menu` VALUES (2, 1074);
INSERT INTO `sys_role_menu` VALUES (2, 1075);
INSERT INTO `sys_role_menu` VALUES (2, 1076);
INSERT INTO `sys_role_menu` VALUES (2, 1077);
INSERT INTO `sys_role_menu` VALUES (2, 1078);
INSERT INTO `sys_role_menu` VALUES (2, 1079);
INSERT INTO `sys_role_menu` VALUES (2, 1080);
INSERT INTO `sys_role_menu` VALUES (3, 4);
INSERT INTO `sys_role_menu` VALUES (3, 100);
INSERT INTO `sys_role_menu` VALUES (3, 101);
INSERT INTO `sys_role_menu` VALUES (3, 103);
INSERT INTO `sys_role_menu` VALUES (3, 104);
INSERT INTO `sys_role_menu` VALUES (3, 1000);
INSERT INTO `sys_role_menu` VALUES (3, 1001);
INSERT INTO `sys_role_menu` VALUES (3, 1002);
INSERT INTO `sys_role_menu` VALUES (3, 1003);
INSERT INTO `sys_role_menu` VALUES (3, 1004);
INSERT INTO `sys_role_menu` VALUES (3, 1005);
INSERT INTO `sys_role_menu` VALUES (3, 1006);
INSERT INTO `sys_role_menu` VALUES (3, 1007);
INSERT INTO `sys_role_menu` VALUES (3, 1008);
INSERT INTO `sys_role_menu` VALUES (3, 1009);
INSERT INTO `sys_role_menu` VALUES (3, 1010);
INSERT INTO `sys_role_menu` VALUES (3, 1011);
INSERT INTO `sys_role_menu` VALUES (3, 1016);
INSERT INTO `sys_role_menu` VALUES (3, 1017);
INSERT INTO `sys_role_menu` VALUES (3, 1018);
INSERT INTO `sys_role_menu` VALUES (3, 1019);
INSERT INTO `sys_role_menu` VALUES (3, 1020);
INSERT INTO `sys_role_menu` VALUES (3, 1074);
INSERT INTO `sys_role_menu` VALUES (3, 1075);
INSERT INTO `sys_role_menu` VALUES (3, 1076);
INSERT INTO `sys_role_menu` VALUES (3, 1077);
INSERT INTO `sys_role_menu` VALUES (3, 1078);
INSERT INTO `sys_role_menu` VALUES (3, 1079);
INSERT INTO `sys_role_menu` VALUES (3, 1080);
INSERT INTO `sys_role_menu` VALUES (4, 4);
INSERT INTO `sys_role_menu` VALUES (4, 100);
INSERT INTO `sys_role_menu` VALUES (4, 1000);
INSERT INTO `sys_role_menu` VALUES (4, 1074);
INSERT INTO `sys_role_menu` VALUES (4, 1075);
INSERT INTO `sys_role_menu` VALUES (4, 1076);
INSERT INTO `sys_role_menu` VALUES (4, 1077);
INSERT INTO `sys_role_menu` VALUES (4, 1078);
INSERT INTO `sys_role_menu` VALUES (4, 1079);
INSERT INTO `sys_role_menu` VALUES (4, 1080);

-- ----------------------------
-- Table structure for sys_user
-- ----------------------------
DROP TABLE IF EXISTS `sys_user`;
CREATE TABLE `sys_user`  (
  `user_id` bigint(20) NOT NULL AUTO_INCREMENT COMMENT '用户ID',
  `dept_id` bigint(20) NULL DEFAULT NULL COMMENT '部门ID',
  `login_name` varchar(30) CHARACTER SET utf8mb4 COLLATE utf8mb4_general_ci NOT NULL COMMENT '登录账号',
  `user_name` varchar(30) CHARACTER SET utf8mb4 COLLATE utf8mb4_general_ci NULL DEFAULT '' COMMENT '用户昵称',
  `user_type` varchar(2) CHARACTER SET utf8mb4 COLLATE utf8mb4_general_ci NULL DEFAULT '00' COMMENT '用户类型（00系统用户 01注册用户）',
  `email` varchar(50) CHARACTER SET utf8mb4 COLLATE utf8mb4_general_ci NULL DEFAULT '' COMMENT '用户邮箱',
  `phonenumber` varchar(11) CHARACTER SET utf8mb4 COLLATE utf8mb4_general_ci NULL DEFAULT '' COMMENT '手机号码',
  `sex` char(1) CHARACTER SET utf8mb4 COLLATE utf8mb4_general_ci NULL DEFAULT '0' COMMENT '用户性别（0男 1女 2未知）',
  `avatar` varchar(100) CHARACTER SET utf8mb4 COLLATE utf8mb4_general_ci NULL DEFAULT '' COMMENT '头像路径',
  `password` varchar(50) CHARACTER SET utf8mb4 COLLATE utf8mb4_general_ci NULL DEFAULT '' COMMENT '密码',
  `salt` varchar(20) CHARACTER SET utf8mb4 COLLATE utf8mb4_general_ci NULL DEFAULT '' COMMENT '盐加密',
  `status` char(1) CHARACTER SET utf8mb4 COLLATE utf8mb4_general_ci NULL DEFAULT '0' COMMENT '帐号状态（0正常 1停用）',
  `del_flag` char(1) CHARACTER SET utf8mb4 COLLATE utf8mb4_general_ci NULL DEFAULT '0' COMMENT '删除标志（0代表存在 2代表删除）',
  `login_ip` varchar(128) CHARACTER SET utf8mb4 COLLATE utf8mb4_general_ci NULL DEFAULT '' COMMENT '最后登录IP',
  `login_date` datetime(0) NULL DEFAULT NULL COMMENT '最后登录时间',
  `pwd_update_date` datetime(0) NULL DEFAULT NULL COMMENT '密码最后更新时间',
  `create_by` varchar(64) CHARACTER SET utf8mb4 COLLATE utf8mb4_general_ci NULL DEFAULT '' COMMENT '创建者',
  `create_time` datetime(0) NULL DEFAULT NULL COMMENT '创建时间',
  `update_by` varchar(64) CHARACTER SET utf8mb4 COLLATE utf8mb4_general_ci NULL DEFAULT '' COMMENT '更新者',
  `update_time` datetime(0) NULL DEFAULT NULL COMMENT '更新时间',
  `remark` varchar(500) CHARACTER SET utf8mb4 COLLATE utf8mb4_general_ci NULL DEFAULT NULL COMMENT '备注',
  PRIMARY KEY (`user_id`) USING BTREE
) ENGINE = InnoDB AUTO_INCREMENT = 104 CHARACTER SET = utf8mb4 COLLATE = utf8mb4_general_ci COMMENT = '用户信息表' ROW_FORMAT = Dynamic;

-- ----------------------------
-- Records of sys_user
-- ----------------------------
INSERT INTO `sys_user` VALUES (1, 100, 'admin', '超级管理员', '00', 'lusifer@163.com', '15888888888', '0', '', 'ee059ba92f2fb7251cdf959c867fe450', '8a78e9', '0', '0', '127.0.0.1', '2021-08-04 12:15:39', '2021-07-29 17:34:12', 'admin', '2021-07-28 20:55:32', '', '2021-08-04 12:15:39', '管理员');
INSERT INTO `sys_user` VALUES (2, 105, 'test', 'test', '00', '1260842695@qq.com', '15666666666', '0', '', 'acfe85f55a36bde09719b7b567f7739a', 'ad7122', '0', '0', '192.168.1.220', '2021-07-31 15:55:29', '2021-07-28 20:55:32', 'admin', '2021-07-28 20:55:32', 'lijiyang', '2021-07-31 15:55:27', '测试员');
INSERT INTO `sys_user` VALUES (100, 100, 'lele', 'lele', '01', '1260842695@qq.com', '15666666666', '0', '', '0ac3477d296331b9c2e50e76797d10cb', 'c28028', '0', '0', '127.0.0.1', '2021-07-31 17:58:38', '2021-07-29 17:53:15', '', '2021-07-29 17:53:14', 'admin', '2021-07-31 17:58:37', '');
INSERT INTO `sys_user` VALUES (101, 101, 'lijiyang', '李继阳', '00', '1260842695@qq.com', '15666666666', '0', '', 'ba89af88be650cb00a38b0db4c5a528c', '21ba6e', '0', '0', '127.0.0.1', '2021-08-03 22:36:48', '2021-07-31 15:51:18', 'admin', '2021-07-31 15:49:25', 'lijiyang', '2021-08-03 22:36:48', '');
INSERT INTO `sys_user` VALUES (102, 103, 'jingli', '经理', '00', '1260842695@qq.com', '15666666666', '0', '', '56b207688054e5608f9266f64a981556', '7ba6c7', '0', '0', '127.0.0.1', '2021-07-31 18:11:02', '2021-07-31 18:06:01', 'admin', '2021-07-31 16:02:06', 'lijiyang', '2021-07-31 18:11:01', '');
INSERT INTO `sys_user` VALUES (103, 103, '商拓1员工', '商拓1员工', '00', 'admin@admin.com', '17633850698', '0', '', '0dcddc7f2ea3dcec49914b19c3b50d5d', '07e4a3', '0', '0', '', NULL, NULL, 'admin', '2021-07-31 18:07:15', '', NULL, NULL);

-- ----------------------------
-- Table structure for sys_user_online
-- ----------------------------
DROP TABLE IF EXISTS `sys_user_online`;
CREATE TABLE `sys_user_online`  (
  `sessionId` varchar(50) CHARACTER SET utf8mb4 COLLATE utf8mb4_general_ci NOT NULL DEFAULT '' COMMENT '用户会话id',
  `login_name` varchar(50) CHARACTER SET utf8mb4 COLLATE utf8mb4_general_ci NULL DEFAULT '' COMMENT '登录账号',
  `dept_name` varchar(50) CHARACTER SET utf8mb4 COLLATE utf8mb4_general_ci NULL DEFAULT '' COMMENT '部门名称',
  `ipaddr` varchar(128) CHARACTER SET utf8mb4 COLLATE utf8mb4_general_ci NULL DEFAULT '' COMMENT '登录IP地址',
  `login_location` varchar(255) CHARACTER SET utf8mb4 COLLATE utf8mb4_general_ci NULL DEFAULT '' COMMENT '登录地点',
  `browser` varchar(50) CHARACTER SET utf8mb4 COLLATE utf8mb4_general_ci NULL DEFAULT '' COMMENT '浏览器类型',
  `os` varchar(50) CHARACTER SET utf8mb4 COLLATE utf8mb4_general_ci NULL DEFAULT '' COMMENT '操作系统',
  `status` varchar(10) CHARACTER SET utf8mb4 COLLATE utf8mb4_general_ci NULL DEFAULT '' COMMENT '在线状态on_line在线off_line离线',
  `start_timestamp` datetime(0) NULL DEFAULT NULL COMMENT 'session创建时间',
  `last_access_time` datetime(0) NULL DEFAULT NULL COMMENT 'session最后访问时间',
  `expire_time` int(5) NULL DEFAULT 0 COMMENT '超时时间，单位为分钟',
  PRIMARY KEY (`sessionId`) USING BTREE
) ENGINE = InnoDB CHARACTER SET = utf8mb4 COLLATE = utf8mb4_general_ci COMMENT = '在线用户记录' ROW_FORMAT = Dynamic;

-- ----------------------------
-- Records of sys_user_online
-- ----------------------------

-- ----------------------------
-- Table structure for sys_user_post
-- ----------------------------
DROP TABLE IF EXISTS `sys_user_post`;
CREATE TABLE `sys_user_post`  (
  `user_id` bigint(20) NOT NULL COMMENT '用户ID',
  `post_id` bigint(20) NOT NULL COMMENT '岗位ID',
  PRIMARY KEY (`user_id`, `post_id`) USING BTREE
) ENGINE = InnoDB CHARACTER SET = utf8mb4 COLLATE = utf8mb4_general_ci COMMENT = '用户与岗位关联表' ROW_FORMAT = Dynamic;

-- ----------------------------
-- Records of sys_user_post
-- ----------------------------
INSERT INTO `sys_user_post` VALUES (1, 1);
INSERT INTO `sys_user_post` VALUES (101, 1);
INSERT INTO `sys_user_post` VALUES (102, 2);
INSERT INTO `sys_user_post` VALUES (103, 4);

-- ----------------------------
-- Table structure for sys_user_role
-- ----------------------------
DROP TABLE IF EXISTS `sys_user_role`;
CREATE TABLE `sys_user_role`  (
  `user_id` bigint(20) NOT NULL COMMENT '用户ID',
  `role_id` bigint(20) NOT NULL COMMENT '角色ID',
  PRIMARY KEY (`user_id`, `role_id`) USING BTREE
) ENGINE = InnoDB CHARACTER SET = utf8mb4 COLLATE = utf8mb4_general_ci COMMENT = '用户和角色关联表' ROW_FORMAT = Dynamic;

-- ----------------------------
-- Records of sys_user_role
-- ----------------------------
INSERT INTO `sys_user_role` VALUES (1, 1);
INSERT INTO `sys_user_role` VALUES (101, 2);
INSERT INTO `sys_user_role` VALUES (102, 3);
INSERT INTO `sys_user_role` VALUES (103, 4);

-- ----------------------------
-- Table structure for t_customer
-- ----------------------------
DROP TABLE IF EXISTS `t_customer`;
CREATE TABLE `t_customer`  (
  `customer_id` bigint(20) NOT NULL AUTO_INCREMENT COMMENT '客户ID',
  `user_id` bigint(20) NULL DEFAULT NULL COMMENT '商拓用户ID',
  `visit_time` datetime(0) NOT NULL COMMENT '拜访时间',
  `visit_photo` varchar(255) CHARACTER SET utf8mb4 COLLATE utf8mb4_general_ci NULL DEFAULT NULL COMMENT '门头照片',
  `customer_name` varchar(30) CHARACTER SET utf8mb4 COLLATE utf8mb4_general_ci NOT NULL COMMENT '客户名称',
  `stores_type` char(20) CHARACTER SET utf8mb4 COLLATE utf8mb4_general_ci NULL DEFAULT NULL COMMENT '门店类型(0综合店 1连锁店 )',
  `stores_size` char(20) CHARACTER SET utf8mb4 COLLATE utf8mb4_general_ci NULL DEFAULT NULL COMMENT '门店大小(单位平方)',
  `employees_nums` char(20) CHARACTER SET utf8mb4 COLLATE utf8mb4_general_ci NULL DEFAULT NULL COMMENT '门店员工数量(0:1-10, 1:11-20, 2:21-30,4:31-50, 5:51-100, 6:100以上)',
  `location` varchar(30) CHARACTER SET utf8mb4 COLLATE utf8mb4_general_ci NULL DEFAULT NULL COMMENT '地区',
  `address_desc` varchar(100) CHARACTER SET utf8mb4 COLLATE utf8mb4_general_ci NULL DEFAULT NULL COMMENT '详细地址 ',
  `is_signed` char(20) CHARACTER SET utf8mb4 COLLATE utf8mb4_general_ci NULL DEFAULT NULL COMMENT '是否签署邀约函 (0:未签约, 1:已签约)',
  `founder` varchar(30) CHARACTER SET utf8mb4 COLLATE utf8mb4_general_ci NULL DEFAULT NULL COMMENT '数据创建人',
  `follower` varchar(30) CHARACTER SET utf8mb4 COLLATE utf8mb4_general_ci NULL DEFAULT NULL COMMENT '现阶段跟进人',
  `key_person` varchar(20) CHARACTER SET utf8mb4 COLLATE utf8mb4_general_ci NULL DEFAULT NULL COMMENT '法人店长',
  `key_person_tel` int(40) NULL DEFAULT NULL COMMENT '法人店长的联系方式',
  `customer_satisfaction` char(20) CHARACTER SET utf8mb4 COLLATE utf8mb4_general_ci NULL DEFAULT NULL COMMENT '客户满意度1-5个等级',
  `customer_level` char(20) CHARACTER SET utf8mb4 COLLATE utf8mb4_general_ci NULL DEFAULT NULL COMMENT '客户级别(\r\n0:普通客户\r\n1:战略合作伙伴\r\n2:大客户\r\n3:重点开发客户)',
  `credit` char(20) CHARACTER SET utf8mb4 COLLATE utf8mb4_general_ci NULL DEFAULT NULL COMMENT '信用度',
  `progress` varchar(30) CHARACTER SET utf8mb4 COLLATE utf8mb4_general_ci NULL DEFAULT NULL COMMENT '进度',
  `reporter` varchar(2000) CHARACTER SET utf8mb4 COLLATE utf8mb4_general_ci NULL DEFAULT NULL COMMENT '小记',
  `customer_source` char(255) CHARACTER SET utf8mb4 COLLATE utf8mb4_general_ci NULL DEFAULT NULL COMMENT '机会来源(同事介绍\\官网\\广告)',
  `del_flag` char(10) CHARACTER SET utf8mb4 COLLATE utf8mb4_general_ci NULL DEFAULT '0' COMMENT '删除标志（0代表存在 2代表删除）',
  `create_by` varchar(64) CHARACTER SET utf8mb4 COLLATE utf8mb4_general_ci NULL DEFAULT '' COMMENT '创建者',
  `create_time` datetime(0) NULL DEFAULT NULL COMMENT '创建时间',
  `update_by` varchar(64) CHARACTER SET utf8mb4 COLLATE utf8mb4_general_ci NULL DEFAULT '' COMMENT '更新者',
  `update_time` datetime(0) NULL DEFAULT NULL COMMENT '更新时间',
  `remark` varchar(500) CHARACTER SET utf8mb4 COLLATE utf8mb4_general_ci NULL DEFAULT NULL COMMENT '备注',
  PRIMARY KEY (`customer_id`) USING BTREE
) ENGINE = InnoDB AUTO_INCREMENT = 9 CHARACTER SET = utf8mb4 COLLATE = utf8mb4_general_ci COMMENT = '客户表' ROW_FORMAT = Dynamic;

-- ----------------------------
-- Records of t_customer
-- ----------------------------
INSERT INTO `t_customer` VALUES (2, NULL, '2021-08-03 13:55:00', 'http://127.0.0.1:8081/profile/upload/2021/08/02/42c8385f-8a7c-4a88-9743-b93e8884e23e.jpg', '手动阀', '0', '', '0', '', '', '0', '', '', '', NULL, '', '0', '', '', '', '', '0', '', '2021-08-02 17:14:48', '', '2021-08-03 23:10:27', '');
INSERT INTO `t_customer` VALUES (3, NULL, '2021-08-17 00:00:00', 'http://127.0.0.1:8081/profile/upload/2021/08/03/c314e4ba-34a6-4308-b458-885c21633798.png', '不知火舞', '0', '', '0', '', '', '0', '', '', '', NULL, '', '0', '', '', '', '', '0', '', '2021-08-03 15:03:05', '', '2021-08-03 23:09:58', '');
INSERT INTO `t_customer` VALUES (4, 123144, '2021-08-03 00:00:00', 'http://127.0.0.1:8081/profile/upload/2021/08/03/c314e4ba-34a6-4308-b458-885c21633798.png', '发的', '0', '', '0', '', '', '0', '', '', '', NULL, '', '0', '', '', '', '', '0', '', '2021-08-03 15:05:38', '', NULL, '');
INSERT INTO `t_customer` VALUES (5, 46546, '2021-08-04 00:00:00', 'http://127.0.0.1:8081/profile/upload/2021/08/03/a740db72-e8aa-4dca-971c-74ff6737e99a.png', '24245更符合', '0', '', '0', '', '', '0', '', '', '', NULL, '', '0', '', '', '', '', '0', '', '2021-08-03 15:38:38', '', NULL, '');
INSERT INTO `t_customer` VALUES (6, 1233, '2021-08-04 04:50:00', 'http://127.0.0.1:8081/profile/upload/2021/08/03/c314e4ba-34a6-4308-b458-885c21633798.png', '大沙发大法师打发', '0', '', '0', '', '', '0', '', '', '', NULL, '', '0', '', '', '', '', '0', '', '2021-08-03 16:17:27', '', NULL, '');
INSERT INTO `t_customer` VALUES (7, 2018030802391234, '2021-08-03 22:19:44', NULL, '发送的', '0', '', '0', '', '', '0', '', '', '', NULL, '', '0', '', '', '', '', '2', '', '2021-08-03 17:47:08', '', '2021-08-03 22:23:38', '');
INSERT INTO `t_customer` VALUES (8, 12323412, '2021-09-01 10:30:32', NULL, '1341234', '0', '34', '0', '北京', '杭州市江干区第二大街月雅苑', '1', '乐乐乐', '菲菲', '重本冲', 123, '3', '1', '123', '30%', '3', '', '2', '', '2021-08-03 22:04:01', '', NULL, '');

-- ----------------------------
-- Table structure for t_customer_contact
-- ----------------------------
DROP TABLE IF EXISTS `t_customer_contact`;
CREATE TABLE `t_customer_contact`  (
  `contact_id` bigint(20) NOT NULL COMMENT '拜访记录ID',
  `user_id` bigint(20) NOT NULL COMMENT '销售ID',
  `plan` varchar(30) CHARACTER SET utf8mb4 COLLATE utf8mb4_general_ci NULL DEFAULT NULL COMMENT '计划项',
  `plan_time` datetime(0) NULL DEFAULT NULL COMMENT '计划时间',
  `result` varchar(255) CHARACTER SET utf8mb4 COLLATE utf8mb4_general_ci NULL DEFAULT NULL COMMENT '执行效果',
  `solution` varchar(255) CHARACTER SET utf8mb4 COLLATE utf8mb4_general_ci NULL DEFAULT NULL COMMENT '我的解决方案',
  `evaluation` varchar(255) CHARACTER SET utf8mb4 COLLATE utf8mb4_general_ci NULL DEFAULT NULL COMMENT '点评(经理的评价)',
  `evaluation_by` varchar(64) CHARACTER SET utf8mb4 COLLATE utf8mb4_general_ci NULL DEFAULT NULL COMMENT '点评人的姓名',
  `evaluation_time` datetime(0) NULL DEFAULT NULL COMMENT '点评时间',
  `del_flag` char(1) CHARACTER SET utf8mb4 COLLATE utf8mb4_general_ci NULL DEFAULT '0' COMMENT '删除标志（0代表存在 2代表删除）',
  `create_by` varchar(64) CHARACTER SET utf8mb4 COLLATE utf8mb4_general_ci NULL DEFAULT '' COMMENT '创建者',
  `create_time` datetime(0) NULL DEFAULT NULL COMMENT '创建时间',
  `update_by` varchar(64) CHARACTER SET utf8mb4 COLLATE utf8mb4_general_ci NULL DEFAULT '' COMMENT '更新者',
  `update_time` datetime(0) NULL DEFAULT NULL COMMENT '更新时间',
  `remark` varchar(500) CHARACTER SET utf8mb4 COLLATE utf8mb4_general_ci NULL DEFAULT NULL COMMENT '备注'
) ENGINE = InnoDB CHARACTER SET = utf8mb4 COLLATE = utf8mb4_general_ci COMMENT = '客户表的拜访记录表' ROW_FORMAT = Dynamic;

-- ----------------------------
-- Records of t_customer_contact
-- ----------------------------
INSERT INTO `t_customer_contact` VALUES (3, 2, '2', NULL, '2', '2', '2', '', NULL, NULL, '', NULL, '', NULL, '');
INSERT INTO `t_customer_contact` VALUES (2, 11, '11', NULL, '', '', '', '', NULL, NULL, '', NULL, '', NULL, '');
INSERT INTO `t_customer_contact` VALUES (2, 22, '22', NULL, '', '', '', '', NULL, NULL, '', NULL, '', NULL, '');
INSERT INTO `t_customer_contact` VALUES (2, 33, '33', NULL, '', '', '', '', NULL, NULL, '', NULL, '', NULL, '');

SET FOREIGN_KEY_CHECKS = 1;
